Group,Code,Name,Year,Antigen,Antigen_description,Coverage_category,Coverage_category_description,Target_number,Doses,Coverage
COUNTRIES,AFG,Afghanistan,2010,BCG,BCG vaccine,ADMIN,Administrative coverage,1742743,1064902,61.1
COUNTRIES,AFG,Afghanistan,2010,DTPCV1,"DTP-containing vaccine, 1st dose",WUENIC,WHO/UNICEF Estimates of National Immunization Coverage,1186074,682600,57.6
COUNTRIES,AFG,Afghanistan,2010,DTPCV3,"DTP-containing vaccine, 3rd dose",ADMIN,Administrative coverage,1289911,842995,65.4
COUNTRIES,AFG,Afghanistan,2010,MCV1,"Measles-containing vaccine, 1st dose",OFFICIAL,Official coverage,1446025,951464,65.8
COUNTRIES,AFG,Afghanistan,2010,MCV2,"Measles-containing vaccine, 2nd dose",ADMIN,Administrative coverage,1357371,613230,45.2
COUNTRIES,AFG,Afghanistan,2010,POL3,"Polio, 3rd dose",WUENIC,WHO/UNICEF Estimates of National Immunization Coverage,4899115,3261715,66.6
COUNTRIES,AFG,Afghanistan,2010,HEPB3,"Hepatitis B, 3rd dose",ADMIN,Administrative coverage,1550942,1034868,66.7
COUNTRIES,AFG,Afghanistan,2010,HIB3,"Hib, 3rd dose",WUENIC,WHO/UNICEF Estimates of National Immunization Coverage,2466182,1311855,53.2
COUNTRIES,AFG,Afghanistan,2010,PCV3,"Pneumococcal conjugate vaccine, final dose",ADMIN,Administrative coverage,2478388,887065,35.8
COUNTRIES,AFG,Afghanistan,2010,ROTAC,"Rotavirus, last dose",WUENIC,WHO/UNICEF Estimates of National Immunization Coverage,3466664,1664192,48.0
COUNTRIES,AFG,Afghanistan,2011,BCG,BCG vaccine,OFFICIAL,Official coverage,2845513,1897811,66.7
COUNTRIES,AFG,Afghanistan,2011,DTPCV1,"DTP-containing vaccine, 1st dose",OFFICIAL,Official coverage,3053758,1654112,54.2
COUNTRIES,AFG,Afghanistan,2011,DTPCV3,"DTP-containing vaccine, 3rd dose",WUENIC,WHO/UNICEF Estimates of National Immunization Coverage,2719995,1828674,67.2
COUNTRIES,AFG,Afghanistan,2011,MCV1,"Measles-containing vaccine, 1st dose",ADMIN,Administrative coverage,4205299,3004929,71.5
COUNTRIES,AFG,Afghanistan,2011,MCV2,"Measles-containing vaccine, 2nd dose",ADMIN,Administrative coverage,2355413,1156130,49.1
COUNTRIES,AFG,Afghanistan,2011,POL3,"Polio, 3rd dose",WUENIC,WHO/UNICEF Estimates of National Immunization Coverage,2145505,1294869,60.4
COUNTRIES,AFG,Afghanistan,2011,HEPB3,"Hepatitis B, 3rd dose",WUENIC,WHO/UNICEF Estimates of National Immunization Coverage,246769,153211,62.1
COUNTRIES,AFG,Afghanistan,2011,HIB3,"Hib, 3rd dose",ADMIN,Administrative coverage,1634398,900994,55.1
COUNTRIES,AFG,Afghanistan,2011,PCV3,"Pneumococcal conjugate vaccine, final dose",WUENIC,WHO/UNICEF Estimates of National Immunization Coverage,2929190,1494347,51.0
COUNTRIES,AFG,Afghanistan,2011,ROTAC,"Rotavirus, last dose",WUENIC,WHO/UNICEF Estimates of National Immunization Coverage,2754238,1286339,46.7
COUNTRIES,AFG,Afghanistan,2012,BCG,BCG vaccine,ADMIN,Administrative coverage,1817640,1376843,75.7
COUNTRIES,AFG,Afghanistan,2012,DTPCV1,"DTP-containing vaccine, 1st dose",ADMIN,Administrative coverage,1475472,647668,43.9
COUNTRIES,AFG,Afghanistan,2012,DTPCV3,"DTP-containing vaccine, 3rd dose",ADMIN,Administrative coverage,3315879,2005956,60.5
COUNTRIES,AFG,Afghanistan,2012,MCV1,"Measles-containing vaccine, 1st dose",WUENIC,WHO/UNICEF Estimates of National Immunization Coverage,1787095,1190829,66.6
COUNTRIES,AFG,Afghanistan,2012,MCV2,"Measles-containing vaccine, 2nd dose",ADMIN,Administrative coverage,2159818,1000917,46.3
COUNTRIES,AFG,Afghanistan,2012,POL3,"Polio, 3rd dose",OFFICIAL,Official coverage,1893400,1287742,68.0
COUNTRIES,AFG,Afghanistan,2012,HEPB3,"Hepatitis B, 3rd dose",OFFICIAL,Official coverage,3571441,2001221,56.0
COUNTRIES,AFG,Afghanistan,2012,HIB3,"Hib, 3rd dose",OFFICIAL,Official coverage,4733874,2454166,51.8
COUNTRIES,AFG,Afghanistan,2012,PCV3,"Pneumococcal conjugate vaccine, final dose",WUENIC,WHO/UNICEF Estimates of National Immunization Coverage,2171690,687222,31.6
COUNTRIES,AFG,Afghanistan,2012,ROTAC,"Rotavirus, last dose",WUENIC,WHO/UNICEF Estimates of National Immunization Coverage,4428368,2504501,56.6
COUNTRIES,AFG,Afghanistan,2013,BCG,BCG vaccine,OFFICIAL,Official coverage,947421,937946,99.0
COUNTRIES,AFG,Afghanistan,2013,DTPCV1,"DTP-containing vaccine, 1st dose",OFFICIAL,Official coverage,172409,89888,52.1
COUNTRIES,AFG,Afghanistan,2013,DTPCV3,"DTP-containing vaccine, 3rd dose",ADMIN,Administrative coverage,2400770,1805292,75.2
COUNTRIES,AFG,Afghanistan,2013,MCV1,"Measles-containing vaccine, 1st dose",OFFICIAL,Official coverage,3306415,2384187,72.1
COUNTRIES,AFG,Afghanistan,2013,MCV2,"Measles-containing vaccine, 2nd dose",WUENIC,WHO/UNICEF Estimates of National Immunization Coverage,2882868,1303767,45.2
COUNTRIES,AFG,Afghanistan,2013,POL3,"Polio, 3rd dose",WUENIC,WHO/UNICEF Estimates of National Immunization Coverage,1263475,790171,62.5
COUNTRIES,AFG,Afghanistan,2013,HEPB3,"Hepatitis B, 3rd dose",OFFICIAL,Official coverage,3009034,1960080,65.1
COUNTRIES,AFG,Afghanistan,2013,HIB3,"Hib, 3rd dose",OFFICIAL,Official coverage,3107213,1938508,62.4
COUNTRIES,AFG,Afghanistan,2013,PCV3,"Pneumococcal conjugate vaccine, final dose",OFFICIAL,Official coverage,1625557,611869,37.6
COUNTRIES,AFG,Afghanistan,2013,ROTAC,"Rotavirus, last dose",OFFICIAL,Official coverage,2059021,981519,47.7
COUNTRIES,AFG,Afghanistan,2014,BCG,BCG vaccine,WUENIC,WHO/UNICEF Estimates of National Immunization Coverage,3483977,2556507,73.4
COUNTRIES,AFG,Afghanistan,2014,DTPCV1,"DTP-containing vaccine, 1st dose",ADMIN,Administrative coverage,2832592,1532636,54.1
COUNTRIES,AFG,Afghanistan,2014,DTPCV3,"DTP-containing vaccine, 3rd dose",ADMIN,Administrative coverage,2285000,1790730,78.4
COUNTRIES,AFG,Afghanistan,2014,MCV1,"Measles-containing vaccine, 1st dose",OFFICIAL,Official coverage,4266263,3331458,78.1
COUNTRIES,AFG,Afghanistan,2014,MCV2,"Measles-containing vaccine, 2nd dose",ADMIN,Administrative coverage,2004109,958682,47.8
COUNTRIES,AFG,Afghanistan,2014,POL3,"Polio, 3rd dose",ADMIN,Administrative coverage,1434250,1056854,73.7
COUNTRIES,AFG,Afghanistan,2014,HEPB3,"Hepatitis B, 3rd dose",ADMIN,Administrative coverage,1546176,941252,60.9
COUNTRIES,AFG,Afghanistan,2014,HIB3,"Hib, 3rd dose",OFFICIAL,Official coverage,4309622,2619430,60.8
COUNTRIES,AFG,Afghanistan,2014,PCV3,"Pneumococcal conjugate vaccine, final dose",ADMIN,Administrative coverage,466880,221608,47.5
COUNTRIES,AFG,Afghanistan,2014,ROTAC,"Rotavirus, last dose",ADMIN,Administrative coverage,4422093,2225492,50.3
COUNTRIES,AFG,Afghanistan,2015,BCG,BCG vaccine,ADMIN,Administrative coverage,2272809,1969220,86.6
COUNTRIES,AFG,Afghanistan,2015,DTPCV1,"DTP-containing vaccine, 1st dose",ADMIN,Administrative coverage,1791093,1227175,68.5
COUNTRIES,AFG,Afghanistan,2015,DTPCV3,"DTP-containing vaccine, 3rd dose",ADMIN,Administrative coverage,4350385,3575792,82.2
COUNTRIES,AFG,Afghanistan,2015,MCV1,"Measles-containing vaccine, 1st dose",ADMIN,Administrative coverage,1454104,1381742,95.0
COUNTRIES,AFG,Afghanistan,2015,MCV2,"Measles-containing vaccine, 2nd dose",ADMIN,Administrative coverage,4223125,2483931,58.8
COUNTRIES,AFG,Afghanistan,2015,POL3,"Polio, 3rd dose",WUENIC,WHO/UNICEF Estimates of National Immunization Coverage,4185314,3388091,81.0
COUNTRIES,AFG,Afghanistan,2015,HEPB3,"Hepatitis B, 3rd dose",ADMIN,Administrative coverage,3946830,2671715,67.7
COUNTRIES,AFG,Afghanistan,2015,HIB3,"Hib, 3rd dose",ADMIN,Administrative coverage,4721399,2488980,52.7
COUNTRIES,AFG,Afghanistan,2015,PCV3,"Pneumococcal conjugate vaccine, final dose",ADMIN,Administrative coverage,3495376,2162018,61.9
COUNTRIES,AFG,Afghanistan,2015,ROTAC,"Rotavirus, last dose",WUENIC,WHO/UNICEF Estimates of National Immunization Coverage,1906926,1134364,59.5
COUNTRIES,AFG,Afghanistan,2016,BCG,BCG vaccine,WUENIC,WHO/UNICEF Estimates of National Immunization Coverage,604594,447369,74.0
COUNTRIES,AFG,Afghanistan,2016,DTPCV1,"DTP-containing vaccine, 1st dose",OFFICIAL,Official coverage,4391747,2627156,59.8
COUNTRIES,AFG,Afghanistan,2016,DTPCV3,"DTP-containing vaccine, 3rd dose",ADMIN,Administrative coverage,736976,597533,81.1
COUNTRIES,AFG,Afghanistan,2016,MCV1,"Measles-containing vaccine, 1st dose",WUENIC,WHO/UNICEF Estimates of National Immunization Coverage,4942306,4213542,85.3
COUNTRIES,AFG,Afghanistan,2016,MCV2,"Measles-containing vaccine, 2nd dose",WUENIC,WHO/UNICEF Estimates of National Immunization Coverage,2738130,1416053,51.7
COUNTRIES,AFG,Afghanistan,2016,POL3,"Polio, 3rd dose",WUENIC,WHO/UNICEF Estimates of National Immunization Coverage,718234,628615,87.5
COUNTRIES,AFG,Afghanistan,2016,HEPB3,"Hepatitis B, 3rd dose",ADMIN,Administrative coverage,841971,554103,65.8
COUNTRIES,AFG,Afghanistan,2016,HIB3,"Hib, 3rd dose",OFFICIAL,Official coverage,2971944,2103518,70.8
COUNTRIES,AFG,Afghanistan,2016,PCV3,"Pneumococcal conjugate vaccine, final dose",OFFICIAL,Official coverage,3133153,1735724,55.4
COUNTRIES,AFG,Afghanistan,2016,ROTAC,"Rotavirus, last dose",ADMIN,Administrative coverage,1410828,624505,44.3
COUNTRIES,AFG,Afghanistan,2017,BCG,BCG vaccine,WUENIC,WHO/UNICEF Estimates of National Immunization Coverage,2185619,1628079,74.5
COUNTRIES,AFG,Afghanistan,2017,DTPCV1,"DTP-containing vaccine, 1st dose",WUENIC,WHO/UNICEF Estimates of National Immunization Coverage,178391,100713,56.5
COUNTRIES,AFG,Afghanistan,2017,DTPCV3,"DTP-containing vaccine, 3rd dose",ADMIN,Administrative coverage,4351754,3026254,69.5
COUNTRIES,AFG,Afghanistan,2017,MCV1,"Measles-containing vaccine, 1st dose",WUENIC,WHO/UNICEF Estimates of National Immunization Coverage,1571701,1168178,74.3
COUNTRIES,AFG,Afghanistan,2017,MCV2,"Measles-containing vaccine, 2nd dose",WUENIC,WHO/UNICEF Estimates of National Immunization Coverage,1828226,1055133,57.7
COUNTRIES,AFG,Afghanistan,2017,POL3,"Polio, 3rd dose",OFFICIAL,Official coverage,2987629,2602746,87.1
COUNTRIES,AFG,Afghanistan,2017,HEPB3,"Hepatitis B, 3rd dose",WUENIC,WHO/UNICEF Estimates of National Immunization Coverage,4153022,2252962,54.2
COUNTRIES,AFG,Afghanistan,2017,HIB3,"Hib, 3rd dose",WUENIC,WHO/UNICEF Estimates of National Immunization Coverage,3822962,2493479,65.2
COUNTRIES,AFG,Afghanistan,2017,PCV3,"Pneumococcal conjugate vaccine, final dose",WUENIC,WHO/UNICEF Estimates of National Immunization Coverage,2777423,1513888,54.5
COUNTRIES,AFG,Afghanistan,2017,ROTAC,"Rotavirus, last dose",WUENIC,WHO/UNICEF Estimates of National Immunization Coverage,3182514,1954786,61.4
COUNTRIES,AFG,Afghanistan,2018,BCG,BCG vaccine,WUENIC,WHO/UNICEF Estimates of National Immunization Coverage,4892611,3680498,75.2
COUNTRIES,AFG,Afghanistan,2018,DTPCV1,"DTP-containing vaccine, 1st dose",OFFICIAL,Official coverage,2265167,1243151,54.9
COUNTRIES,AFG,Afghanistan,2018,DTPCV3,"DTP-containing vaccine, 3rd dose",WUENIC,WHO/UNICEF Estimates of National Immunization Coverage,739944,671651,90.8
COUNTRIES,AFG,Afghanistan,2018,MCV1,"Measles-containing vaccine, 1st dose",ADMIN,Administrative coverage,495101,392697,79.3
COUNTRIES,AFG,Afghanistan,2018,MCV2,"Measles-containing vaccine, 2nd dose",WUENIC,WHO/UNICEF Estimates of National Immunization Coverage,1155534,756405,65.5
COUNTRIES,AFG,Afghanistan,2018,POL3,"Polio, 3rd dose",OFFICIAL,Official coverage,548863,452322,82.4
COUNTRIES,AFG,Afghanistan,2018,HEPB3,"Hepatitis B, 3rd dose",OFFICIAL,Official coverage,3345990,1826526,54.6
COUNTRIES,AFG,Afghanistan,2018,HIB3,"Hib, 3rd dose",WUENIC,WHO/UNICEF Estimates of National Immunization Coverage,4092787,2575020,62.9
COUNTRIES,AFG,Afghanistan,2018,PCV3,"Pneumococcal conjugate vaccine, final dose",WUENIC,WHO/UNICEF Estimates of National Immunization Coverage,2749015,1776743,64.6
COUNTRIES,AFG,Afghanistan,2018,ROTAC,"Rotavirus, last dose",ADMIN,Administrative coverage,498982,310422,62.2
COUNTRIES,AFG,Afghanistan,2019,BCG,BCG vaccine,ADMIN,Administrative coverage,3227825,2737847,84.8
COUNTRIES,AFG,Afghanistan,2019,DTPCV1,"DTP-containing vaccine, 1st dose",ADMIN,Administrative coverage,3289576,2028108,61.7
COUNTRIES,AFG,Afghanistan,2019,DTPCV3,"DTP-containing vaccine, 3rd dose",ADMIN,Administrative coverage,4529125,3631622,80.2
COUNTRIES,AFG,Afghanistan,2019,MCV1,"Measles-containing vaccine, 1st dose",ADMIN,Administrative coverage,1488533,1252475,84.1
COUNTRIES,AFG,Afghanistan,2019,MCV2,"Measles-containing vaccine, 2nd dose",ADMIN,Administrative coverage,511243,338602,66.2
COUNTRIES,AFG,Afghanistan,2019,POL3,"Polio, 3rd dose",OFFICIAL,Official coverage,1802683,1431554,79.4
COUNTRIES,AFG,Afghanistan,2019,HEPB3,"Hepatitis B, 3rd dose",OFFICIAL,Official coverage,1021525,703468,68.9
COUNTRIES,AFG,Afghanistan,2019,HIB3,"Hib, 3rd dose",ADMIN,Administrative coverage,3104390,1964681,63.3
COUNTRIES,AFG,Afghanistan,2019,PCV3,"Pneumococcal conjugate vaccine, final dose",WUENIC,WHO/UNICEF Estimates of National Immunization Coverage,3429569,1450668,42.3
COUNTRIES,AFG,Afghanistan,2019,ROTAC,"Rotavirus, last dose",ADMIN,Administrative coverage,1473286,883848,60.0
COUNTRIES,AFG,Afghanistan,2020,BCG,BCG vaccine,ADMIN,Administrative coverage,3227945,2544442,78.8
COUNTRIES,AFG,Afghanistan,2020,DTPCV1,"DTP-containing vaccine, 1st dose",OFFICIAL,Official coverage,853328,710740,83.3
COUNTRIES,AFG,Afghanistan,2020,DTPCV3,"DTP-containing vaccine, 3rd dose",OFFICIAL,Official coverage,1761741,1523392,86.5
COUNTRIES,AFG,Afghanistan,2020,MCV1,"Measles-containing vaccine, 1st dose",OFFICIAL,Official coverage,3749391,3360323,89.6
COUNTRIES,AFG,Afghanistan,2020,MCV2,"Measles-containing vaccine, 2nd dose",ADMIN,Administrative coverage,1736293,877373,50.5
COUNTRIES,AFG,Afghanistan,2020,POL3,"Polio, 3rd dose",ADMIN,Administrative coverage,405612,352200,86.8
COUNTRIES,AFG,Afghanistan,2020,HEPB3,"Hepatitis B, 3rd dose",WUENIC,WHO/UNICEF Estimates of National Immunization Coverage,4691860,3178958,67.8
COUNTRIES,AFG,Afghanistan,2020,HIB3,"Hib, 3rd dose",WUENIC,WHO/UNICEF Estimates of National Immunization Coverage,814121,530547,65.2
COUNTRIES,AFG,Afghanistan,2020,PCV3,"Pneumococcal conjugate vaccine, final dose",OFFICIAL,Official coverage,1219748,605488,49.6
COUNTRIES,AFG,Afghanistan,2020,ROTAC,"Rotavirus, last dose",ADMIN,Administrative coverage,338790,200424,59.2
COUNTRIES,AFG,Afghanistan,2021,BCG,BCG vaccine,ADMIN,Administrative coverage,1458836,1224033,83.9
COUNTRIES,AFG,Afghanistan,2021,DTPCV1,"DTP-containing vaccine, 1st dose",WUENIC,WHO/UNICEF Estimates of National Immunization Coverage,4516271,3418675,75.7
COUNTRIES,AFG,Afghanistan,2021,DTPCV3,"DTP-containing vaccine, 3rd dose",WUENIC,WHO/UNICEF Estimates of National Immunization Coverage,2156692,2033352,94.3
COUNTRIES,AFG,Afghanistan,2021,MCV1,"Measles-containing vaccine, 1st dose",ADMIN,Administrative coverage,3882065,3837646,98.9
COUNTRIES,AFG,Afghanistan,2021,MCV2,"Measles-containing vaccine, 2nd dose",OFFICIAL,Official coverage,3387690,2248162,66.4
COUNTRIES,AFG,Afghanistan,2021,POL3,"Polio, 3rd dose",OFFICIAL,Official coverage,2873100,2722552,94.8
COUNTRIES,AFG,Afghanistan,2021,HEPB3,"Hepatitis B, 3rd dose",OFFICIAL,Official coverage,301492,242990,80.6
COUNTRIES,AFG,Afghanistan,2021,HIB3,"Hib, 3rd dose",ADMIN,Administrative coverage,2105723,1580874,75.1
COUNTRIES,AFG,Afghanistan,2021,PCV3,"Pneumococcal conjugate vaccine, final dose",ADMIN,Administrative coverage,1364093,785834,57.6
COUNTRIES,AFG,Afghanistan,2021,ROTAC,"Rotavirus, last dose",OFFICIAL,Official coverage,4883177,3084252,63.2
COUNTRIES,AFG,Afghanistan,2022,BCG,BCG vaccine,ADMIN,Administrative coverage,3403597,2834688,83.3
COUNTRIES,AFG,Afghanistan,2022,DTPCV1,"DTP-containing vaccine, 1st dose",OFFICIAL,Official coverage,2972097,2371638,79.8
COUNTRIES,AFG,Afghanistan,2022,DTPCV3,"DTP-containing vaccine, 3rd dose",WUENIC,WHO/UNICEF Estimates of National Immunization Coverage,2278636,1988779,87.3
COUNTRIES,AFG,Afghanistan,2022,MCV1,"Measles-containing vaccine, 1st dose",ADMIN,Administrative coverage,4761075,3997063,84.0
COUNTRIES,AFG,Afghanistan,2022,MCV2,"Measles-containing vaccine, 2nd dose",WUENIC,WHO/UNICEF Estimates of National Immunization Coverage,2690328,2097470,78.0
COUNTRIES,AFG,Afghanistan,2022,POL3,"Polio, 3rd dose",ADMIN,Administrative coverage,3213683,3181546,99.0
COUNTRIES,AFG,Afghanistan,2022,HEPB3,"Hepatitis B, 3rd dose",OFFICIAL,Official coverage,4440886,3612634,81.3
COUNTRIES,AFG,Afghanistan,2022,HIB3,"Hib, 3rd dose",OFFICIAL,Official coverage,1405531,1051784,74.8
COUNTRIES,AFG,Afghanistan,2022,PCV3,"Pneumococcal conjugate vaccine, final dose",ADMIN,Administrative coverage,3791196,2126826,56.1
COUNTRIES,AFG,Afghanistan,2022,ROTAC,"Rotavirus, last dose",OFFICIAL,Official coverage,4879040,3382382,69.3
COUNTRIES,AFG,Afghanistan,2023,BCG,BCG vaccine,ADMIN,Administrative coverage,1276607,984774,77.1
COUNTRIES,AFG,Afghanistan,2023,DTPCV1,"DTP-containing vaccine, 1st dose",ADMIN,Administrative coverage,3275187,2219205,67.8
COUNTRIES,AFG,Afghanistan,2023,DTPCV3,"DTP-containing vaccine, 3rd dose",WUENIC,WHO/UNICEF Estimates of National Immunization Coverage,4710456,4060868,86.2
COUNTRIES,AFG,Afghanistan,2023,MCV1,"Measles-containing vaccine, 1st dose",WUENIC,WHO/UNICEF Estimates of National Immunization Coverage,4296238,4183340,97.4
COUNTRIES,AFG,Afghanistan,2023,MCV2,"Measles-containing vaccine, 2nd dose",ADMIN,Administrative coverage,3649865,2115251,58.0
COUNTRIES,AFG,Afghanistan,2023,POL3,"Polio, 3rd dose",OFFICIAL,Official coverage,2367336,2343662,99.0
COUNTRIES,AFG,Afghanistan,2023,HEPB3,"Hepatitis B, 3rd dose",WUENIC,WHO/UNICEF Estimates of National Immunization Coverage,1859891,1655476,89.0
COUNTRIES,AFG,Afghanistan,2023,HIB3,"Hib, 3rd dose",WUENIC,WHO/UNICEF Estimates of National Immunization Coverage,2326360,1808434,77.7
COUNTRIES,AFG,Afghanistan,2023,PCV3,"Pneumococcal conjugate vaccine, final dose",OFFICIAL,Official coverage,4476219,2907061,64.9
COUNTRIES,AFG,Afghanistan,2023,ROTAC,"Rotavirus, last dose",ADMIN,Administrative coverage,2186233,1420654,65.0
COUNTRIES,AFG,Afghanistan,2024,BCG,BCG vaccine,WUENIC,WHO/UNICEF Estimates of National Immunization Coverage,567313,561639,99.0
COUNTRIES,AFG,Afghanistan,2024,DTPCV1,"DTP-containing vaccine, 1st dose",WUENIC,WHO/UNICEF Estimates of National Immunization Coverage,444540,320873,72.2
COUNTRIES,AFG,Afghanistan,2024,DTPCV3,"DTP-containing vaccine, 3rd dose",WUENIC,WHO/UNICEF Estimates of National Immunization Coverage,4989003,3726954,74.7
COUNTRIES,AFG,Afghanistan,2024,MCV1,"Measles-containing vaccine, 1st dose",OFFICIAL,Official coverage,3735501,3698145,99.0
COUNTRIES,AFG,Afghanistan,2024,MCV2,"Measles-containing vaccine, 2nd dose",ADMIN,Administrative coverage,3937857,2384028,60.5
COUNTRIES,AFG,Afghanistan,2024,POL3,"Polio, 3rd dose",WUENIC,WHO/UNICEF Estimates of National Immunization Coverage,1504908,1363663,90.6
COUNTRIES,AFG,Afghanistan,2024,HEPB3,"Hepatitis B, 3rd dose",WUENIC,WHO/UNICEF Estimates of National Immunization Coverage,355062,284599,80.2
COUNTRIES,AFG,Afghanistan,2024,HIB3,"Hib, 3rd dose",ADMIN,Administrative coverage,4999499,4412653,88.3
COUNTRIES,AFG,Afghanistan,2024,PCV3,"Pneumococcal conjugate vaccine, final dose",ADMIN,Administrative coverage,4458224,3022352,67.8
COUNTRIES,AFG,Afghanistan,2024,ROTAC,"Rotavirus, last dose",OFFICIAL,Official coverage,4859954,3212465,66.1
COUNTRIES,IND,India,2010,BCG,BCG vaccine,OFFICIAL,Official coverage,908158,741140,81.6
COUNTRIES,IND,India,2010,DTPCV1,"DTP-containing vaccine, 1st dose",OFFICIAL,Official coverage,2648260,1659774,62.7
COUNTRIES,IND,India,2010,DTPCV3,"DTP-containing vaccine, 3rd dose",WUENIC,WHO/UNICEF Estimates of National Immunization Coverage,3345887,2440331,72.9
COUNTRIES,IND,India,2010,MCV1,"Measles-containing vaccine, 1st dose",ADMIN,Administrative coverage,2535195,1817125,71.7
COUNTRIES,IND,India,2010,MCV2,"Measles-containing vaccine, 2nd dose",ADMIN,Administrative coverage,210775,102651,48.7
COUNTRIES,IND,India,2010,POL3,"Polio, 3rd dose",OFFICIAL,Official coverage,3825803,2359495,61.7
COUNTRIES,IND,India,2010,HEPB3,"Hepatitis B, 3rd dose",ADMIN,Administrative coverage,4216500,2434356,57.7
COUNTRIES,IND,India,2010,HIB3,"Hib, 3rd dose",ADMIN,Administrative coverage,4935211,3455109,70.0
COUNTRIES,IND,India,2010,PCV3,"Pneumococcal conjugate vaccine, final dose",WUENIC,WHO/UNICEF Estimates of National Immunization Coverage,1650396,568365,34.4
COUNTRIES,IND,India,2010,ROTAC,"Rotavirus, last dose",OFFICIAL,Official coverage,3612737,2155057,59.7
COUNTRIES,IND,India,2011,BCG,BCG vaccine,WUENIC,WHO/UNICEF Estimates of National Immunization Coverage,3364692,2385940,70.9
COUNTRIES,IND,India,2011,DTPCV1,"DTP-containing vaccine, 1st dose",WUENIC,WHO/UNICEF Estimates of National Immunization Coverage,4121647,2235673,54.2
COUNTRIES,IND,India,2011,DTPCV3,"DTP-containing vaccine, 3rd dose",WUENIC,WHO/UNICEF Estimates of National Immunization Coverage,1685156,1121870,66.6
COUNTRIES,IND,India,2011,MCV1,"Measles-containing vaccine, 1st dose",WUENIC,WHO/UNICEF Estimates of National Immunization Coverage,3151360,2615296,83.0
COUNTRIES,IND,India,2011,MCV2,"Measles-containing vaccine, 2nd dose",OFFICIAL,Official coverage,3301298,1592858,48.2
COUNTRIES,IND,India,2011,POL3,"Polio, 3rd dose",WUENIC,WHO/UNICEF Estimates of National Immunization Coverage,2382517,1611176,67.6
COUNTRIES,IND,India,2011,HEPB3,"Hepatitis B, 3rd dose",ADMIN,Administrative coverage,213273,97453,45.7
COUNTRIES,IND,India,2011,HIB3,"Hib, 3rd dose",ADMIN,Administrative coverage,4027266,2070099,51.4
COUNTRIES,IND,India,2011,PCV3,"Pneumococcal conjugate vaccine, final dose",OFFICIAL,Official coverage,893523,466355,52.2
COUNTRIES,IND,India,2011,ROTAC,"Rotavirus, last dose",ADMIN,Administrative coverage,3231915,1212060,37.5
COUNTRIES,IND,India,2012,BCG,BCG vaccine,WUENIC,WHO/UNICEF Estimates of National Immunization Coverage,3058038,2291652,74.9
COUNTRIES,IND,India,2012,DTPCV1,"DTP-containing vaccine, 1st dose",ADMIN,Administrative coverage,2765514,2056966,74.4
COUNTRIES,IND,India,2012,DTPCV3,"DTP-containing vaccine, 3rd dose",OFFICIAL,Official coverage,4884357,3727238,76.3
COUNTRIES,IND,India,2012,MCV1,"Measles-containing vaccine, 1st dose",WUENIC,WHO/UNICEF Estimates of National Immunization Coverage,2686694,2249749,83.7
COUNTRIES,IND,India,2012,MCV2,"Measles-containing vaccine, 2nd dose",ADMIN,Administrative coverage,3011293,1212967,40.3
COUNTRIES,IND,India,2012,POL3,"Polio, 3rd dose",WUENIC,WHO/UNICEF Estimates of National Immunization Coverage,3798603,2981463,78.5
COUNTRIES,IND,India,2012,HEPB3,"Hepatitis B, 3rd dose",OFFICIAL,Official coverage,2910337,1285001,44.2
COUNTRIES,IND,India,2012,HIB3,"Hib, 3rd dose",OFFICIAL,Official coverage,2623619,1824850,69.6
COUNTRIES,IND,India,2012,PCV3,"Pneumococcal conjugate vaccine, final dose",OFFICIAL,Official coverage,1982247,909733,45.9
COUNTRIES,IND,India,2012,ROTAC,"Rotavirus, last dose",WUENIC,WHO/UNICEF Estimates of National Immunization Coverage,1665952,870934,52.3
COUNTRIES,IND,India,2013,BCG,BCG vaccine,WUENIC,WHO/UNICEF Estimates of National Immunization Coverage,2580179,2172439,84.2
COUNTRIES,IND,India,2013,DTPCV1,"DTP-containing vaccine, 1st dose",ADMIN,Administrative coverage,700199,408549,58.3
COUNTRIES,IND,India,2013,DTPCV3,"DTP-containing vaccine, 3rd dose",OFFICIAL,Official coverage,1899396,1240601,65.3
COUNTRIES,IND,India,2013,MCV1,"Measles-containing vaccine, 1st dose",ADMIN,Administrative coverage,711614,495866,69.7
COUNTRIES,IND,India,2013,MCV2,"Measles-containing vaccine, 2nd dose",OFFICIAL,Official coverage,4743174,1678466,35.4
COUNTRIES,IND,India,2013,POL3,"Polio, 3rd dose",ADMIN,Administrative coverage,1681107,1454142,86.5
COUNTRIES,IND,India,2013,HEPB3,"Hepatitis B, 3rd dose",WUENIC,WHO/UNICEF Estimates of National Immunization Coverage,1355794,811437,59.8
COUNTRIES,IND,India,2013,HIB3,"Hib, 3rd dose",ADMIN,Administrative coverage,1651596,1124562,68.1
COUNTRIES,IND,India,2013,PCV3,"Pneumococcal conjugate vaccine, final dose",ADMIN,Administrative coverage,4200276,1648930,39.3
COUNTRIES,IND,India,2013,ROTAC,"Rotavirus, last dose",ADMIN,Administrative coverage,2295131,897101,39.1
COUNTRIES,IND,India,2014,BCG,BCG vaccine,ADMIN,Administrative coverage,4296049,3136232,73.0
COUNTRIES,IND,India,2014,DTPCV1,"DTP-containing vaccine, 1st dose",WUENIC,WHO/UNICEF Estimates of National Immunization Coverage,2170473,1181835,54.5
COUNTRIES,IND,India,2014,DTPCV3,"DTP-containing vaccine, 3rd dose",ADMIN,Administrative coverage,4118472,3170401,77.0
COUNTRIES,IND,India,2014,MCV1,"Measles-containing vaccine, 1st dose",ADMIN,Administrative coverage,1479551,1358045,91.8
COUNTRIES,IND,India,2014,MCV2,"Measles-containing vaccine, 2nd dose",ADMIN,Administrative coverage,4832883,2702225,55.9
COUNTRIES,IND,India,2014,POL3,"Polio, 3rd dose",OFFICIAL,Official coverage,1617438,1327270,82.1
COUNTRIES,IND,India,2014,HEPB3,"Hepatitis B, 3rd dose",ADMIN,Administrative coverage,967559,773980,80.0
COUNTRIES,IND,India,2014,HIB3,"Hib, 3rd dose",ADMIN,Administrative coverage,2128007,1245186,58.5
COUNTRIES,IND,India,2014,PCV3,"Pneumococcal conjugate vaccine, final dose",ADMIN,Administrative coverage,2951614,1616735,54.8
COUNTRIES,IND,India,2014,ROTAC,"Rotavirus, last dose",OFFICIAL,Official coverage,168033,94448,56.2
COUNTRIES,IND,India,2015,BCG,BCG vaccine,ADMIN,Administrative coverage,2968258,2107936,71.0
COUNTRIES,IND,India,2015,DTPCV1,"DTP-containing vaccine, 1st dose",OFFICIAL,Official coverage,2369049,1309223,55.3
COUNTRIES,IND,India,2015,DTPCV3,"DTP-containing vaccine, 3rd dose",ADMIN,Administrative coverage,3770464,2727079,72.3
COUNTRIES,IND,India,2015,MCV1,"Measles-containing vaccine, 1st dose",OFFICIAL,Official coverage,4903260,3375777,68.8
COUNTRIES,IND,India,2015,MCV2,"Measles-containing vaccine, 2nd dose",OFFICIAL,Official coverage,517010,259100,50.1
COUNTRIES,IND,India,2015,POL3,"Polio, 3rd dose",OFFICIAL,Official coverage,2173221,2062011,94.9
COUNTRIES,IND,India,2015,HEPB3,"Hepatitis B, 3rd dose",ADMIN,Administrative coverage,2618103,1419064,54.2
COUNTRIES,IND,India,2015,HIB3,"Hib, 3rd dose",OFFICIAL,Official coverage,622735,379726,61.0
COUNTRIES,IND,India,2015,PCV3,"Pneumococcal conjugate vaccine, final dose",WUENIC,WHO/UNICEF Estimates of National Immunization Coverage,2747143,985317,35.9
COUNTRIES,IND,India,2015,ROTAC,"Rotavirus, last dose",ADMIN,Administrative coverage,994789,520555,52.3
COUNTRIES,IND,India,2016,BCG,BCG vaccine,ADMIN,Administrative coverage,575893,424979,73.8
COUNTRIES,IND,India,2016,DTPCV1,"DTP-containing vaccine, 1st dose",WUENIC,WHO/UNICEF Estimates of National Immunization Coverage,4198887,2523656,60.1
COUNTRIES,IND,India,2016,DTPCV3,"DTP-containing vaccine, 3rd dose",WUENIC,WHO/UNICEF Estimates of National Immunization Coverage,718406,577539,80.4
COUNTRIES,IND,India,2016,MCV1,"Measles-containing vaccine, 1st dose",WUENIC,WHO/UNICEF Estimates of National Immunization Coverage,2909653,2509953,86.3
COUNTRIES,IND,India,2016,MCV2,"Measles-containing vaccine, 2nd dose",WUENIC,WHO/UNICEF Estimates of National Immunization Coverage,2259373,1310602,58.0
COUNTRIES,IND,India,2016,POL3,"Polio, 3rd dose",OFFICIAL,Official coverage,575134,409377,71.2
COUNTRIES,IND,India,2016,HEPB3,"Hepatitis B, 3rd dose",ADMIN,Administrative coverage,294761,210648,71.5
COUNTRIES,IND,India,2016,HIB3,"Hib, 3rd dose",OFFICIAL,Official coverage,114323,66200,57.9
COUNTRIES,IND,India,2016,PCV3,"Pneumococcal conjugate vaccine, final dose",WUENIC,WHO/UNICEF Estimates of National Immunization Coverage,1004480,690839,68.8
COUNTRIES,IND,India,2016,ROTAC,"Rotavirus, last dose",ADMIN,Administrative coverage,1100493,617680,56.1
COUNTRIES,IND,India,2017,BCG,BCG vaccine,ADMIN,Administrative coverage,2933427,2568374,87.6
COUNTRIES,IND,India,2017,DTPCV1,"DTP-containing vaccine, 1st dose",ADMIN,Administrative coverage,4959047,2579746,52.0
COUNTRIES,IND,India,2017,DTPCV3,"DTP-containing vaccine, 3rd dose",OFFICIAL,Official coverage,3807974,2638860,69.3
COUNTRIES,IND,India,2017,MCV1,"Measles-containing vaccine, 1st dose",ADMIN,Administrative coverage,3204240,2638284,82.3
COUNTRIES,IND,India,2017,MCV2,"Measles-containing vaccine, 2nd dose",OFFICIAL,Official coverage,3304600,1974116,59.7
COUNTRIES,IND,India,2017,POL3,"Polio, 3rd dose",WUENIC,WHO/UNICEF Estimates of National Immunization Coverage,4852116,4465526,92.0
COUNTRIES,IND,India,2017,HEPB3,"Hepatitis B, 3rd dose",WUENIC,WHO/UNICEF Estimates of National Immunization Coverage,836667,593796,71.0
COUNTRIES,IND,India,2017,HIB3,"Hib, 3rd dose",ADMIN,Administrative coverage,1434418,922959,64.3
COUNTRIES,IND,India,2017,PCV3,"Pneumococcal conjugate vaccine, final dose",WUENIC,WHO/UNICEF Estimates of National Immunization Coverage,3856503,2319086,60.1
COUNTRIES,IND,India,2017,ROTAC,"Rotavirus, last dose",ADMIN,Administrative coverage,3095179,1840960,59.5
COUNTRIES,IND,India,2018,BCG,BCG vaccine,OFFICIAL,Official coverage,923172,714627,77.4
COUNTRIES,IND,India,2018,DTPCV1,"DTP-containing vaccine, 1st dose",OFFICIAL,Official coverage,1112636,684872,61.6
COUNTRIES,IND,India,2018,DTPCV3,"DTP-containing vaccine, 3rd dose",WUENIC,WHO/UNICEF Estimates of National Immunization Coverage,879735,846120,96.2
COUNTRIES,IND,India,2018,MCV1,"Measles-containing vaccine, 1st dose",ADMIN,Administrative coverage,4579788,3609468,78.8
COUNTRIES,IND,India,2018,MCV2,"Measles-containing vaccine, 2nd dose",ADMIN,Administrative coverage,3345374,1408828,42.1
COUNTRIES,IND,India,2018,POL3,"Polio, 3rd dose",OFFICIAL,Official coverage,2659089,2392529,90.0
COUNTRIES,IND,India,2018,HEPB3,"Hepatitis B, 3rd dose",OFFICIAL,Official coverage,1003959,692090,68.9
COUNTRIES,IND,India,2018,HIB3,"Hib, 3rd dose",OFFICIAL,Official coverage,3419538,1872408,54.8
COUNTRIES,IND,India,2018,PCV3,"Pneumococcal conjugate vaccine, final dose",WUENIC,WHO/UNICEF Estimates of National Immunization Coverage,4006679,2001134,49.9
COUNTRIES,IND,India,2018,ROTAC,"Rotavirus, last dose",WUENIC,WHO/UNICEF Estimates of National Immunization Coverage,1157955,707520,61.1
COUNTRIES,IND,India,2019,BCG,BCG vaccine,ADMIN,Administrative coverage,3852010,3066232,79.6
COUNTRIES,IND,India,2019,DTPCV1,"DTP-containing vaccine, 1st dose",WUENIC,WHO/UNICEF Estimates of National Immunization Coverage,1949492,1398381,71.7
COUNTRIES,IND,India,2019,DTPCV3,"DTP-containing vaccine, 3rd dose",WUENIC,WHO/UNICEF Estimates of National Immunization Coverage,2411632,2027520,84.1
COUNTRIES,IND,India,2019,MCV1,"Measles-containing vaccine, 1st dose",ADMIN,Administrative coverage,3181209,2534747,79.7
COUNTRIES,IND,India,2019,MCV2,"Measles-containing vaccine, 2nd dose",OFFICIAL,Official coverage,4107893,1665404,40.5
COUNTRIES,IND,India,2019,POL3,"Polio, 3rd dose",ADMIN,Administrative coverage,1949443,1733180,88.9
COUNTRIES,IND,India,2019,HEPB3,"Hepatitis B, 3rd dose",OFFICIAL,Official coverage,1855468,1119794,60.4
COUNTRIES,IND,India,2019,HIB3,"Hib, 3rd dose",WUENIC,WHO/UNICEF Estimates of National Immunization Coverage,1757692,1622518,92.3
COUNTRIES,IND,India,2019,PCV3,"Pneumococcal conjugate vaccine, final dose",WUENIC,WHO/UNICEF Estimates of National Immunization Coverage,2294702,1586637,69.1
COUNTRIES,IND,India,2019,ROTAC,"Rotavirus, last dose",ADMIN,Administrative coverage,2742755,2043202,74.5
COUNTRIES,IND,India,2020,BCG,BCG vaccine,OFFICIAL,Official coverage,1112729,840975,75.6
COUNTRIES,IND,India,2020,DTPCV1,"DTP-containing vaccine, 1st dose",WUENIC,WHO/UNICEF Estimates of National Immunization Coverage,3572905,2306592,64.6
COUNTRIES,IND,India,2020,DTPCV3,"DTP-containing vaccine, 3rd dose",WUENIC,WHO/UNICEF Estimates of National Immunization Coverage,4377819,3626993,82.8
COUNTRIES,IND,India,2020,MCV1,"Measles-containing vaccine, 1st dose",ADMIN,Administrative coverage,2101531,1712350,81.5
COUNTRIES,IND,India,2020,MCV2,"Measles-containing vaccine, 2nd dose",WUENIC,WHO/UNICEF Estimates of National Immunization Coverage,3407679,2175737,63.8
COUNTRIES,IND,India,2020,POL3,"Polio, 3rd dose",WUENIC,WHO/UNICEF Estimates of National Immunization Coverage,888761,771365,86.8
COUNTRIES,IND,India,2020,HEPB3,"Hepatitis B, 3rd dose",WUENIC,WHO/UNICEF Estimates of National Immunization Coverage,2464472,2039239,82.7
COUNTRIES,IND,India,2020,HIB3,"Hib, 3rd dose",OFFICIAL,Official coverage,2326106,1533142,65.9
COUNTRIES,IND,India,2020,PCV3,"Pneumococcal conjugate vaccine, final dose",WUENIC,WHO/UNICEF Estimates of National Immunization Coverage,2052324,1165317,56.8
COUNTRIES,IND,India,2020,ROTAC,"Rotavirus, last dose",WUENIC,WHO/UNICEF Estimates of National Immunization Coverage,544592,308058,56.6
COUNTRIES,IND,India,2021,BCG,BCG vaccine,ADMIN,Administrative coverage,3628226,2647163,73.0
COUNTRIES,IND,India,2021,DTPCV1,"DTP-containing vaccine, 1st dose",WUENIC,WHO/UNICEF Estimates of National Immunization Coverage,2204697,1846133,83.7
COUNTRIES,IND,India,2021,DTPCV3,"DTP-containing vaccine, 3rd dose",OFFICIAL,Official coverage,3167172,2507705,79.2
COUNTRIES,IND,India,2021,MCV1,"Measles-containing vaccine, 1st dose",WUENIC,WHO/UNICEF Estimates of National Immunization Coverage,1067433,944345,88.5
COUNTRIES,IND,India,2021,MCV2,"Measles-containing vaccine, 2nd dose",WUENIC,WHO/UNICEF Estimates of National Immunization Coverage,2811089,1378951,49.1
COUNTRIES,IND,India,2021,POL3,"Polio, 3rd dose",ADMIN,Administrative coverage,4906447,3151063,64.2
COUNTRIES,IND,India,2021,HEPB3,"Hepatitis B, 3rd dose",OFFICIAL,Official coverage,2799178,1946381,69.5
COUNTRIES,IND,India,2021,HIB3,"Hib, 3rd dose",ADMIN,Administrative coverage,4158997,2882942,69.3
COUNTRIES,IND,India,2021,PCV3,"Pneumococcal conjugate vaccine, final dose",OFFICIAL,Official coverage,4028400,2825667,70.1
COUNTRIES,IND,India,2021,ROTAC,"Rotavirus, last dose",WUENIC,WHO/UNICEF Estimates of National Immunization Coverage,1345302,628804,46.7
COUNTRIES,IND,India,2022,BCG,BCG vaccine,ADMIN,Administrative coverage,69816,59936,85.8
COUNTRIES,IND,India,2022,DTPCV1,"DTP-containing vaccine, 1st dose",ADMIN,Administrative coverage,3402252,2182469,64.1
COUNTRIES,IND,India,2022,DTPCV3,"DTP-containing vaccine, 3rd dose",WUENIC,WHO/UNICEF Estimates of National Immunization Coverage,3347606,2764435,82.6
COUNTRIES,IND,India,2022,MCV1,"Measles-containing vaccine, 1st dose",WUENIC,WHO/UNICEF Estimates of National Immunization Coverage,4006602,3573660,89.2
COUNTRIES,IND,India,2022,MCV2,"Measles-containing vaccine, 2nd dose",ADMIN,Administrative coverage,314223,254683,81.1
COUNTRIES,IND,India,2022,POL3,"Polio, 3rd dose",OFFICIAL,Official coverage,2744287,2289045,83.4
COUNTRIES,IND,India,2022,HEPB3,"Hepatitis B, 3rd dose",OFFICIAL,Official coverage,4671056,3314589,71.0
COUNTRIES,IND,India,2022,HIB3,"Hib, 3rd dose",OFFICIAL,Official coverage,2709440,2303889,85.0
COUNTRIES,IND,India,2022,PCV3,"Pneumococcal conjugate vaccine, final dose",ADMIN,Administrative coverage,4545013,2733722,60.1
COUNTRIES,IND,India,2022,ROTAC,"Rotavirus, last dose",WUENIC,WHO/UNICEF Estimates of National Immunization Coverage,3498678,2270864,64.9
COUNTRIES,IND,India,2023,BCG,BCG vaccine,OFFICIAL,Official coverage,3561049,3424510,96.2
COUNTRIES,IND,India,2023,DTPCV1,"DTP-containing vaccine, 1st dose",ADMIN,Administrative coverage,1835910,1172920,63.9
COUNTRIES,IND,India,2023,DTPCV3,"DTP-containing vaccine, 3rd dose",OFFICIAL,Official coverage,4896769,4282002,87.4
COUNTRIES,IND,India,2023,MCV1,"Measles-containing vaccine, 1st dose",ADMIN,Administrative coverage,2652967,2591797,97.7
COUNTRIES,IND,India,2023,MCV2,"Measles-containing vaccine, 2nd dose",OFFICIAL,Official coverage,820044,416844,50.8
COUNTRIES,IND,India,2023,POL3,"Polio, 3rd dose",OFFICIAL,Official coverage,3235714,3157499,97.6
COUNTRIES,IND,India,2023,HEPB3,"Hepatitis B, 3rd dose",WUENIC,WHO/UNICEF Estimates of National Immunization Coverage,522327,379091,72.6
COUNTRIES,IND,India,2023,HIB3,"Hib, 3rd dose",WUENIC,WHO/UNICEF Estimates of National Immunization Coverage,1028039,735062,71.5
COUNTRIES,IND,India,2023,PCV3,"Pneumococcal conjugate vaccine, final dose",ADMIN,Administrative coverage,3052819,1555529,51.0
COUNTRIES,IND,India,2023,ROTAC,"Rotavirus, last dose",ADMIN,Administrative coverage,1889433,1082564,57.3
COUNTRIES,IND,India,2024,BCG,BCG vaccine,WUENIC,WHO/UNICEF Estimates of National Immunization Coverage,3722214,3485576,93.6
COUNTRIES,IND,India,2024,DTPCV1,"DTP-containing vaccine, 1st dose",WUENIC,WHO/UNICEF Estimates of National Immunization Coverage,2058960,1708114,83.0
COUNTRIES,IND,India,2024,DTPCV3,"DTP-containing vaccine, 3rd dose",ADMIN,Administrative coverage,137955,136575,99.0
COUNTRIES,IND,India,2024,MCV1,"Measles-containing vaccine, 1st dose",ADMIN,Administrative coverage,4452294,3870846,86.9
COUNTRIES,IND,India,2024,MCV2,"Measles-containing vaccine, 2nd dose",ADMIN,Administrative coverage,4783188,3610430,75.5
COUNTRIES,IND,India,2024,POL3,"Polio, 3rd dose",WUENIC,WHO/UNICEF Estimates of National Immunization Coverage,3316402,2840156,85.6
COUNTRIES,IND,India,2024,HEPB3,"Hepatitis B, 3rd dose",WUENIC,WHO/UNICEF Estimates of National Immunization Coverage,2033851,1703850,83.8
COUNTRIES,IND,India,2024,HIB3,"Hib, 3rd dose",ADMIN,Administrative coverage,1782465,1350258,75.8
COUNTRIES,IND,India,2024,PCV3,"Pneumococcal conjugate vaccine, final dose",OFFICIAL,Official coverage,4771165,3480942,73.0
COUNTRIES,IND,India,2024,ROTAC,"Rotavirus, last dose",OFFICIAL,Official coverage,2988613,2225231,74.5
COUNTRIES,NGA,Nigeria,2010,BCG,BCG vaccine,WUENIC,WHO/UNICEF Estimates of National Immunization Coverage,166739,131430,78.8
COUNTRIES,NGA,Nigeria,2010,DTPCV1,"DTP-containing vaccine, 1st dose",ADMIN,Administrative coverage,1616847,1038200,64.2
COUNTRIES,NGA,Nigeria,2010,DTPCV3,"DTP-containing vaccine, 3rd dose",OFFICIAL,Official coverage,1530035,978042,63.9
COUNTRIES,NGA,Nigeria,2010,MCV1,"Measles-containing vaccine, 1st dose",ADMIN,Administrative coverage,4817348,3370852,70.0
COUNTRIES,NGA,Nigeria,2010,MCV2,"Measles-containing vaccine, 2nd dose",WUENIC,WHO/UNICEF Estimates of National Immunization Coverage,766756,289907,37.8
COUNTRIES,NGA,Nigeria,2010,POL3,"Polio, 3rd dose",OFFICIAL,Official coverage,3188145,1999697,62.7
COUNTRIES,NGA,Nigeria,2010,HEPB3,"Hepatitis B, 3rd dose",WUENIC,WHO/UNICEF Estimates of National Immunization Coverage,4234056,3263868,77.1
COUNTRIES,NGA,Nigeria,2010,HIB3,"Hib, 3rd dose",ADMIN,Administrative coverage,413476,220277,53.3
COUNTRIES,NGA,Nigeria,2010,PCV3,"Pneumococcal conjugate vaccine, final dose",OFFICIAL,Official coverage,741757,313139,42.2
COUNTRIES,NGA,Nigeria,2010,ROTAC,"Rotavirus, last dose",WUENIC,WHO/UNICEF Estimates of National Immunization Coverage,2728932,1271367,46.6
COUNTRIES,NGA,Nigeria,2011,BCG,BCG vaccine,OFFICIAL,Official coverage,926031,679187,73.3
COUNTRIES,NGA,Nigeria,2011,DTPCV1,"DTP-containing vaccine, 1st dose",OFFICIAL,Official coverage,428165,256721,60.0
COUNTRIES,NGA,Nigeria,2011,DTPCV3,"DTP-containing vaccine, 3rd dose",ADMIN,Administrative coverage,4181479,3021644,72.3
COUNTRIES,NGA,Nigeria,2011,MCV1,"Measles-containing vaccine, 1st dose",ADMIN,Administrative coverage,3401278,2480630,72.9
COUNTRIES,NGA,Nigeria,2011,MCV2,"Measles-containing vaccine, 2nd dose",OFFICIAL,Official coverage,2818362,1394995,49.5
COUNTRIES,NGA,Nigeria,2011,POL3,"Polio, 3rd dose",ADMIN,Administrative coverage,2771864,1749305,63.1
COUNTRIES,NGA,Nigeria,2011,HEPB3,"Hepatitis B, 3rd dose",OFFICIAL,Official coverage,2988496,2160689,72.3
COUNTRIES,NGA,Nigeria,2011,HIB3,"Hib, 3rd dose",ADMIN,Administrative coverage,1374070,771153,56.1
COUNTRIES,NGA,Nigeria,2011,PCV3,"Pneumococcal conjugate vaccine, final dose",WUENIC,WHO/UNICEF Estimates of National Immunization Coverage,2574388,1400101,54.4
COUNTRIES,NGA,Nigeria,2011,ROTAC,"Rotavirus, last dose",WUENIC,WHO/UNICEF Estimates of National Immunization Coverage,4134752,1726022,41.7
COUNTRIES,NGA,Nigeria,2012,BCG,BCG vaccine,WUENIC,WHO/UNICEF Estimates of National Immunization Coverage,3027590,1999757,66.1
COUNTRIES,NGA,Nigeria,2012,DTPCV1,"DTP-containing vaccine, 1st dose",WUENIC,WHO/UNICEF Estimates of National Immunization Coverage,2540706,1482708,58.4
COUNTRIES,NGA,Nigeria,2012,DTPCV3,"DTP-containing vaccine, 3rd dose",WUENIC,WHO/UNICEF Estimates of National Immunization Coverage,2542118,2026108,79.7
COUNTRIES,NGA,Nigeria,2012,MCV1,"Measles-containing vaccine, 1st dose",OFFICIAL,Official coverage,4431137,3719668,83.9
COUNTRIES,NGA,Nigeria,2012,MCV2,"Measles-containing vaccine, 2nd dose",OFFICIAL,Official coverage,2224606,1017389,45.7
COUNTRIES,NGA,Nigeria,2012,POL3,"Polio, 3rd dose",OFFICIAL,Official coverage,2184793,1616231,74.0
COUNTRIES,NGA,Nigeria,2012,HEPB3,"Hepatitis B, 3rd dose",ADMIN,Administrative coverage,3863270,1854061,48.0
COUNTRIES,NGA,Nigeria,2012,HIB3,"Hib, 3rd dose",WUENIC,WHO/UNICEF Estimates of National Immunization Coverage,714180,563115,78.8
COUNTRIES,NGA,Nigeria,2012,PCV3,"Pneumococcal conjugate vaccine, final dose",WUENIC,WHO/UNICEF Estimates of National Immunization Coverage,2489855,1156088,46.4
COUNTRIES,NGA,Nigeria,2012,ROTAC,"Rotavirus, last dose",WUENIC,WHO/UNICEF Estimates of National Immunization Coverage,4018222,1618923,40.3
COUNTRIES,NGA,Nigeria,2013,BCG,BCG vaccine,OFFICIAL,Official coverage,3483382,2973173,85.4
COUNTRIES,NGA,Nigeria,2013,DTPCV1,"DTP-containing vaccine, 1st dose",ADMIN,Administrative coverage,2484206,939031,37.8
COUNTRIES,NGA,Nigeria,2013,DTPCV3,"DTP-containing vaccine, 3rd dose",WUENIC,WHO/UNICEF Estimates of National Immunization Coverage,609723,403393,66.2
COUNTRIES,NGA,Nigeria,2013,MCV1,"Measles-containing vaccine, 1st dose",OFFICIAL,Official coverage,3929275,3329015,84.7
COUNTRIES,NGA,Nigeria,2013,MCV2,"Measles-containing vaccine, 2nd dose",WUENIC,WHO/UNICEF Estimates of National Immunization Coverage,1891648,1245445,65.8
COUNTRIES,NGA,Nigeria,2013,POL3,"Polio, 3rd dose",WUENIC,WHO/UNICEF Estimates of National Immunization Coverage,2785264,2183128,78.4
COUNTRIES,NGA,Nigeria,2013,HEPB3,"Hepatitis B, 3rd dose",OFFICIAL,Official coverage,2750713,1588678,57.8
COUNTRIES,NGA,Nigeria,2013,HIB3,"Hib, 3rd dose",ADMIN,Administrative coverage,509297,343606,67.5
COUNTRIES,NGA,Nigeria,2013,PCV3,"Pneumococcal conjugate vaccine, final dose",OFFICIAL,Official coverage,4995169,2265893,45.4
COUNTRIES,NGA,Nigeria,2013,ROTAC,"Rotavirus, last dose",OFFICIAL,Official coverage,2422280,1472135,60.8
COUNTRIES,NGA,Nigeria,2014,BCG,BCG vaccine,WUENIC,WHO/UNICEF Estimates of National Immunization Coverage,920123,575494,62.5
COUNTRIES,NGA,Nigeria,2014,DTPCV1,"DTP-containing vaccine, 1st dose",ADMIN,Administrative coverage,2179885,1023046,46.9
COUNTRIES,NGA,Nigeria,2014,DTPCV3,"DTP-containing vaccine, 3rd dose",ADMIN,Administrative coverage,2257148,1472662,65.2
COUNTRIES,NGA,Nigeria,2014,MCV1,"Measles-containing vaccine, 1st dose",ADMIN,Administrative coverage,4678120,3211566,68.7
COUNTRIES,NGA,Nigeria,2014,MCV2,"Measles-containing vaccine, 2nd dose",ADMIN,Administrative coverage,835332,423701,50.7
COUNTRIES,NGA,Nigeria,2014,POL3,"Polio, 3rd dose",WUENIC,WHO/UNICEF Estimates of National Immunization Coverage,3238729,2522118,77.9
COUNTRIES,NGA,Nigeria,2014,HEPB3,"Hepatitis B, 3rd dose",WUENIC,WHO/UNICEF Estimates of National Immunization Coverage,2900171,1997480,68.9
COUNTRIES,NGA,Nigeria,2014,HIB3,"Hib, 3rd dose",WUENIC,WHO/UNICEF Estimates of National Immunization Coverage,2646874,1569281,59.3
COUNTRIES,NGA,Nigeria,2014,PCV3,"Pneumococcal conjugate vaccine, final dose",OFFICIAL,Official coverage,3931185,2371952,60.3
COUNTRIES,NGA,Nigeria,2014,ROTAC,"Rotavirus, last dose",ADMIN,Administrative coverage,913561,584394,64.0
COUNTRIES,NGA,Nigeria,2015,BCG,BCG vaccine,ADMIN,Administrative coverage,3878464,3165686,81.6
COUNTRIES,NGA,Nigeria,2015,DTPCV1,"DTP-containing vaccine, 1st dose",WUENIC,WHO/UNICEF Estimates of National Immunization Coverage,2980184,2147325,72.1
COUNTRIES,NGA,Nigeria,2015,DTPCV3,"DTP-containing vaccine, 3rd dose",OFFICIAL,Official coverage,3345097,2137782,63.9
COUNTRIES,NGA,Nigeria,2015,MCV1,"Measles-containing vaccine, 1st dose",OFFICIAL,Official coverage,4138657,3266186,78.9
COUNTRIES,NGA,Nigeria,2015,MCV2,"Measles-containing vaccine, 2nd dose",ADMIN,Administrative coverage,4137810,1989550,48.1
COUNTRIES,NGA,Nigeria,2015,POL3,"Polio, 3rd dose",WUENIC,WHO/UNICEF Estimates of National Immunization Coverage,4959384,4094638,82.6
COUNTRIES,NGA,Nigeria,2015,HEPB3,"Hepatitis B, 3rd dose",WUENIC,WHO/UNICEF Estimates of National Immunization Coverage,3279028,1888644,57.6
COUNTRIES,NGA,Nigeria,2015,HIB3,"Hib, 3rd dose",WUENIC,WHO/UNICEF Estimates of National Immunization Coverage,2512616,1492453,59.4
COUNTRIES,NGA,Nigeria,2015,PCV3,"Pneumococcal conjugate vaccine, final dose",OFFICIAL,Official coverage,1192953,678169,56.8
COUNTRIES,NGA,Nigeria,2015,ROTAC,"Rotavirus, last dose",ADMIN,Administrative coverage,4556554,2787192,61.2
COUNTRIES,NGA,Nigeria,2016,BCG,BCG vaccine,WUENIC,WHO/UNICEF Estimates of National Immunization Coverage,3039179,2065591,68.0
COUNTRIES,NGA,Nigeria,2016,DTPCV1,"DTP-containing vaccine, 1st dose",WUENIC,WHO/UNICEF Estimates of National Immunization Coverage,4207893,2446997,58.2
COUNTRIES,NGA,Nigeria,2016,DTPCV3,"DTP-containing vaccine, 3rd dose",WUENIC,WHO/UNICEF Estimates of National Immunization Coverage,453119,339200,74.9
COUNTRIES,NGA,Nigeria,2016,MCV1,"Measles-containing vaccine, 1st dose",WUENIC,WHO/UNICEF Estimates of National Immunization Coverage,4370295,3530774,80.8
COUNTRIES,NGA,Nigeria,2016,MCV2,"Measles-containing vaccine, 2nd dose",ADMIN,Administrative coverage,2000013,1272908,63.6
COUNTRIES,NGA,Nigeria,2016,POL3,"Polio, 3rd dose",OFFICIAL,Official coverage,1260209,1030158,81.7
COUNTRIES,NGA,Nigeria,2016,HEPB3,"Hepatitis B, 3rd dose",ADMIN,Administrative coverage,2416610,1473495,61.0
COUNTRIES,NGA,Nigeria,2016,HIB3,"Hib, 3rd dose",WUENIC,WHO/UNICEF Estimates of National Immunization Coverage,1097343,750299,68.4
COUNTRIES,NGA,Nigeria,2016,PCV3,"Pneumococcal conjugate vaccine, final dose",ADMIN,Administrative coverage,4670650,2640899,56.5
COUNTRIES,NGA,Nigeria,2016,ROTAC,"Rotavirus, last dose",WUENIC,WHO/UNICEF Estimates of National Immunization Coverage,3390420,1660080,49.0
COUNTRIES,NGA,Nigeria,2017,BCG,BCG vaccine,ADMIN,Administrative coverage,3270281,2904717,88.8
COUNTRIES,NGA,Nigeria,2017,DTPCV1,"DTP-containing vaccine, 1st dose",ADMIN,Administrative coverage,4922554,3186958,64.7
COUNTRIES,NGA,Nigeria,2017,DTPCV3,"DTP-containing vaccine, 3rd dose",WUENIC,WHO/UNICEF Estimates of National Immunization Coverage,2189686,1827279,83.4
COUNTRIES,NGA,Nigeria,2017,MCV1,"Measles-containing vaccine, 1st dose",ADMIN,Administrative coverage,3811675,2948455,77.4
COUNTRIES,NGA,Nigeria,2017,MCV2,"Measles-containing vaccine, 2nd dose",OFFICIAL,Official coverage,538972,307369,57.0
COUNTRIES,NGA,Nigeria,2017,POL3,"Polio, 3rd dose",ADMIN,Administrative coverage,213038,172287,80.9
COUNTRIES,NGA,Nigeria,2017,HEPB3,"Hepatitis B, 3rd dose",ADMIN,Administrative coverage,4013735,2557970,63.7
COUNTRIES,NGA,Nigeria,2017,HIB3,"Hib, 3rd dose",OFFICIAL,Official coverage,3698966,2478964,67.0
COUNTRIES,NGA,Nigeria,2017,PCV3,"Pneumococcal conjugate vaccine, final dose",ADMIN,Administrative coverage,485423,255773,52.7
COUNTRIES,NGA,Nigeria,2017,ROTAC,"Rotavirus, last dose",WUENIC,WHO/UNICEF Estimates of National Immunization Coverage,4118316,2650511,64.4
COUNTRIES,NGA,Nigeria,2018,BCG,BCG vaccine,WUENIC,WHO/UNICEF Estimates of National Immunization Coverage,1706671,1466429,85.9
COUNTRIES,NGA,Nigeria,2018,DTPCV1,"DTP-containing vaccine, 1st dose",ADMIN,Administrative coverage,3991237,2481342,62.2
COUNTRIES,NGA,Nigeria,2018,DTPCV3,"DTP-containing vaccine, 3rd dose",WUENIC,WHO/UNICEF Estimates of National Immunization Coverage,2092999,1622673,77.5
COUNTRIES,NGA,Nigeria,2018,MCV1,"Measles-containing vaccine, 1st dose",ADMIN,Administrative coverage,4986710,4239585,85.0
COUNTRIES,NGA,Nigeria,2018,MCV2,"Measles-containing vaccine, 2nd dose",OFFICIAL,Official coverage,3227326,2243772,69.5
COUNTRIES,NGA,Nigeria,2018,POL3,"Polio, 3rd dose",ADMIN,Administrative coverage,2584937,2106051,81.5
COUNTRIES,NGA,Nigeria,2018,HEPB3,"Hepatitis B, 3rd dose",WUENIC,WHO/UNICEF Estimates of National Immunization Coverage,4477036,3031473,67.7
COUNTRIES,NGA,Nigeria,2018,HIB3,"Hib, 3rd dose",WUENIC,WHO/UNICEF Estimates of National Immunization Coverage,335555,256120,76.3
COUNTRIES,NGA,Nigeria,2018,PCV3,"Pneumococcal conjugate vaccine, final dose",WUENIC,WHO/UNICEF Estimates of National Immunization Coverage,3536669,1878874,53.1
COUNTRIES,NGA,Nigeria,2018,ROTAC,"Rotavirus, last dose",ADMIN,Administrative coverage,1536205,832054,54.2
COUNTRIES,NGA,Nigeria,2019,BCG,BCG vaccine,WUENIC,WHO/UNICEF Estimates of National Immunization Coverage,3031467,2635761,86.9
COUNTRIES,NGA,Nigeria,2019,DTPCV1,"DTP-containing vaccine, 1st dose",WUENIC,WHO/UNICEF Estimates of National Immunization Coverage,4817493,3393753,70.4
COUNTRIES,NGA,Nigeria,2019,DTPCV3,"DTP-containing vaccine, 3rd dose",WUENIC,WHO/UNICEF Estimates of National Immunization Coverage,3883284,3228380,83.1
COUNTRIES,NGA,Nigeria,2019,MCV1,"Measles-containing vaccine, 1st dose",ADMIN,Administrative coverage,969484,828392,85.4
COUNTRIES,NGA,Nigeria,2019,MCV2,"Measles-containing vaccine, 2nd dose",WUENIC,WHO/UNICEF Estimates of National Immunization Coverage,4067136,1972060,48.5
COUNTRIES,NGA,Nigeria,2019,POL3,"Polio, 3rd dose",OFFICIAL,Official coverage,2427935,2307755,95.1
COUNTRIES,NGA,Nigeria,2019,HEPB3,"Hepatitis B, 3rd dose",WUENIC,WHO/UNICEF Estimates of National Immunization Coverage,4528011,3199372,70.7
COUNTRIES,NGA,Nigeria,2019,HIB3,"Hib, 3rd dose",WUENIC,WHO/UNICEF Estimates of National Immunization Coverage,2492266,1661333,66.7
COUNTRIES,NGA,Nigeria,2019,PCV3,"Pneumococcal conjugate vaccine, final dose",ADMIN,Administrative coverage,1268758,646369,50.9
COUNTRIES,NGA,Nigeria,2019,ROTAC,"Rotavirus, last dose",WUENIC,WHO/UNICEF Estimates of National Immunization Coverage,4027019,2459943,61.1
COUNTRIES,NGA,Nigeria,2020,BCG,BCG vaccine,OFFICIAL,Official coverage,4575208,3366941,73.6
COUNTRIES,NGA,Nigeria,2020,DTPCV1,"DTP-containing vaccine, 1st dose",OFFICIAL,Official coverage,4047615,3029612,74.8
COUNTRIES,NGA,Nigeria,2020,DTPCV3,"DTP-containing vaccine, 3rd dose",WUENIC,WHO/UNICEF Estimates of National Immunization Coverage,4898341,3539970,72.3
COUNTRIES,NGA,Nigeria,2020,MCV1,"Measles-containing vaccine, 1st dose",ADMIN,Administrative coverage,659996,590812,89.5
COUNTRIES,NGA,Nigeria,2020,MCV2,"Measles-containing vaccine, 2nd dose",WUENIC,WHO/UNICEF Estimates of National Immunization Coverage,828513,435001,52.5
COUNTRIES,NGA,Nigeria,2020,POL3,"Polio, 3rd dose",OFFICIAL,Official coverage,2828655,2770679,98.0
COUNTRIES,NGA,Nigeria,2020,HEPB3,"Hepatitis B, 3rd dose",ADMIN,Administrative coverage,3260016,2527124,77.5
COUNTRIES,NGA,Nigeria,2020,HIB3,"Hib, 3rd dose",OFFICIAL,Official coverage,1486536,1141185,76.8
COUNTRIES,NGA,Nigeria,2020,PCV3,"Pneumococcal conjugate vaccine, final dose",WUENIC,WHO/UNICEF Estimates of National Immunization Coverage,3440926,2725771,79.2
COUNTRIES,NGA,Nigeria,2020,ROTAC,"Rotavirus, last dose",WUENIC,WHO/UNICEF Estimates of National Immunization Coverage,4580889,2740250,59.8
COUNTRIES,NGA,Nigeria,2021,BCG,BCG vaccine,WUENIC,WHO/UNICEF Estimates of National Immunization Coverage,1293131,1125024,87.0
COUNTRIES,NGA,Nigeria,2021,DTPCV1,"DTP-containing vaccine, 1st dose",ADMIN,Administrative coverage,2099949,1370347,65.3
COUNTRIES,NGA,Nigeria,2021,DTPCV3,"DTP-containing vaccine, 3rd dose",WUENIC,WHO/UNICEF Estimates of National Immunization Coverage,1997763,1506653,75.4
COUNTRIES,NGA,Nigeria,2021,MCV1,"Measles-containing vaccine, 1st dose",OFFICIAL,Official coverage,100861,78309,77.6
COUNTRIES,NGA,Nigeria,2021,MCV2,"Measles-containing vaccine, 2nd dose",ADMIN,Administrative coverage,4895710,2817593,57.6
COUNTRIES,NGA,Nigeria,2021,POL3,"Polio, 3rd dose",OFFICIAL,Official coverage,1493717,1238890,82.9
COUNTRIES,NGA,Nigeria,2021,HEPB3,"Hepatitis B, 3rd dose",WUENIC,WHO/UNICEF Estimates of National Immunization Coverage,1255663,935163,74.5
COUNTRIES,NGA,Nigeria,2021,HIB3,"Hib, 3rd dose",WUENIC,WHO/UNICEF Estimates of National Immunization Coverage,1358507,952646,70.1
COUNTRIES,NGA,Nigeria,2021,PCV3,"Pneumococcal conjugate vaccine, final dose",WUENIC,WHO/UNICEF Estimates of National Immunization Coverage,4043710,2523932,62.4
COUNTRIES,NGA,Nigeria,2021,ROTAC,"Rotavirus, last dose",OFFICIAL,Official coverage,4973801,3436954,69.1
COUNTRIES,NGA,Nigeria,2022,BCG,BCG vaccine,WUENIC,WHO/UNICEF Estimates of National Immunization Coverage,4396664,3791010,86.2
COUNTRIES,NGA,Nigeria,2022,DTPCV1,"DTP-containing vaccine, 1st dose",OFFICIAL,Official coverage,4385702,2775441,63.3
COUNTRIES,NGA,Nigeria,2022,DTPCV3,"DTP-containing vaccine, 3rd dose",WUENIC,WHO/UNICEF Estimates of National Immunization Coverage,3328360,2843658,85.4
COUNTRIES,NGA,Nigeria,2022,MCV1,"Measles-containing vaccine, 1st dose",WUENIC,WHO/UNICEF Estimates of National Immunization Coverage,4165811,3807273,91.4
COUNTRIES,NGA,Nigeria,2022,MCV2,"Measles-containing vaccine, 2nd dose",OFFICIAL,Official coverage,3224108,2190765,67.9
COUNTRIES,NGA,Nigeria,2022,POL3,"Polio, 3rd dose",ADMIN,Administrative coverage,2953633,2866045,97.0
COUNTRIES,NGA,Nigeria,2022,HEPB3,"Hepatitis B, 3rd dose",ADMIN,Administrative coverage,3998242,2930872,73.3
COUNTRIES,NGA,Nigeria,2022,HIB3,"Hib, 3rd dose",ADMIN,Administrative coverage,2372466,1754681,74.0
COUNTRIES,NGA,Nigeria,2022,PCV3,"Pneumococcal conjugate vaccine, final dose",WUENIC,WHO/UNICEF Estimates of National Immunization Coverage,1901317,1363783,71.7
COUNTRIES,NGA,Nigeria,2022,ROTAC,"Rotavirus, last dose",WUENIC,WHO/UNICEF Estimates of National Immunization Coverage,2279180,1415692,62.1
COUNTRIES,NGA,Nigeria,2023,BCG,BCG vaccine,OFFICIAL,Official coverage,1045843,1009136,96.5
COUNTRIES,NGA,Nigeria,2023,DTPCV1,"DTP-containing vaccine, 1st dose",WUENIC,WHO/UNICEF Estimates of National Immunization Coverage,1474945,1189469,80.6
COUNTRIES,NGA,Nigeria,2023,DTPCV3,"DTP-containing vaccine, 3rd dose",ADMIN,Administrative coverage,2413999,2081455,86.2
COUNTRIES,NGA,Nigeria,2023,MCV1,"Measles-containing vaccine, 1st dose",WUENIC,WHO/UNICEF Estimates of National Immunization Coverage,3142195,2831523,90.1
COUNTRIES,NGA,Nigeria,2023,MCV2,"Measles-containing vaccine, 2nd dose",WUENIC,WHO/UNICEF Estimates of National Immunization Coverage,1386737,960984,69.3
COUNTRIES,NGA,Nigeria,2023,POL3,"Polio, 3rd dose",WUENIC,WHO/UNICEF Estimates of National Immunization Coverage,2847753,2806983,98.6
COUNTRIES,NGA,Nigeria,2023,HEPB3,"Hepatitis B, 3rd dose",WUENIC,WHO/UNICEF Estimates of National Immunization Coverage,4493778,3878684,86.3
COUNTRIES,NGA,Nigeria,2023,HIB3,"Hib, 3rd dose",WUENIC,WHO/UNICEF Estimates of National Immunization Coverage,3092146,2645044,85.5
COUNTRIES,NGA,Nigeria,2023,PCV3,"Pneumococcal conjugate vaccine, final dose",OFFICIAL,Official coverage,4402099,2953385,67.1
COUNTRIES,NGA,Nigeria,2023,ROTAC,"Rotavirus, last dose",ADMIN,Administrative coverage,4934797,3067868,62.2
COUNTRIES,NGA,Nigeria,2024,BCG,BCG vaccine,ADMIN,Administrative coverage,3159244,3069950,97.2
COUNTRIES,NGA,Nigeria,2024,DTPCV1,"DTP-containing vaccine, 1st dose",ADMIN,Administrative coverage,2010826,1069993,53.2
COUNTRIES,NGA,Nigeria,2024,DTPCV3,"DTP-containing vaccine, 3rd dose",ADMIN,Administrative coverage,2663275,2595583,97.5
COUNTRIES,NGA,Nigeria,2024,MCV1,"Measles-containing vaccine, 1st dose",OFFICIAL,Official coverage,202999,164497,81.0
COUNTRIES,NGA,Nigeria,2024,MCV2,"Measles-containing vaccine, 2nd dose",ADMIN,Administrative coverage,803315,527172,65.6
COUNTRIES,NGA,Nigeria,2024,POL3,"Polio, 3rd dose",ADMIN,Administrative coverage,2704837,2564627,94.8
COUNTRIES,NGA,Nigeria,2024,HEPB3,"Hepatitis B, 3rd dose",ADMIN,Administrative coverage,1092377,1000707,91.6
COUNTRIES,NGA,Nigeria,2024,HIB3,"Hib, 3rd dose",ADMIN,Administrative coverage,973780,694112,71.3
COUNTRIES,NGA,Nigeria,2024,PCV3,"Pneumococcal conjugate vaccine, final dose",ADMIN,Administrative coverage,2518152,1591743,63.2
COUNTRIES,NGA,Nigeria,2024,ROTAC,"Rotavirus, last dose",ADMIN,Administrative coverage,367348,232185,63.2
COUNTRIES,BRA,Brazil,2010,BCG,BCG vaccine,WUENIC,WHO/UNICEF Estimates of National Immunization Coverage,1376283,1097118,79.7
COUNTRIES,BRA,Brazil,2010,DTPCV1,"DTP-containing vaccine, 1st dose",WUENIC,WHO/UNICEF Estimates of National Immunization Coverage,4065470,2206892,54.3
COUNTRIES,BRA,Brazil,2010,DTPCV3,"DTP-containing vaccine, 3rd dose",WUENIC,WHO/UNICEF Estimates of National Immunization Coverage,3327419,2191717,65.9
COUNTRIES,BRA,Brazil,2010,MCV1,"Measles-containing vaccine, 1st dose",WUENIC,WHO/UNICEF Estimates of National Immunization Coverage,2893940,2036001,70.4
COUNTRIES,BRA,Brazil,2010,MCV2,"Measles-containing vaccine, 2nd dose",ADMIN,Administrative coverage,1257068,441246,35.1
COUNTRIES,BRA,Brazil,2010,POL3,"Polio, 3rd dose",ADMIN,Administrative coverage,2905994,2180483,75.0
COUNTRIES,BRA,Brazil,2010,HEPB3,"Hepatitis B, 3rd dose",OFFICIAL,Official coverage,2997762,1868523,62.3
COUNTRIES,BRA,Brazil,2010,HIB3,"Hib, 3rd dose",OFFICIAL,Official coverage,1105146,638463,57.8
COUNTRIES,BRA,Brazil,2010,PCV3,"Pneumococcal conjugate vaccine, final dose",ADMIN,Administrative coverage,3694843,1347712,36.5
COUNTRIES,BRA,Brazil,2010,ROTAC,"Rotavirus, last dose",WUENIC,WHO/UNICEF Estimates of National Immunization Coverage,4191363,1916896,45.7
COUNTRIES,BRA,Brazil,2011,BCG,BCG vaccine,ADMIN,Administrative coverage,2977337,1954280,65.6
COUNTRIES,BRA,Brazil,2011,DTPCV1,"DTP-containing vaccine, 1st dose",OFFICIAL,Official coverage,1599302,968272,60.5
COUNTRIES,BRA,Brazil,2011,DTPCV3,"DTP-containing vaccine, 3rd dose",WUENIC,WHO/UNICEF Estimates of National Immunization Coverage,1728687,1347365,77.9
COUNTRIES,BRA,Brazil,2011,MCV1,"Measles-containing vaccine, 1st dose",ADMIN,Administrative coverage,4692929,2897800,61.7
COUNTRIES,BRA,Brazil,2011,MCV2,"Measles-containing vaccine, 2nd dose",ADMIN,Administrative coverage,3481961,1675129,48.1
COUNTRIES,BRA,Brazil,2011,POL3,"Polio, 3rd dose",OFFICIAL,Official coverage,2577576,2059618,79.9
COUNTRIES,BRA,Brazil,2011,HEPB3,"Hepatitis B, 3rd dose",WUENIC,WHO/UNICEF Estimates of National Immunization Coverage,3194480,1962823,61.4
COUNTRIES,BRA,Brazil,2011,HIB3,"Hib, 3rd dose",OFFICIAL,Official coverage,4155519,2394754,57.6
COUNTRIES,BRA,Brazil,2011,PCV3,"Pneumococcal conjugate vaccine, final dose",OFFICIAL,Official coverage,4878761,1882215,38.6
COUNTRIES,BRA,Brazil,2011,ROTAC,"Rotavirus, last dose",WUENIC,WHO/UNICEF Estimates of National Immunization Coverage,2677144,1150634,43.0
COUNTRIES,BRA,Brazil,2012,BCG,BCG vaccine,OFFICIAL,Official coverage,4986792,3768561,75.6
COUNTRIES,BRA,Brazil,2012,DTPCV1,"DTP-containing vaccine, 1st dose",ADMIN,Administrative coverage,771384,473439,61.4
COUNTRIES,BRA,Brazil,2012,DTPCV3,"DTP-containing vaccine, 3rd dose",OFFICIAL,Official coverage,569777,339141,59.5
COUNTRIES,BRA,Brazil,2012,MCV1,"Measles-containing vaccine, 1st dose",WUENIC,WHO/UNICEF Estimates of National Immunization Coverage,4280625,2805103,65.5
COUNTRIES,BRA,Brazil,2012,MCV2,"Measles-containing vaccine, 2nd dose",ADMIN,Administrative coverage,4081464,2217018,54.3
COUNTRIES,BRA,Brazil,2012,POL3,"Polio, 3rd dose",ADMIN,Administrative coverage,2786582,1946945,69.9
COUNTRIES,BRA,Brazil,2012,HEPB3,"Hepatitis B, 3rd dose",OFFICIAL,Official coverage,1626590,1117547,68.7
COUNTRIES,BRA,Brazil,2012,HIB3,"Hib, 3rd dose",ADMIN,Administrative coverage,3410160,2410675,70.7
COUNTRIES,BRA,Brazil,2012,PCV3,"Pneumococcal conjugate vaccine, final dose",OFFICIAL,Official coverage,930112,423905,45.6
COUNTRIES,BRA,Brazil,2012,ROTAC,"Rotavirus, last dose",OFFICIAL,Official coverage,2092823,998744,47.7
COUNTRIES,BRA,Brazil,2013,BCG,BCG vaccine,OFFICIAL,Official coverage,1552025,1156604,74.5
COUNTRIES,BRA,Brazil,2013,DTPCV1,"DTP-containing vaccine, 1st dose",OFFICIAL,Official coverage,1367191,990713,72.5
COUNTRIES,BRA,Brazil,2013,DTPCV3,"DTP-containing vaccine, 3rd dose",OFFICIAL,Official coverage,2911509,1789256,61.5
COUNTRIES,BRA,Brazil,2013,MCV1,"Measles-containing vaccine, 1st dose",WUENIC,WHO/UNICEF Estimates of National Immunization Coverage,2567334,1947778,75.9
COUNTRIES,BRA,Brazil,2013,MCV2,"Measles-containing vaccine, 2nd dose",ADMIN,Administrative coverage,2829499,1572393,55.6
COUNTRIES,BRA,Brazil,2013,POL3,"Polio, 3rd dose",OFFICIAL,Official coverage,3667556,2814832,76.7
COUNTRIES,BRA,Brazil,2013,HEPB3,"Hepatitis B, 3rd dose",ADMIN,Administrative coverage,1407133,646666,46.0
COUNTRIES,BRA,Brazil,2013,HIB3,"Hib, 3rd dose",WUENIC,WHO/UNICEF Estimates of National Immunization Coverage,2838890,1666805,58.7
COUNTRIES,BRA,Brazil,2013,PCV3,"Pneumococcal conjugate vaccine, final dose",OFFICIAL,Official coverage,4388843,1501123,34.2
COUNTRIES,BRA,Brazil,2013,ROTAC,"Rotavirus, last dose",WUENIC,WHO/UNICEF Estimates of National Immunization Coverage,4944640,2604574,52.7
COUNTRIES,BRA,Brazil,2014,BCG,BCG vaccine,OFFICIAL,Official coverage,3951529,2960716,74.9
COUNTRIES,BRA,Brazil,2014,DTPCV1,"DTP-containing vaccine, 1st dose",OFFICIAL,Official coverage,4142966,2474436,59.7
COUNTRIES,BRA,Brazil,2014,DTPCV3,"DTP-containing vaccine, 3rd dose",ADMIN,Administrative coverage,315798,263980,83.6
COUNTRIES,BRA,Brazil,2014,MCV1,"Measles-containing vaccine, 1st dose",OFFICIAL,Official coverage,205683,145424,70.7
COUNTRIES,BRA,Brazil,2014,MCV2,"Measles-containing vaccine, 2nd dose",ADMIN,Administrative coverage,4780741,2523815,52.8
COUNTRIES,BRA,Brazil,2014,POL3,"Polio, 3rd dose",ADMIN,Administrative coverage,1505465,1308446,86.9
COUNTRIES,BRA,Brazil,2014,HEPB3,"Hepatitis B, 3rd dose",WUENIC,WHO/UNICEF Estimates of National Immunization Coverage,2759644,1949667,70.6
COUNTRIES,BRA,Brazil,2014,HIB3,"Hib, 3rd dose",ADMIN,Administrative coverage,3379049,2165016,64.1
COUNTRIES,BRA,Brazil,2014,PCV3,"Pneumococcal conjugate vaccine, final dose",WUENIC,WHO/UNICEF Estimates of National Immunization Coverage,4110119,2474100,60.2
COUNTRIES,BRA,Brazil,2014,ROTAC,"Rotavirus, last dose",ADMIN,Administrative coverage,2379753,1156387,48.6
COUNTRIES,BRA,Brazil,2015,BCG,BCG vaccine,WUENIC,WHO/UNICEF Estimates of National Immunization Coverage,1547618,1253329,81.0
COUNTRIES,BRA,Brazil,2015,DTPCV1,"DTP-containing vaccine, 1st dose",OFFICIAL,Official coverage,4478690,3118875,69.6
COUNTRIES,BRA,Brazil,2015,DTPCV3,"DTP-containing vaccine, 3rd dose",ADMIN,Administrative coverage,2608944,1783552,68.4
COUNTRIES,BRA,Brazil,2015,MCV1,"Measles-containing vaccine, 1st dose",WUENIC,WHO/UNICEF Estimates of National Immunization Coverage,561083,423603,75.5
COUNTRIES,BRA,Brazil,2015,MCV2,"Measles-containing vaccine, 2nd dose",OFFICIAL,Official coverage,916964,571238,62.3
COUNTRIES,BRA,Brazil,2015,POL3,"Polio, 3rd dose",ADMIN,Administrative coverage,4450072,4026744,90.5
COUNTRIES,BRA,Brazil,2015,HEPB3,"Hepatitis B, 3rd dose",OFFICIAL,Official coverage,3169612,2150133,67.8
COUNTRIES,BRA,Brazil,2015,HIB3,"Hib, 3rd dose",OFFICIAL,Official coverage,2048197,1026223,50.1
COUNTRIES,BRA,Brazil,2015,PCV3,"Pneumococcal conjugate vaccine, final dose",ADMIN,Administrative coverage,4473408,2488095,55.6
COUNTRIES,BRA,Brazil,2015,ROTAC,"Rotavirus, last dose",WUENIC,WHO/UNICEF Estimates of National Immunization Coverage,3155958,1960876,62.1
COUNTRIES,BRA,Brazil,2016,BCG,BCG vaccine,ADMIN,Administrative coverage,3308084,2322068,70.2
COUNTRIES,BRA,Brazil,2016,DTPCV1,"DTP-containing vaccine, 1st dose",OFFICIAL,Official coverage,4621843,2694978,58.3
COUNTRIES,BRA,Brazil,2016,DTPCV3,"DTP-containing vaccine, 3rd dose",OFFICIAL,Official coverage,4127716,3469358,84.1
COUNTRIES,BRA,Brazil,2016,MCV1,"Measles-containing vaccine, 1st dose",ADMIN,Administrative coverage,1598075,1063472,66.5
COUNTRIES,BRA,Brazil,2016,MCV2,"Measles-containing vaccine, 2nd dose",WUENIC,WHO/UNICEF Estimates of National Immunization Coverage,4218962,1772103,42.0
COUNTRIES,BRA,Brazil,2016,POL3,"Polio, 3rd dose",OFFICIAL,Official coverage,4516134,3087358,68.4
COUNTRIES,BRA,Brazil,2016,HEPB3,"Hepatitis B, 3rd dose",ADMIN,Administrative coverage,1754597,1201313,68.5
COUNTRIES,BRA,Brazil,2016,HIB3,"Hib, 3rd dose",WUENIC,WHO/UNICEF Estimates of National Immunization Coverage,2419822,1563399,64.6
COUNTRIES,BRA,Brazil,2016,PCV3,"Pneumococcal conjugate vaccine, final dose",OFFICIAL,Official coverage,2438278,1138196,46.7
COUNTRIES,BRA,Brazil,2016,ROTAC,"Rotavirus, last dose",ADMIN,Administrative coverage,1355487,740776,54.7
COUNTRIES,BRA,Brazil,2017,BCG,BCG vaccine,WUENIC,WHO/UNICEF Estimates of National Immunization Coverage,358623,320001,89.2
COUNTRIES,BRA,Brazil,2017,DTPCV1,"DTP-containing vaccine, 1st dose",ADMIN,Administrative coverage,1197116,842447,70.4
COUNTRIES,BRA,Brazil,2017,DTPCV3,"DTP-containing vaccine, 3rd dose",OFFICIAL,Official coverage,360375,268384,74.5
COUNTRIES,BRA,Brazil,2017,MCV1,"Measles-containing vaccine, 1st dose",OFFICIAL,Official coverage,4913059,4265248,86.8
COUNTRIES,BRA,Brazil,2017,MCV2,"Measles-containing vaccine, 2nd dose",WUENIC,WHO/UNICEF Estimates of National Immunization Coverage,3454231,1771338,51.3
COUNTRIES,BRA,Brazil,2017,POL3,"Polio, 3rd dose",ADMIN,Administrative coverage,3391861,2828588,83.4
COUNTRIES,BRA,Brazil,2017,HEPB3,"Hepatitis B, 3rd dose",ADMIN,Administrative coverage,2665804,1578478,59.2
COUNTRIES,BRA,Brazil,2017,HIB3,"Hib, 3rd dose",OFFICIAL,Official coverage,3374664,1851007,54.9
COUNTRIES,BRA,Brazil,2017,PCV3,"Pneumococcal conjugate vaccine, final dose",WUENIC,WHO/UNICEF Estimates of National Immunization Coverage,3644058,1861901,51.1
COUNTRIES,BRA,Brazil,2017,ROTAC,"Rotavirus, last dose",OFFICIAL,Official coverage,1294625,802739,62.0
COUNTRIES,BRA,Brazil,2018,BCG,BCG vaccine,WUENIC,WHO/UNICEF Estimates of National Immunization Coverage,4859109,4082159,84.0
COUNTRIES,BRA,Brazil,2018,DTPCV1,"DTP-containing vaccine, 1st dose",ADMIN,Administrative coverage,3948606,2645076,67.0
COUNTRIES,BRA,Brazil,2018,DTPCV3,"DTP-containing vaccine, 3rd dose",WUENIC,WHO/UNICEF Estimates of National Immunization Coverage,2928117,2298317,78.5
COUNTRIES,BRA,Brazil,2018,MCV1,"Measles-containing vaccine, 1st dose",WUENIC,WHO/UNICEF Estimates of National Immunization Coverage,3783149,3455165,91.3
COUNTRIES,BRA,Brazil,2018,MCV2,"Measles-containing vaccine, 2nd dose",ADMIN,Administrative coverage,2854802,1474655,51.7
COUNTRIES,BRA,Brazil,2018,POL3,"Polio, 3rd dose",ADMIN,Administrative coverage,2783460,2503342,89.9
COUNTRIES,BRA,Brazil,2018,HEPB3,"Hepatitis B, 3rd dose",OFFICIAL,Official coverage,4165362,2800183,67.2
COUNTRIES,BRA,Brazil,2018,HIB3,"Hib, 3rd dose",OFFICIAL,Official coverage,973160,651307,66.9
COUNTRIES,BRA,Brazil,2018,PCV3,"Pneumococcal conjugate vaccine, final dose",WUENIC,WHO/UNICEF Estimates of National Immunization Coverage,3652684,2802303,76.7
COUNTRIES,BRA,Brazil,2018,ROTAC,"Rotavirus, last dose",ADMIN,Administrative coverage,4390092,2396940,54.6
COUNTRIES,BRA,Brazil,2019,BCG,BCG vaccine,ADMIN,Administrative coverage,1018616,892126,87.6
COUNTRIES,BRA,Brazil,2019,DTPCV1,"DTP-containing vaccine, 1st dose",OFFICIAL,Official coverage,1859377,1422098,76.5
COUNTRIES,BRA,Brazil,2019,DTPCV3,"DTP-containing vaccine, 3rd dose",WUENIC,WHO/UNICEF Estimates of National Immunization Coverage,606110,508848,84.0
COUNTRIES,BRA,Brazil,2019,MCV1,"Measles-containing vaccine, 1st dose",OFFICIAL,Official coverage,3731887,3274265,87.7
COUNTRIES,BRA,Brazil,2019,MCV2,"Measles-containing vaccine, 2nd dose",ADMIN,Administrative coverage,3925358,1389334,35.4
COUNTRIES,BRA,Brazil,2019,POL3,"Polio, 3rd dose",ADMIN,Administrative coverage,914645,785187,85.8
COUNTRIES,BRA,Brazil,2019,HEPB3,"Hepatitis B, 3rd dose",ADMIN,Administrative coverage,521082,420752,80.7
COUNTRIES,BRA,Brazil,2019,HIB3,"Hib, 3rd dose",OFFICIAL,Official coverage,3497794,2737027,78.3
COUNTRIES,BRA,Brazil,2019,PCV3,"Pneumococcal conjugate vaccine, final dose",WUENIC,WHO/UNICEF Estimates of National Immunization Coverage,1665777,882706,53.0
COUNTRIES,BRA,Brazil,2019,ROTAC,"Rotavirus, last dose",OFFICIAL,Official coverage,4945996,2868615,58.0
COUNTRIES,BRA,Brazil,2020,BCG,BCG vaccine,OFFICIAL,Official coverage,2111774,1691378,80.1
COUNTRIES,BRA,Brazil,2020,DTPCV1,"DTP-containing vaccine, 1st dose",OFFICIAL,Official coverage,3761584,2542087,67.6
COUNTRIES,BRA,Brazil,2020,DTPCV3,"DTP-containing vaccine, 3rd dose",ADMIN,Administrative coverage,2640310,2089434,79.1
COUNTRIES,BRA,Brazil,2020,MCV1,"Measles-containing vaccine, 1st dose",OFFICIAL,Official coverage,3696259,2922028,79.1
COUNTRIES,BRA,Brazil,2020,MCV2,"Measles-containing vaccine, 2nd dose",WUENIC,WHO/UNICEF Estimates of National Immunization Coverage,1594613,823589,51.6
COUNTRIES,BRA,Brazil,2020,POL3,"Polio, 3rd dose",OFFICIAL,Official coverage,2480525,2066979,83.3
COUNTRIES,BRA,Brazil,2020,HEPB3,"Hepatitis B, 3rd dose",WUENIC,WHO/UNICEF Estimates of National Immunization Coverage,3145010,1907105,60.6
COUNTRIES,BRA,Brazil,2020,HIB3,"Hib, 3rd dose",WUENIC,WHO/UNICEF Estimates of National Immunization Coverage,1596236,887254,55.6
COUNTRIES,BRA,Brazil,2020,PCV3,"Pneumococcal conjugate vaccine, final dose",ADMIN,Administrative coverage,2340870,1296559,55.4
COUNTRIES,BRA,Brazil,2020,ROTAC,"Rotavirus, last dose",OFFICIAL,Official coverage,254366,99893,39.3
COUNTRIES,BRA,Brazil,2021,BCG,BCG vaccine,ADMIN,Administrative coverage,1729161,1559016,90.2
COUNTRIES,BRA,Brazil,2021,DTPCV1,"DTP-containing vaccine, 1st dose",ADMIN,Administrative coverage,1420073,879752,62.0
COUNTRIES,BRA,Brazil,2021,DTPCV3,"DTP-containing vaccine, 3rd dose",OFFICIAL,Official coverage,3296417,2485380,75.4
COUNTRIES,BRA,Brazil,2021,MCV1,"Measles-containing vaccine, 1st dose",ADMIN,Administrative coverage,2657411,2136613,80.4
COUNTRIES,BRA,Brazil,2021,MCV2,"Measles-containing vaccine, 2nd dose",ADMIN,Administrative coverage,3487172,1811778,52.0
COUNTRIES,BRA,Brazil,2021,POL3,"Polio, 3rd dose",OFFICIAL,Official coverage,4469323,3851630,86.2
COUNTRIES,BRA,Brazil,2021,HEPB3,"Hepatitis B, 3rd dose",OFFICIAL,Official coverage,647218,391727,60.5
COUNTRIES,BRA,Brazil,2021,HIB3,"Hib, 3rd dose",WUENIC,WHO/UNICEF Estimates of National Immunization Coverage,4963705,2908309,58.6
COUNTRIES,BRA,Brazil,2021,PCV3,"Pneumococcal conjugate vaccine, final dose",WUENIC,WHO/UNICEF Estimates of National Immunization Coverage,1151928,735294,63.8
COUNTRIES,BRA,Brazil,2021,ROTAC,"Rotavirus, last dose",OFFICIAL,Official coverage,1294289,720330,55.7
COUNTRIES,BRA,Brazil,2022,BCG,BCG vaccine,ADMIN,Administrative coverage,3332972,3019719,90.6
COUNTRIES,BRA,Brazil,2022,DTPCV1,"DTP-containing vaccine, 1st dose",WUENIC,WHO/UNICEF Estimates of National Immunization Coverage,2369124,1697861,71.7
COUNTRIES,BRA,Brazil,2022,DTPCV3,"DTP-containing vaccine, 3rd dose",ADMIN,Administrative coverage,4992625,4014581,80.4
COUNTRIES,BRA,Brazil,2022,MCV1,"Measles-containing vaccine, 1st dose",ADMIN,Administrative coverage,3138272,2218922,70.7
COUNTRIES,BRA,Brazil,2022,MCV2,"Measles-containing vaccine, 2nd dose",ADMIN,Administrative coverage,3614375,2268348,62.8
COUNTRIES,BRA,Brazil,2022,POL3,"Polio, 3rd dose",ADMIN,Administrative coverage,3969047,3575069,90.1
COUNTRIES,BRA,Brazil,2022,HEPB3,"Hepatitis B, 3rd dose",ADMIN,Administrative coverage,3625168,2413638,66.6
COUNTRIES,BRA,Brazil,2022,HIB3,"Hib, 3rd dose",WUENIC,WHO/UNICEF Estimates of National Immunization Coverage,453082,377827,83.4
COUNTRIES,BRA,Brazil,2022,PCV3,"Pneumococcal conjugate vaccine, final dose",ADMIN,Administrative coverage,3954722,2160255,54.6
COUNTRIES,BRA,Brazil,2022,ROTAC,"Rotavirus, last dose",OFFICIAL,Official coverage,3225684,2170666,67.3
COUNTRIES,BRA,Brazil,2023,BCG,BCG vaccine,ADMIN,Administrative coverage,2009925,1673188,83.2
COUNTRIES,BRA,Brazil,2023,DTPCV1,"DTP-containing vaccine, 1st dose",OFFICIAL,Official coverage,653103,532518,81.5
COUNTRIES,BRA,Brazil,2023,DTPCV3,"DTP-containing vaccine, 3rd dose",OFFICIAL,Official coverage,2039968,1988323,97.5
COUNTRIES,BRA,Brazil,2023,MCV1,"Measles-containing vaccine, 1st dose",OFFICIAL,Official coverage,4689681,3913334,83.4
COUNTRIES,BRA,Brazil,2023,MCV2,"Measles-containing vaccine, 2nd dose",WUENIC,WHO/UNICEF Estimates of National Immunization Coverage,2893586,1931452,66.7
COUNTRIES,BRA,Brazil,2023,POL3,"Polio, 3rd dose",OFFICIAL,Official coverage,3666984,3010411,82.1
COUNTRIES,BRA,Brazil,2023,HEPB3,"Hepatitis B, 3rd dose",ADMIN,Administrative coverage,4068365,2930508,72.0
COUNTRIES,BRA,Brazil,2023,HIB3,"Hib, 3rd dose",OFFICIAL,Official coverage,2950737,2360458,80.0
COUNTRIES,BRA,Brazil,2023,PCV3,"Pneumococcal conjugate vaccine, final dose",OFFICIAL,Official coverage,1731076,1122220,64.8
COUNTRIES,BRA,Brazil,2023,ROTAC,"Rotavirus, last dose",ADMIN,Administrative coverage,1718321,1222341,71.1
COUNTRIES,BRA,Brazil,2024,BCG,BCG vaccine,ADMIN,Administrative coverage,1668702,1549216,92.8
COUNTRIES,BRA,Brazil,2024,DTPCV1,"DTP-containing vaccine, 1st dose",OFFICIAL,Official coverage,4314423,2965457,68.7
COUNTRIES,BRA,Brazil,2024,DTPCV3,"DTP-containing vaccine, 3rd dose",ADMIN,Administrative coverage,1569603,1367587,87.1
COUNTRIES,BRA,Brazil,2024,MCV1,"Measles-containing vaccine, 1st dose",ADMIN,Administrative coverage,935421,826429,88.3
COUNTRIES,BRA,Brazil,2024,MCV2,"Measles-containing vaccine, 2nd dose",WUENIC,WHO/UNICEF Estimates of National Immunization Coverage,1028836,749854,72.9
COUNTRIES,BRA,Brazil,2024,POL3,"Polio, 3rd dose",ADMIN,Administrative coverage,3534144,3051216,86.3
COUNTRIES,BRA,Brazil,2024,HEPB3,"Hepatitis B, 3rd dose",OFFICIAL,Official coverage,4550398,3763201,82.7
COUNTRIES,BRA,Brazil,2024,HIB3,"Hib, 3rd dose",WUENIC,WHO/UNICEF Estimates of National Immunization Coverage,916183,636663,69.5
COUNTRIES,BRA,Brazil,2024,PCV3,"Pneumococcal conjugate vaccine, final dose",ADMIN,Administrative coverage,4589014,3441686,75.0
COUNTRIES,BRA,Brazil,2024,ROTAC,"Rotavirus, last dose",ADMIN,Administrative coverage,2170539,1293746,59.6
COUNTRIES,USA,United States of America,2010,BCG,BCG vaccine,ADMIN,Administrative coverage,3281185,2381481,72.6
COUNTRIES,USA,United States of America,2010,DTPCV1,"DTP-containing vaccine, 1st dose",ADMIN,Administrative coverage,1278337,633305,49.5
COUNTRIES,USA,United States of America,2010,DTPCV3,"DTP-containing vaccine, 3rd dose",OFFICIAL,Official coverage,1276134,943771,74.0
COUNTRIES,USA,United States of America,2010,MCV1,"Measles-containing vaccine, 1st dose",WUENIC,WHO/UNICEF Estimates of National Immunization Coverage,2214412,1678278,75.8
COUNTRIES,USA,United States of America,2010,MCV2,"Measles-containing vaccine, 2nd dose",OFFICIAL,Official coverage,2680146,1327317,49.5
COUNTRIES,USA,United States of America,2010,POL3,"Polio, 3rd dose",OFFICIAL,Official coverage,1235574,690857,55.9
COUNTRIES,USA,United States of America,2010,HEPB3,"Hepatitis B, 3rd dose",OFFICIAL,Official coverage,845928,423141,50.0
COUNTRIES,USA,United States of America,2010,HIB3,"Hib, 3rd dose",WUENIC,WHO/UNICEF Estimates of National Immunization Coverage,2563024,1507691,58.8
COUNTRIES,USA,United States of America,2010,PCV3,"Pneumococcal conjugate vaccine, final dose",ADMIN,Administrative coverage,2590034,1432388,55.3
COUNTRIES,USA,United States of America,2010,ROTAC,"Rotavirus, last dose",WUENIC,WHO/UNICEF Estimates of National Immunization Coverage,1757017,731226,41.6
COUNTRIES,USA,United States of America,2011,BCG,BCG vaccine,ADMIN,Administrative coverage,2907261,1800552,61.9
COUNTRIES,USA,United States of America,2011,DTPCV1,"DTP-containing vaccine, 1st dose",OFFICIAL,Official coverage,2578268,1548425,60.1
COUNTRIES,USA,United States of America,2011,DTPCV3,"DTP-containing vaccine, 3rd dose",ADMIN,Administrative coverage,3149555,1886619,59.9
COUNTRIES,USA,United States of America,2011,MCV1,"Measles-containing vaccine, 1st dose",OFFICIAL,Official coverage,3987270,2498006,62.6
COUNTRIES,USA,United States of America,2011,MCV2,"Measles-containing vaccine, 2nd dose",WUENIC,WHO/UNICEF Estimates of National Immunization Coverage,466978,281661,60.3
COUNTRIES,USA,United States of America,2011,POL3,"Polio, 3rd dose",ADMIN,Administrative coverage,4792297,3273278,68.3
COUNTRIES,USA,United States of America,2011,HEPB3,"Hepatitis B, 3rd dose",OFFICIAL,Official coverage,2251044,1196890,53.2
COUNTRIES,USA,United States of America,2011,HIB3,"Hib, 3rd dose",OFFICIAL,Official coverage,2215251,1042358,47.1
COUNTRIES,USA,United States of America,2011,PCV3,"Pneumococcal conjugate vaccine, final dose",OFFICIAL,Official coverage,3264850,1551182,47.5
COUNTRIES,USA,United States of America,2011,ROTAC,"Rotavirus, last dose",ADMIN,Administrative coverage,536275,219853,41.0
COUNTRIES,USA,United States of America,2012,BCG,BCG vaccine,ADMIN,Administrative coverage,1207655,980525,81.2
COUNTRIES,USA,United States of America,2012,DTPCV1,"DTP-containing vaccine, 1st dose",ADMIN,Administrative coverage,3617675,2269737,62.7
COUNTRIES,USA,United States of America,2012,DTPCV3,"DTP-containing vaccine, 3rd dose",WUENIC,WHO/UNICEF Estimates of National Immunization Coverage,3857085,2956098,76.6
COUNTRIES,USA,United States of America,2012,MCV1,"Measles-containing vaccine, 1st dose",ADMIN,Administrative coverage,2840373,1887728,66.5
COUNTRIES,USA,United States of America,2012,MCV2,"Measles-containing vaccine, 2nd dose",ADMIN,Administrative coverage,3966643,1023849,25.8
COUNTRIES,USA,United States of America,2012,POL3,"Polio, 3rd dose",WUENIC,WHO/UNICEF Estimates of National Immunization Coverage,340998,270777,79.4
COUNTRIES,USA,United States of America,2012,HEPB3,"Hepatitis B, 3rd dose",WUENIC,WHO/UNICEF Estimates of National Immunization Coverage,3098593,1652755,53.3
COUNTRIES,USA,United States of America,2012,HIB3,"Hib, 3rd dose",WUENIC,WHO/UNICEF Estimates of National Immunization Coverage,4188286,2371826,56.6
COUNTRIES,USA,United States of America,2012,PCV3,"Pneumococcal conjugate vaccine, final dose",OFFICIAL,Official coverage,2693061,1072013,39.8
COUNTRIES,USA,United States of America,2012,ROTAC,"Rotavirus, last dose",ADMIN,Administrative coverage,2177599,1368245,62.8
COUNTRIES,USA,United States of America,2013,BCG,BCG vaccine,ADMIN,Administrative coverage,1615070,1351478,83.7
COUNTRIES,USA,United States of America,2013,DTPCV1,"DTP-containing vaccine, 1st dose",OFFICIAL,Official coverage,4748713,2709910,57.1
COUNTRIES,USA,United States of America,2013,DTPCV3,"DTP-containing vaccine, 3rd dose",ADMIN,Administrative coverage,3840328,2970468,77.3
COUNTRIES,USA,United States of America,2013,MCV1,"Measles-containing vaccine, 1st dose",ADMIN,Administrative coverage,4487610,3360744,74.9
COUNTRIES,USA,United States of America,2013,MCV2,"Measles-containing vaccine, 2nd dose",ADMIN,Administrative coverage,2376133,1202966,50.6
COUNTRIES,USA,United States of America,2013,POL3,"Polio, 3rd dose",WUENIC,WHO/UNICEF Estimates of National Immunization Coverage,4052713,2445913,60.4
COUNTRIES,USA,United States of America,2013,HEPB3,"Hepatitis B, 3rd dose",OFFICIAL,Official coverage,637100,307708,48.3
COUNTRIES,USA,United States of America,2013,HIB3,"Hib, 3rd dose",WUENIC,WHO/UNICEF Estimates of National Immunization Coverage,2399316,888952,37.1
COUNTRIES,USA,United States of America,2013,PCV3,"Pneumococcal conjugate vaccine, final dose",OFFICIAL,Official coverage,1386921,709347,51.1
COUNTRIES,USA,United States of America,2013,ROTAC,"Rotavirus, last dose",WUENIC,WHO/UNICEF Estimates of National Immunization Coverage,3984999,1851923,46.5
COUNTRIES,USA,United States of America,2014,BCG,BCG vaccine,ADMIN,Administrative coverage,2797176,2205243,78.8
COUNTRIES,USA,United States of America,2014,DTPCV1,"DTP-containing vaccine, 1st dose",OFFICIAL,Official coverage,3262883,1703782,52.2
COUNTRIES,USA,United States of America,2014,DTPCV3,"DTP-containing vaccine, 3rd dose",WUENIC,WHO/UNICEF Estimates of National Immunization Coverage,2621165,2177942,83.1
COUNTRIES,USA,United States of America,2014,MCV1,"Measles-containing vaccine, 1st dose",WUENIC,WHO/UNICEF Estimates of National Immunization Coverage,536799,378221,70.5
COUNTRIES,USA,United States of America,2014,MCV2,"Measles-containing vaccine, 2nd dose",ADMIN,Administrative coverage,2288057,1079010,47.2
COUNTRIES,USA,United States of America,2014,POL3,"Polio, 3rd dose",ADMIN,Administrative coverage,1812999,1481450,81.7
COUNTRIES,USA,United States of America,2014,HEPB3,"Hepatitis B, 3rd dose",ADMIN,Administrative coverage,2450081,1019382,41.6
COUNTRIES,USA,United States of America,2014,HIB3,"Hib, 3rd dose",ADMIN,Administrative coverage,2009310,1367784,68.1
COUNTRIES,USA,United States of America,2014,PCV3,"Pneumococcal conjugate vaccine, final dose",WUENIC,WHO/UNICEF Estimates of National Immunization Coverage,2213859,1334477,60.3
COUNTRIES,USA,United States of America,2014,ROTAC,"Rotavirus, last dose",OFFICIAL,Official coverage,1562760,749885,48.0
COUNTRIES,USA,United States of America,2015,BCG,BCG vaccine,ADMIN,Administrative coverage,4496228,3770272,83.9
COUNTRIES,USA,United States of America,2015,DTPCV1,"DTP-containing vaccine, 1st dose",ADMIN,Administrative coverage,3817255,2002748,52.5
COUNTRIES,USA,United States of America,2015,DTPCV3,"DTP-containing vaccine, 3rd dose",ADMIN,Administrative coverage,500930,391426,78.1
COUNTRIES,USA,United States of America,2015,MCV1,"Measles-containing vaccine, 1st dose",ADMIN,Administrative coverage,3548408,2848777,80.3
COUNTRIES,USA,United States of America,2015,MCV2,"Measles-containing vaccine, 2nd dose",OFFICIAL,Official coverage,3088915,1418277,45.9
COUNTRIES,USA,United States of America,2015,POL3,"Polio, 3rd dose",OFFICIAL,Official coverage,838768,639028,76.2
COUNTRIES,USA,United States of America,2015,HEPB3,"Hepatitis B, 3rd dose",ADMIN,Administrative coverage,3687820,2431399,65.9
COUNTRIES,USA,United States of America,2015,HIB3,"Hib, 3rd dose",OFFICIAL,Official coverage,3502501,2383271,68.0
COUNTRIES,USA,United States of America,2015,PCV3,"Pneumococcal conjugate vaccine, final dose",OFFICIAL,Official coverage,1429904,625400,43.7
COUNTRIES,USA,United States of America,2015,ROTAC,"Rotavirus, last dose",ADMIN,Administrative coverage,4575121,2322246,50.8
COUNTRIES,USA,United States of America,2016,BCG,BCG vaccine,OFFICIAL,Official coverage,2879455,2682468,93.2
COUNTRIES,USA,United States of America,2016,DTPCV1,"DTP-containing vaccine, 1st dose",ADMIN,Administrative coverage,3416823,1904025,55.7
COUNTRIES,USA,United States of America,2016,DTPCV3,"DTP-containing vaccine, 3rd dose",WUENIC,WHO/UNICEF Estimates of National Immunization Coverage,2217354,1636896,73.8
COUNTRIES,USA,United States of America,2016,MCV1,"Measles-containing vaccine, 1st dose",ADMIN,Administrative coverage,874255,686543,78.5
COUNTRIES,USA,United States of America,2016,MCV2,"Measles-containing vaccine, 2nd dose",WUENIC,WHO/UNICEF Estimates of National Immunization Coverage,4525156,2268825,50.1
COUNTRIES,USA,United States of America,2016,POL3,"Polio, 3rd dose",ADMIN,Administrative coverage,1628638,1162413,71.4
COUNTRIES,USA,United States of America,2016,HEPB3,"Hepatitis B, 3rd dose",ADMIN,Administrative coverage,3816484,2145158,56.2
COUNTRIES,USA,United States of America,2016,HIB3,"Hib, 3rd dose",OFFICIAL,Official coverage,339768,229941,67.7
COUNTRIES,USA,United States of America,2016,PCV3,"Pneumococcal conjugate vaccine, final dose",WUENIC,WHO/UNICEF Estimates of National Immunization Coverage,3183211,1703388,53.5
COUNTRIES,USA,United States of America,2016,ROTAC,"Rotavirus, last dose",OFFICIAL,Official coverage,493945,237652,48.1
COUNTRIES,USA,United States of America,2017,BCG,BCG vaccine,ADMIN,Administrative coverage,71253,52779,74.1
COUNTRIES,USA,United States of America,2017,DTPCV1,"DTP-containing vaccine, 1st dose",OFFICIAL,Official coverage,1000162,484680,48.5
COUNTRIES,USA,United States of America,2017,DTPCV3,"DTP-containing vaccine, 3rd dose",ADMIN,Administrative coverage,1324634,1078333,81.4
COUNTRIES,USA,United States of America,2017,MCV1,"Measles-containing vaccine, 1st dose",OFFICIAL,Official coverage,4564276,3149066,69.0
COUNTRIES,USA,United States of America,2017,MCV2,"Measles-containing vaccine, 2nd dose",WUENIC,WHO/UNICEF Estimates of National Immunization Coverage,4513158,2092565,46.4
COUNTRIES,USA,United States of America,2017,POL3,"Polio, 3rd dose",ADMIN,Administrative coverage,2881569,2443127,84.8
COUNTRIES,USA,United States of America,2017,HEPB3,"Hepatitis B, 3rd dose",OFFICIAL,Official coverage,2569507,1430434,55.7
COUNTRIES,USA,United States of America,2017,HIB3,"Hib, 3rd dose",ADMIN,Administrative coverage,3064938,2059698,67.2
COUNTRIES,USA,United States of America,2017,PCV3,"Pneumococcal conjugate vaccine, final dose",ADMIN,Administrative coverage,4772727,3620082,75.8
COUNTRIES,USA,United States of America,2017,ROTAC,"Rotavirus, last dose",WUENIC,WHO/UNICEF Estimates of National Immunization Coverage,1818967,1036128,57.0
COUNTRIES,USA,United States of America,2018,BCG,BCG vaccine,OFFICIAL,Official coverage,329215,264701,80.4
COUNTRIES,USA,United States of America,2018,DTPCV1,"DTP-containing vaccine, 1st dose",WUENIC,WHO/UNICEF Estimates of National Immunization Coverage,2010584,1159996,57.7
COUNTRIES,USA,United States of America,2018,DTPCV3,"DTP-containing vaccine, 3rd dose",ADMIN,Administrative coverage,1466207,1201223,81.9
COUNTRIES,USA,United States of America,2018,MCV1,"Measles-containing vaccine, 1st dose",OFFICIAL,Official coverage,2524653,2131437,84.4
COUNTRIES,USA,United States of America,2018,MCV2,"Measles-containing vaccine, 2nd dose",ADMIN,Administrative coverage,4277995,2374408,55.5
COUNTRIES,USA,United States of America,2018,POL3,"Polio, 3rd dose",OFFICIAL,Official coverage,3867242,3476102,89.9
COUNTRIES,USA,United States of America,2018,HEPB3,"Hepatitis B, 3rd dose",WUENIC,WHO/UNICEF Estimates of National Immunization Coverage,289968,182123,62.8
COUNTRIES,USA,United States of America,2018,HIB3,"Hib, 3rd dose",WUENIC,WHO/UNICEF Estimates of National Immunization Coverage,3928363,2236900,56.9
COUNTRIES,USA,United States of America,2018,PCV3,"Pneumococcal conjugate vaccine, final dose",ADMIN,Administrative coverage,3074243,1820372,59.2
COUNTRIES,USA,United States of America,2018,ROTAC,"Rotavirus, last dose",OFFICIAL,Official coverage,1835559,1153779,62.9
COUNTRIES,USA,United States of America,2019,BCG,BCG vaccine,ADMIN,Administrative coverage,583634,490592,84.1
COUNTRIES,USA,United States of America,2019,DTPCV1,"DTP-containing vaccine, 1st dose",WUENIC,WHO/UNICEF Estimates of National Immunization Coverage,4465677,3431254,76.8
COUNTRIES,USA,United States of America,2019,DTPCV3,"DTP-containing vaccine, 3rd dose",OFFICIAL,Official coverage,895474,719656,80.4
COUNTRIES,USA,United States of America,2019,MCV1,"Measles-containing vaccine, 1st dose",OFFICIAL,Official coverage,3397769,2586406,76.1
COUNTRIES,USA,United States of America,2019,MCV2,"Measles-containing vaccine, 2nd dose",OFFICIAL,Official coverage,4679375,3111152,66.5
COUNTRIES,USA,United States of America,2019,POL3,"Polio, 3rd dose",ADMIN,Administrative coverage,2581086,2066082,80.0
COUNTRIES,USA,United States of America,2019,HEPB3,"Hepatitis B, 3rd dose",OFFICIAL,Official coverage,4402892,2600686,59.1
COUNTRIES,USA,United States of America,2019,HIB3,"Hib, 3rd dose",ADMIN,Administrative coverage,173950,135683,78.0
COUNTRIES,USA,United States of America,2019,PCV3,"Pneumococcal conjugate vaccine, final dose",ADMIN,Administrative coverage,1203224,787423,65.4
COUNTRIES,USA,United States of America,2019,ROTAC,"Rotavirus, last dose",ADMIN,Administrative coverage,4357086,2417107,55.5
COUNTRIES,USA,United States of America,2020,BCG,BCG vaccine,WUENIC,WHO/UNICEF Estimates of National Immunization Coverage,493316,439600,89.1
COUNTRIES,USA,United States of America,2020,DTPCV1,"DTP-containing vaccine, 1st dose",WUENIC,WHO/UNICEF Estimates of National Immunization Coverage,1938806,1385018,71.4
COUNTRIES,USA,United States of America,2020,DTPCV3,"DTP-containing vaccine, 3rd dose",WUENIC,WHO/UNICEF Estimates of National Immunization Coverage,2198091,1655234,75.3
COUNTRIES,USA,United States of America,2020,MCV1,"Measles-containing vaccine, 1st dose",ADMIN,Administrative coverage,3530826,3236844,91.7
COUNTRIES,USA,United States of America,2020,MCV2,"Measles-containing vaccine, 2nd dose",OFFICIAL,Official coverage,4827402,2845219,58.9
COUNTRIES,USA,United States of America,2020,POL3,"Polio, 3rd dose",OFFICIAL,Official coverage,3282244,2534015,77.2
COUNTRIES,USA,United States of America,2020,HEPB3,"Hepatitis B, 3rd dose",WUENIC,WHO/UNICEF Estimates of National Immunization Coverage,2849250,1872452,65.7
COUNTRIES,USA,United States of America,2020,HIB3,"Hib, 3rd dose",WUENIC,WHO/UNICEF Estimates of National Immunization Coverage,513001,355385,69.3
COUNTRIES,USA,United States of America,2020,PCV3,"Pneumococcal conjugate vaccine, final dose",WUENIC,WHO/UNICEF Estimates of National Immunization Coverage,2201061,1244000,56.5
COUNTRIES,USA,United States of America,2020,ROTAC,"Rotavirus, last dose",OFFICIAL,Official coverage,289017,190764,66.0
COUNTRIES,USA,United States of America,2021,BCG,BCG vaccine,OFFICIAL,Official coverage,1890083,1640798,86.8
COUNTRIES,USA,United States of America,2021,DTPCV1,"DTP-containing vaccine, 1st dose",OFFICIAL,Official coverage,1214795,883575,72.7
COUNTRIES,USA,United States of America,2021,DTPCV3,"DTP-containing vaccine, 3rd dose",OFFICIAL,Official coverage,2727747,2433589,89.2
COUNTRIES,USA,United States of America,2021,MCV1,"Measles-containing vaccine, 1st dose",ADMIN,Administrative coverage,3620599,2944771,81.3
COUNTRIES,USA,United States of America,2021,MCV2,"Measles-containing vaccine, 2nd dose",WUENIC,WHO/UNICEF Estimates of National Immunization Coverage,2993295,1433739,47.9
COUNTRIES,USA,United States of America,2021,POL3,"Polio, 3rd dose",ADMIN,Administrative coverage,145028,131578,90.7
COUNTRIES,USA,United States of America,2021,HEPB3,"Hepatitis B, 3rd dose",ADMIN,Administrative coverage,4735754,3634448,76.7
COUNTRIES,USA,United States of America,2021,HIB3,"Hib, 3rd dose",WUENIC,WHO/UNICEF Estimates of National Immunization Coverage,1279787,1071460,83.7
COUNTRIES,USA,United States of America,2021,PCV3,"Pneumococcal conjugate vaccine, final dose",ADMIN,Administrative coverage,1466828,1008000,68.7
COUNTRIES,USA,United States of America,2021,ROTAC,"Rotavirus, last dose",OFFICIAL,Official coverage,3675654,2323586,63.2
COUNTRIES,USA,United States of America,2022,BCG,BCG vaccine,ADMIN,Administrative coverage,1173389,1039158,88.6
COUNTRIES,USA,United States of America,2022,DTPCV1,"DTP-containing vaccine, 1st dose",ADMIN,Administrative coverage,451067,371205,82.3
COUNTRIES,USA,United States of America,2022,DTPCV3,"DTP-containing vaccine, 3rd dose",WUENIC,WHO/UNICEF Estimates of National Immunization Coverage,510796,428524,83.9
COUNTRIES,USA,United States of America,2022,MCV1,"Measles-containing vaccine, 1st dose",WUENIC,WHO/UNICEF Estimates of National Immunization Coverage,1054001,929858,88.2
COUNTRIES,USA,United States of America,2022,MCV2,"Measles-containing vaccine, 2nd dose",OFFICIAL,Official coverage,4736166,2297975,48.5
COUNTRIES,USA,United States of America,2022,POL3,"Polio, 3rd dose",ADMIN,Administrative coverage,1949054,1607901,82.5
COUNTRIES,USA,United States of America,2022,HEPB3,"Hepatitis B, 3rd dose",OFFICIAL,Official coverage,4224482,3037419,71.9
COUNTRIES,USA,United States of America,2022,HIB3,"Hib, 3rd dose",OFFICIAL,Official coverage,1974914,1592234,80.6
COUNTRIES,USA,United States of America,2022,PCV3,"Pneumococcal conjugate vaccine, final dose",ADMIN,Administrative coverage,4060162,2582403,63.6
COUNTRIES,USA,United States of America,2022,ROTAC,"Rotavirus, last dose",OFFICIAL,Official coverage,320914,161048,50.2
COUNTRIES,USA,United States of America,2023,BCG,BCG vaccine,OFFICIAL,Official coverage,412455,408330,99.0
COUNTRIES,USA,United States of America,2023,DTPCV1,"DTP-containing vaccine, 1st dose",ADMIN,Administrative coverage,3150581,2501219,79.4
COUNTRIES,USA,United States of America,2023,DTPCV3,"DTP-containing vaccine, 3rd dose",ADMIN,Administrative coverage,2134504,2048110,96.0
COUNTRIES,USA,United States of America,2023,MCV1,"Measles-containing vaccine, 1st dose",WUENIC,WHO/UNICEF Estimates of National Immunization Coverage,3880121,3536668,91.1
COUNTRIES,USA,United States of America,2023,MCV2,"Measles-containing vaccine, 2nd dose",OFFICIAL,Official coverage,1403324,747262,53.2
COUNTRIES,USA,United States of America,2023,POL3,"Polio, 3rd dose",OFFICIAL,Official coverage,4446720,3950250,88.8
COUNTRIES,USA,United States of America,2023,HEPB3,"Hepatitis B, 3rd dose",OFFICIAL,Official coverage,2714496,2257804,83.2
COUNTRIES,USA,United States of America,2023,HIB3,"Hib, 3rd dose",ADMIN,Administrative coverage,4125837,2883124,69.9
COUNTRIES,USA,United States of America,2023,PCV3,"Pneumococcal conjugate vaccine, final dose",ADMIN,Administrative coverage,535757,381108,71.1
COUNTRIES,USA,United States of America,2023,ROTAC,"Rotavirus, last dose",OFFICIAL,Official coverage,2442919,1461972,59.8
COUNTRIES,USA,United States of America,2024,BCG,BCG vaccine,OFFICIAL,Official coverage,4157834,4116255,99.0
COUNTRIES,USA,United States of America,2024,DTPCV1,"DTP-containing vaccine, 1st dose",ADMIN,Administrative coverage,4718170,3593853,76.2
COUNTRIES,USA,United States of America,2024,DTPCV3,"DTP-containing vaccine, 3rd dose",WUENIC,WHO/UNICEF Estimates of National Immunization Coverage,2754716,2727168,99.0
COUNTRIES,USA,United States of America,2024,MCV1,"Measles-containing vaccine, 1st dose",WUENIC,WHO/UNICEF Estimates of National Immunization Coverage,4435724,3784790,85.3
COUNTRIES,USA,United States of America,2024,MCV2,"Measles-containing vaccine, 2nd dose",WUENIC,WHO/UNICEF Estimates of National Immunization Coverage,2125915,1199324,56.4
COUNTRIES,USA,United States of America,2024,POL3,"Polio, 3rd dose",WUENIC,WHO/UNICEF Estimates of National Immunization Coverage,3950379,3910875,99.0
COUNTRIES,USA,United States of America,2024,HEPB3,"Hepatitis B, 3rd dose",OFFICIAL,Official coverage,697341,538060,77.2
COUNTRIES,USA,United States of America,2024,HIB3,"Hib, 3rd dose",WUENIC,WHO/UNICEF Estimates of National Immunization Coverage,4458285,3169029,71.1
COUNTRIES,USA,United States of America,2024,PCV3,"Pneumococcal conjugate vaccine, final dose",OFFICIAL,Official coverage,2434291,1433671,58.9
COUNTRIES,USA,United States of America,2024,ROTAC,"Rotavirus, last dose",OFFICIAL,Official coverage,3035696,1929031,63.5
COUNTRIES,CHN,China,2010,BCG,BCG vaccine,OFFICIAL,Official coverage,3351106,2483015,74.1
COUNTRIES,CHN,China,2010,DTPCV1,"DTP-containing vaccine, 1st dose",OFFICIAL,Official coverage,4068280,2182775,53.7
COUNTRIES,CHN,China,2010,DTPCV3,"DTP-containing vaccine, 3rd dose",WUENIC,WHO/UNICEF Estimates of National Immunization Coverage,4500252,3224601,71.7
COUNTRIES,CHN,China,2010,MCV1,"Measles-containing vaccine, 1st dose",WUENIC,WHO/UNICEF Estimates of National Immunization Coverage,3257796,2478254,76.1
COUNTRIES,CHN,China,2010,MCV2,"Measles-containing vaccine, 2nd dose",OFFICIAL,Official coverage,211445,104602,49.5
COUNTRIES,CHN,China,2010,POL3,"Polio, 3rd dose",OFFICIAL,Official coverage,1802374,1393962,77.3
COUNTRIES,CHN,China,2010,HEPB3,"Hepatitis B, 3rd dose",WUENIC,WHO/UNICEF Estimates of National Immunization Coverage,3358505,1800255,53.6
COUNTRIES,CHN,China,2010,HIB3,"Hib, 3rd dose",WUENIC,WHO/UNICEF Estimates of National Immunization Coverage,4251765,1833353,43.1
COUNTRIES,CHN,China,2010,PCV3,"Pneumococcal conjugate vaccine, final dose",ADMIN,Administrative coverage,4716805,2010877,42.6
COUNTRIES,CHN,China,2010,ROTAC,"Rotavirus, last dose",WUENIC,WHO/UNICEF Estimates of National Immunization Coverage,1829685,981970,53.7
COUNTRIES,CHN,China,2011,BCG,BCG vaccine,OFFICIAL,Official coverage,4804619,3219330,67.0
COUNTRIES,CHN,China,2011,DTPCV1,"DTP-containing vaccine, 1st dose",WUENIC,WHO/UNICEF Estimates of National Immunization Coverage,4952059,2271566,45.9
COUNTRIES,CHN,China,2011,DTPCV3,"DTP-containing vaccine, 3rd dose",ADMIN,Administrative coverage,2229431,1545454,69.3
COUNTRIES,CHN,China,2011,MCV1,"Measles-containing vaccine, 1st dose",ADMIN,Administrative coverage,1862375,1320437,70.9
COUNTRIES,CHN,China,2011,MCV2,"Measles-containing vaccine, 2nd dose",ADMIN,Administrative coverage,3677447,1842042,50.1
COUNTRIES,CHN,China,2011,POL3,"Polio, 3rd dose",ADMIN,Administrative coverage,857744,542633,63.3
COUNTRIES,CHN,China,2011,HEPB3,"Hepatitis B, 3rd dose",ADMIN,Administrative coverage,749539,437140,58.3
COUNTRIES,CHN,China,2011,HIB3,"Hib, 3rd dose",ADMIN,Administrative coverage,3705074,1466195,39.6
COUNTRIES,CHN,China,2011,PCV3,"Pneumococcal conjugate vaccine, final dose",OFFICIAL,Official coverage,3076394,1016209,33.0
COUNTRIES,CHN,China,2011,ROTAC,"Rotavirus, last dose",OFFICIAL,Official coverage,1383572,554162,40.1
COUNTRIES,CHN,China,2012,BCG,BCG vaccine,ADMIN,Administrative coverage,4755907,4048089,85.1
COUNTRIES,CHN,China,2012,DTPCV1,"DTP-containing vaccine, 1st dose",WUENIC,WHO/UNICEF Estimates of National Immunization Coverage,878791,652813,74.3
COUNTRIES,CHN,China,2012,DTPCV3,"DTP-containing vaccine, 3rd dose",ADMIN,Administrative coverage,2896274,2090616,72.2
COUNTRIES,CHN,China,2012,MCV1,"Measles-containing vaccine, 1st dose",ADMIN,Administrative coverage,426794,325533,76.3
COUNTRIES,CHN,China,2012,MCV2,"Measles-containing vaccine, 2nd dose",ADMIN,Administrative coverage,3083349,1416170,45.9
COUNTRIES,CHN,China,2012,POL3,"Polio, 3rd dose",ADMIN,Administrative coverage,3935180,3375958,85.8
COUNTRIES,CHN,China,2012,HEPB3,"Hepatitis B, 3rd dose",WUENIC,WHO/UNICEF Estimates of National Immunization Coverage,3349973,2257379,67.4
COUNTRIES,CHN,China,2012,HIB3,"Hib, 3rd dose",ADMIN,Administrative coverage,900350,548827,61.0
COUNTRIES,CHN,China,2012,PCV3,"Pneumococcal conjugate vaccine, final dose",OFFICIAL,Official coverage,3255228,1557742,47.9
COUNTRIES,CHN,China,2012,ROTAC,"Rotavirus, last dose",WUENIC,WHO/UNICEF Estimates of National Immunization Coverage,1631420,834927,51.2
COUNTRIES,CHN,China,2013,BCG,BCG vaccine,ADMIN,Administrative coverage,2878630,1729813,60.1
COUNTRIES,CHN,China,2013,DTPCV1,"DTP-containing vaccine, 1st dose",OFFICIAL,Official coverage,4374848,2413105,55.2
COUNTRIES,CHN,China,2013,DTPCV3,"DTP-containing vaccine, 3rd dose",OFFICIAL,Official coverage,3127099,2488522,79.6
COUNTRIES,CHN,China,2013,MCV1,"Measles-containing vaccine, 1st dose",OFFICIAL,Official coverage,1722795,1213369,70.4
COUNTRIES,CHN,China,2013,MCV2,"Measles-containing vaccine, 2nd dose",ADMIN,Administrative coverage,2989362,1557314,52.1
COUNTRIES,CHN,China,2013,POL3,"Polio, 3rd dose",WUENIC,WHO/UNICEF Estimates of National Immunization Coverage,4939084,3538197,71.6
COUNTRIES,CHN,China,2013,HEPB3,"Hepatitis B, 3rd dose",OFFICIAL,Official coverage,1592247,1083090,68.0
COUNTRIES,CHN,China,2013,HIB3,"Hib, 3rd dose",ADMIN,Administrative coverage,1550134,843664,54.4
COUNTRIES,CHN,China,2013,PCV3,"Pneumococcal conjugate vaccine, final dose",WUENIC,WHO/UNICEF Estimates of National Immunization Coverage,1755243,932744,53.1
COUNTRIES,CHN,China,2013,ROTAC,"Rotavirus, last dose",OFFICIAL,Official coverage,4938639,2745200,55.6
COUNTRIES,CHN,China,2014,BCG,BCG vaccine,WUENIC,WHO/UNICEF Estimates of National Immunization Coverage,838140,600413,71.6
COUNTRIES,CHN,China,2014,DTPCV1,"DTP-containing vaccine, 1st dose",ADMIN,Administrative coverage,2173238,1317150,60.6
COUNTRIES,CHN,China,2014,DTPCV3,"DTP-containing vaccine, 3rd dose",WUENIC,WHO/UNICEF Estimates of National Immunization Coverage,4638727,3756096,81.0
COUNTRIES,CHN,China,2014,MCV1,"Measles-containing vaccine, 1st dose",WUENIC,WHO/UNICEF Estimates of National Immunization Coverage,1589600,1161093,73.0
COUNTRIES,CHN,China,2014,MCV2,"Measles-containing vaccine, 2nd dose",OFFICIAL,Official coverage,2277503,1201103,52.7
COUNTRIES,CHN,China,2014,POL3,"Polio, 3rd dose",OFFICIAL,Official coverage,1466953,1074204,73.2
COUNTRIES,CHN,China,2014,HEPB3,"Hepatitis B, 3rd dose",ADMIN,Administrative coverage,4172186,2758578,66.1
COUNTRIES,CHN,China,2014,HIB3,"Hib, 3rd dose",OFFICIAL,Official coverage,3339791,1843492,55.2
COUNTRIES,CHN,China,2014,PCV3,"Pneumococcal conjugate vaccine, final dose",OFFICIAL,Official coverage,4805185,2656841,55.3
COUNTRIES,CHN,China,2014,ROTAC,"Rotavirus, last dose",WUENIC,WHO/UNICEF Estimates of National Immunization Coverage,464299,248193,53.5
COUNTRIES,CHN,China,2015,BCG,BCG vaccine,OFFICIAL,Official coverage,3726158,3269549,87.7
COUNTRIES,CHN,China,2015,DTPCV1,"DTP-containing vaccine, 1st dose",ADMIN,Administrative coverage,175438,115007,65.6
COUNTRIES,CHN,China,2015,DTPCV3,"DTP-containing vaccine, 3rd dose",ADMIN,Administrative coverage,1967043,1363439,69.3
COUNTRIES,CHN,China,2015,MCV1,"Measles-containing vaccine, 1st dose",OFFICIAL,Official coverage,858258,610604,71.1
COUNTRIES,CHN,China,2015,MCV2,"Measles-containing vaccine, 2nd dose",WUENIC,WHO/UNICEF Estimates of National Immunization Coverage,2914140,1736351,59.6
COUNTRIES,CHN,China,2015,POL3,"Polio, 3rd dose",WUENIC,WHO/UNICEF Estimates of National Immunization Coverage,267770,224426,83.8
COUNTRIES,CHN,China,2015,HEPB3,"Hepatitis B, 3rd dose",ADMIN,Administrative coverage,2487245,1770326,71.2
COUNTRIES,CHN,China,2015,HIB3,"Hib, 3rd dose",ADMIN,Administrative coverage,2752882,1828451,66.4
COUNTRIES,CHN,China,2015,PCV3,"Pneumococcal conjugate vaccine, final dose",OFFICIAL,Official coverage,1840008,947791,51.5
COUNTRIES,CHN,China,2015,ROTAC,"Rotavirus, last dose",ADMIN,Administrative coverage,2928350,1453873,49.6
COUNTRIES,CHN,China,2016,BCG,BCG vaccine,WUENIC,WHO/UNICEF Estimates of National Immunization Coverage,1499087,1205935,80.4
COUNTRIES,CHN,China,2016,DTPCV1,"DTP-containing vaccine, 1st dose",ADMIN,Administrative coverage,3866126,2519241,65.2
COUNTRIES,CHN,China,2016,DTPCV3,"DTP-containing vaccine, 3rd dose",OFFICIAL,Official coverage,2168433,1684774,77.7
COUNTRIES,CHN,China,2016,MCV1,"Measles-containing vaccine, 1st dose",ADMIN,Administrative coverage,1347991,984583,73.0
COUNTRIES,CHN,China,2016,MCV2,"Measles-containing vaccine, 2nd dose",ADMIN,Administrative coverage,3781404,2051091,54.2
COUNTRIES,CHN,China,2016,POL3,"Polio, 3rd dose",ADMIN,Administrative coverage,3014391,2528135,83.9
COUNTRIES,CHN,China,2016,HEPB3,"Hepatitis B, 3rd dose",ADMIN,Administrative coverage,1242097,860449,69.3
COUNTRIES,CHN,China,2016,HIB3,"Hib, 3rd dose",WUENIC,WHO/UNICEF Estimates of National Immunization Coverage,2782481,1989489,71.5
COUNTRIES,CHN,China,2016,PCV3,"Pneumococcal conjugate vaccine, final dose",ADMIN,Administrative coverage,3652615,1680778,46.0
COUNTRIES,CHN,China,2016,ROTAC,"Rotavirus, last dose",ADMIN,Administrative coverage,3264215,1563315,47.9
COUNTRIES,CHN,China,2017,BCG,BCG vaccine,OFFICIAL,Official coverage,3510989,3149440,89.7
COUNTRIES,CHN,China,2017,DTPCV1,"DTP-containing vaccine, 1st dose",WUENIC,WHO/UNICEF Estimates of National Immunization Coverage,2300397,1558259,67.7
COUNTRIES,CHN,China,2017,DTPCV3,"DTP-containing vaccine, 3rd dose",ADMIN,Administrative coverage,1734532,1601838,92.3
COUNTRIES,CHN,China,2017,MCV1,"Measles-containing vaccine, 1st dose",OFFICIAL,Official coverage,4523014,3467857,76.7
COUNTRIES,CHN,China,2017,MCV2,"Measles-containing vaccine, 2nd dose",OFFICIAL,Official coverage,612621,403753,65.9
COUNTRIES,CHN,China,2017,POL3,"Polio, 3rd dose",OFFICIAL,Official coverage,1648099,1302148,79.0
COUNTRIES,CHN,China,2017,HEPB3,"Hepatitis B, 3rd dose",WUENIC,WHO/UNICEF Estimates of National Immunization Coverage,1261569,911445,72.2
COUNTRIES,CHN,China,2017,HIB3,"Hib, 3rd dose",OFFICIAL,Official coverage,3438445,2406072,70.0
COUNTRIES,CHN,China,2017,PCV3,"Pneumococcal conjugate vaccine, final dose",OFFICIAL,Official coverage,1329180,761758,57.3
COUNTRIES,CHN,China,2017,ROTAC,"Rotavirus, last dose",ADMIN,Administrative coverage,1858286,1094895,58.9
COUNTRIES,CHN,China,2018,BCG,BCG vaccine,ADMIN,Administrative coverage,4413089,3815103,86.4
COUNTRIES,CHN,China,2018,DTPCV1,"DTP-containing vaccine, 1st dose",ADMIN,Administrative coverage,491904,361539,73.5
COUNTRIES,CHN,China,2018,DTPCV3,"DTP-containing vaccine, 3rd dose",WUENIC,WHO/UNICEF Estimates of National Immunization Coverage,628526,543564,86.5
COUNTRIES,CHN,China,2018,MCV1,"Measles-containing vaccine, 1st dose",OFFICIAL,Official coverage,864422,666253,77.1
COUNTRIES,CHN,China,2018,MCV2,"Measles-containing vaccine, 2nd dose",ADMIN,Administrative coverage,784983,393530,50.1
COUNTRIES,CHN,China,2018,POL3,"Polio, 3rd dose",ADMIN,Administrative coverage,3739024,3402687,91.0
COUNTRIES,CHN,China,2018,HEPB3,"Hepatitis B, 3rd dose",WUENIC,WHO/UNICEF Estimates of National Immunization Coverage,2331608,1473348,63.2
COUNTRIES,CHN,China,2018,HIB3,"Hib, 3rd dose",OFFICIAL,Official coverage,1010652,747833,74.0
COUNTRIES,CHN,China,2018,PCV3,"Pneumococcal conjugate vaccine, final dose",ADMIN,Administrative coverage,1598485,961068,60.1
COUNTRIES,CHN,China,2018,ROTAC,"Rotavirus, last dose",ADMIN,Administrative coverage,805612,452546,56.2
COUNTRIES,CHN,China,2019,BCG,BCG vaccine,OFFICIAL,Official coverage,2191912,1921823,87.7
COUNTRIES,CHN,China,2019,DTPCV1,"DTP-containing vaccine, 1st dose",WUENIC,WHO/UNICEF Estimates of National Immunization Coverage,4755815,2947119,62.0
COUNTRIES,CHN,China,2019,DTPCV3,"DTP-containing vaccine, 3rd dose",ADMIN,Administrative coverage,1454355,1091593,75.1
COUNTRIES,CHN,China,2019,MCV1,"Measles-containing vaccine, 1st dose",OFFICIAL,Official coverage,2514722,2312736,92.0
COUNTRIES,CHN,China,2019,MCV2,"Measles-containing vaccine, 2nd dose",WUENIC,WHO/UNICEF Estimates of National Immunization Coverage,2951092,1153826,39.1
COUNTRIES,CHN,China,2019,POL3,"Polio, 3rd dose",ADMIN,Administrative coverage,2920574,2431629,83.3
COUNTRIES,CHN,China,2019,HEPB3,"Hepatitis B, 3rd dose",OFFICIAL,Official coverage,2938939,2064879,70.3
COUNTRIES,CHN,China,2019,HIB3,"Hib, 3rd dose",ADMIN,Administrative coverage,3931857,2276200,57.9
COUNTRIES,CHN,China,2019,PCV3,"Pneumococcal conjugate vaccine, final dose",OFFICIAL,Official coverage,4789400,2952172,61.6
COUNTRIES,CHN,China,2019,ROTAC,"Rotavirus, last dose",WUENIC,WHO/UNICEF Estimates of National Immunization Coverage,388540,246865,63.5
COUNTRIES,CHN,China,2020,BCG,BCG vaccine,OFFICIAL,Official coverage,3410492,2696469,79.1
COUNTRIES,CHN,China,2020,DTPCV1,"DTP-containing vaccine, 1st dose",WUENIC,WHO/UNICEF Estimates of National Immunization Coverage,1408097,938585,66.7
COUNTRIES,CHN,China,2020,DTPCV3,"DTP-containing vaccine, 3rd dose",OFFICIAL,Official coverage,1344315,1157541,86.1
COUNTRIES,CHN,China,2020,MCV1,"Measles-containing vaccine, 1st dose",WUENIC,WHO/UNICEF Estimates of National Immunization Coverage,4560784,3752644,82.3
COUNTRIES,CHN,China,2020,MCV2,"Measles-containing vaccine, 2nd dose",WUENIC,WHO/UNICEF Estimates of National Immunization Coverage,1339467,815839,60.9
COUNTRIES,CHN,China,2020,POL3,"Polio, 3rd dose",OFFICIAL,Official coverage,3337093,2753567,82.5
COUNTRIES,CHN,China,2020,HEPB3,"Hepatitis B, 3rd dose",ADMIN,Administrative coverage,112507,81440,72.4
COUNTRIES,CHN,China,2020,HIB3,"Hib, 3rd dose",ADMIN,Administrative coverage,3968949,2576671,64.9
COUNTRIES,CHN,China,2020,PCV3,"Pneumococcal conjugate vaccine, final dose",OFFICIAL,Official coverage,1761952,1024948,58.2
COUNTRIES,CHN,China,2020,ROTAC,"Rotavirus, last dose",OFFICIAL,Official coverage,757173,394072,52.0
COUNTRIES,CHN,China,2021,BCG,BCG vaccine,WUENIC,WHO/UNICEF Estimates of National Immunization Coverage,4560579,3937873,86.3
COUNTRIES,CHN,China,2021,DTPCV1,"DTP-containing vaccine, 1st dose",ADMIN,Administrative coverage,2585232,1794070,69.4
COUNTRIES,CHN,China,2021,DTPCV3,"DTP-containing vaccine, 3rd dose",ADMIN,Administrative coverage,2428907,1932755,79.6
COUNTRIES,CHN,China,2021,MCV1,"Measles-containing vaccine, 1st dose",OFFICIAL,Official coverage,2413162,1948533,80.7
COUNTRIES,CHN,China,2021,MCV2,"Measles-containing vaccine, 2nd dose",ADMIN,Administrative coverage,965113,645495,66.9
COUNTRIES,CHN,China,2021,POL3,"Polio, 3rd dose",ADMIN,Administrative coverage,342575,312546,91.2
COUNTRIES,CHN,China,2021,HEPB3,"Hepatitis B, 3rd dose",ADMIN,Administrative coverage,3251078,1762328,54.2
COUNTRIES,CHN,China,2021,HIB3,"Hib, 3rd dose",OFFICIAL,Official coverage,4226426,3108307,73.5
COUNTRIES,CHN,China,2021,PCV3,"Pneumococcal conjugate vaccine, final dose",WUENIC,WHO/UNICEF Estimates of National Immunization Coverage,1548339,973699,62.9
COUNTRIES,CHN,China,2021,ROTAC,"Rotavirus, last dose",ADMIN,Administrative coverage,4192535,2660231,63.5
COUNTRIES,CHN,China,2022,BCG,BCG vaccine,WUENIC,WHO/UNICEF Estimates of National Immunization Coverage,828883,749170,90.4
COUNTRIES,CHN,China,2022,DTPCV1,"DTP-containing vaccine, 1st dose",WUENIC,WHO/UNICEF Estimates of National Immunization Coverage,3248156,2518303,77.5
COUNTRIES,CHN,China,2022,DTPCV3,"DTP-containing vaccine, 3rd dose",ADMIN,Administrative coverage,812371,749791,92.3
COUNTRIES,CHN,China,2022,MCV1,"Measles-containing vaccine, 1st dose",ADMIN,Administrative coverage,1967160,1739225,88.4
COUNTRIES,CHN,China,2022,MCV2,"Measles-containing vaccine, 2nd dose",OFFICIAL,Official coverage,4421545,2652857,60.0
COUNTRIES,CHN,China,2022,POL3,"Polio, 3rd dose",ADMIN,Administrative coverage,358617,306467,85.5
COUNTRIES,CHN,China,2022,HEPB3,"Hepatitis B, 3rd dose",OFFICIAL,Official coverage,3686562,2787249,75.6
COUNTRIES,CHN,China,2022,HIB3,"Hib, 3rd dose",OFFICIAL,Official coverage,1347819,944057,70.0
COUNTRIES,CHN,China,2022,PCV3,"Pneumococcal conjugate vaccine, final dose",OFFICIAL,Official coverage,606718,370873,61.1
COUNTRIES,CHN,China,2022,ROTAC,"Rotavirus, last dose",WUENIC,WHO/UNICEF Estimates of National Immunization Coverage,402414,268534,66.7
COUNTRIES,CHN,China,2023,BCG,BCG vaccine,ADMIN,Administrative coverage,2813545,2330145,82.8
COUNTRIES,CHN,China,2023,DTPCV1,"DTP-containing vaccine, 1st dose",ADMIN,Administrative coverage,3927809,3582802,91.2
COUNTRIES,CHN,China,2023,DTPCV3,"DTP-containing vaccine, 3rd dose",ADMIN,Administrative coverage,3280431,3247626,99.0
COUNTRIES,CHN,China,2023,MCV1,"Measles-containing vaccine, 1st dose",WUENIC,WHO/UNICEF Estimates of National Immunization Coverage,4026765,3606145,89.6
COUNTRIES,CHN,China,2023,MCV2,"Measles-containing vaccine, 2nd dose",OFFICIAL,Official coverage,2972705,1606432,54.0
COUNTRIES,CHN,China,2023,POL3,"Polio, 3rd dose",ADMIN,Administrative coverage,1456978,1326334,91.0
COUNTRIES,CHN,China,2023,HEPB3,"Hepatitis B, 3rd dose",OFFICIAL,Official coverage,1034156,849345,82.1
COUNTRIES,CHN,China,2023,HIB3,"Hib, 3rd dose",WUENIC,WHO/UNICEF Estimates of National Immunization Coverage,1253920,929679,74.1
COUNTRIES,CHN,China,2023,PCV3,"Pneumococcal conjugate vaccine, final dose",OFFICIAL,Official coverage,797852,362980,45.5
COUNTRIES,CHN,China,2023,ROTAC,"Rotavirus, last dose",OFFICIAL,Official coverage,1157810,802200,69.3
COUNTRIES,CHN,China,2024,BCG,BCG vaccine,OFFICIAL,Official coverage,1871367,1463689,78.2
COUNTRIES,CHN,China,2024,DTPCV1,"DTP-containing vaccine, 1st dose",ADMIN,Administrative coverage,1399590,1115436,79.7
COUNTRIES,CHN,China,2024,DTPCV3,"DTP-containing vaccine, 3rd dose",OFFICIAL,Official coverage,3095529,2613262,84.4
COUNTRIES,CHN,China,2024,MCV1,"Measles-containing vaccine, 1st dose",OFFICIAL,Official coverage,2947706,2918228,99.0
COUNTRIES,CHN,China,2024,MCV2,"Measles-containing vaccine, 2nd dose",WUENIC,WHO/UNICEF Estimates of National Immunization Coverage,3251473,2121980,65.3
COUNTRIES,CHN,China,2024,POL3,"Polio, 3rd dose",WUENIC,WHO/UNICEF Estimates of National Immunization Coverage,2561910,2413693,94.2
COUNTRIES,CHN,China,2024,HEPB3,"Hepatitis B, 3rd dose",OFFICIAL,Official coverage,2765223,2225963,80.5
COUNTRIES,CHN,China,2024,HIB3,"Hib, 3rd dose",WUENIC,WHO/UNICEF Estimates of National Immunization Coverage,189227,150129,79.3
COUNTRIES,CHN,China,2024,PCV3,"Pneumococcal conjugate vaccine, final dose",OFFICIAL,Official coverage,742137,460721,62.1
COUNTRIES,CHN,China,2024,ROTAC,"Rotavirus, last dose",ADMIN,Administrative coverage,4206004,2933639,69.7
COUNTRIES,ETH,Ethiopia,2010,BCG,BCG vaccine,ADMIN,Administrative coverage,1856684,1611560,86.8
COUNTRIES,ETH,Ethiopia,2010,DTPCV1,"DTP-containing vaccine, 1st dose",OFFICIAL,Official coverage,4634946,2457624,53.0
COUNTRIES,ETH,Ethiopia,2010,DTPCV3,"DTP-containing vaccine, 3rd dose",ADMIN,Administrative coverage,4351400,2819925,64.8
COUNTRIES,ETH,Ethiopia,2010,MCV1,"Measles-containing vaccine, 1st dose",ADMIN,Administrative coverage,1590724,1281653,80.6
COUNTRIES,ETH,Ethiopia,2010,MCV2,"Measles-containing vaccine, 2nd dose",ADMIN,Administrative coverage,4612530,2112730,45.8
COUNTRIES,ETH,Ethiopia,2010,POL3,"Polio, 3rd dose",WUENIC,WHO/UNICEF Estimates of National Immunization Coverage,1938529,1448117,74.7
COUNTRIES,ETH,Ethiopia,2010,HEPB3,"Hepatitis B, 3rd dose",WUENIC,WHO/UNICEF Estimates of National Immunization Coverage,1686675,819188,48.6
COUNTRIES,ETH,Ethiopia,2010,HIB3,"Hib, 3rd dose",WUENIC,WHO/UNICEF Estimates of National Immunization Coverage,1256184,765879,61.0
COUNTRIES,ETH,Ethiopia,2010,PCV3,"Pneumococcal conjugate vaccine, final dose",OFFICIAL,Official coverage,1810511,1100999,60.8
COUNTRIES,ETH,Ethiopia,2010,ROTAC,"Rotavirus, last dose",WUENIC,WHO/UNICEF Estimates of National Immunization Coverage,4189289,1360935,32.5
COUNTRIES,ETH,Ethiopia,2011,BCG,BCG vaccine,WUENIC,WHO/UNICEF Estimates of National Immunization Coverage,1834006,1283566,70.0
COUNTRIES,ETH,Ethiopia,2011,DTPCV1,"DTP-containing vaccine, 1st dose",OFFICIAL,Official coverage,975779,623261,63.9
COUNTRIES,ETH,Ethiopia,2011,DTPCV3,"DTP-containing vaccine, 3rd dose",ADMIN,Administrative coverage,2579832,1998565,77.5
COUNTRIES,ETH,Ethiopia,2011,MCV1,"Measles-containing vaccine, 1st dose",ADMIN,Administrative coverage,3682632,2154329,58.5
COUNTRIES,ETH,Ethiopia,2011,MCV2,"Measles-containing vaccine, 2nd dose",OFFICIAL,Official coverage,1424073,663463,46.6
COUNTRIES,ETH,Ethiopia,2011,POL3,"Polio, 3rd dose",WUENIC,WHO/UNICEF Estimates of National Immunization Coverage,1474663,1138102,77.2
COUNTRIES,ETH,Ethiopia,2011,HEPB3,"Hepatitis B, 3rd dose",WUENIC,WHO/UNICEF Estimates of National Immunization Coverage,3341070,2218011,66.4
COUNTRIES,ETH,Ethiopia,2011,HIB3,"Hib, 3rd dose",WUENIC,WHO/UNICEF Estimates of National Immunization Coverage,1569593,752330,47.9
COUNTRIES,ETH,Ethiopia,2011,PCV3,"Pneumococcal conjugate vaccine, final dose",ADMIN,Administrative coverage,197745,93683,47.4
COUNTRIES,ETH,Ethiopia,2011,ROTAC,"Rotavirus, last dose",ADMIN,Administrative coverage,2033044,1116552,54.9
COUNTRIES,ETH,Ethiopia,2012,BCG,BCG vaccine,WUENIC,WHO/UNICEF Estimates of National Immunization Coverage,3364344,2274105,67.6
COUNTRIES,ETH,Ethiopia,2012,DTPCV1,"DTP-containing vaccine, 1st dose",ADMIN,Administrative coverage,1997238,1163854,58.3
COUNTRIES,ETH,Ethiopia,2012,DTPCV3,"DTP-containing vaccine, 3rd dose",WUENIC,WHO/UNICEF Estimates of National Immunization Coverage,4859045,3811191,78.4
COUNTRIES,ETH,Ethiopia,2012,MCV1,"Measles-containing vaccine, 1st dose",WUENIC,WHO/UNICEF Estimates of National Immunization Coverage,3353364,2139769,63.8
COUNTRIES,ETH,Ethiopia,2012,MCV2,"Measles-containing vaccine, 2nd dose",WUENIC,WHO/UNICEF Estimates of National Immunization Coverage,1149577,454101,39.5
COUNTRIES,ETH,Ethiopia,2012,POL3,"Polio, 3rd dose",ADMIN,Administrative coverage,1652970,1048209,63.4
COUNTRIES,ETH,Ethiopia,2012,HEPB3,"Hepatitis B, 3rd dose",WUENIC,WHO/UNICEF Estimates of National Immunization Coverage,1581064,1016104,64.3
COUNTRIES,ETH,Ethiopia,2012,HIB3,"Hib, 3rd dose",ADMIN,Administrative coverage,2126198,1190409,56.0
COUNTRIES,ETH,Ethiopia,2012,PCV3,"Pneumococcal conjugate vaccine, final dose",OFFICIAL,Official coverage,3331941,1988430,59.7
COUNTRIES,ETH,Ethiopia,2012,ROTAC,"Rotavirus, last dose",OFFICIAL,Official coverage,1470858,503609,34.2
COUNTRIES,ETH,Ethiopia,2013,BCG,BCG vaccine,OFFICIAL,Official coverage,1495065,904707,60.5
COUNTRIES,ETH,Ethiopia,2013,DTPCV1,"DTP-containing vaccine, 1st dose",OFFICIAL,Official coverage,1691232,1024290,60.6
COUNTRIES,ETH,Ethiopia,2013,DTPCV3,"DTP-containing vaccine, 3rd dose",OFFICIAL,Official coverage,4495818,3211283,71.4
COUNTRIES,ETH,Ethiopia,2013,MCV1,"Measles-containing vaccine, 1st dose",ADMIN,Administrative coverage,4680232,3580452,76.5
COUNTRIES,ETH,Ethiopia,2013,MCV2,"Measles-containing vaccine, 2nd dose",OFFICIAL,Official coverage,3579921,2081922,58.2
COUNTRIES,ETH,Ethiopia,2013,POL3,"Polio, 3rd dose",ADMIN,Administrative coverage,4656976,3840340,82.5
COUNTRIES,ETH,Ethiopia,2013,HEPB3,"Hepatitis B, 3rd dose",ADMIN,Administrative coverage,587977,381170,64.8
COUNTRIES,ETH,Ethiopia,2013,HIB3,"Hib, 3rd dose",ADMIN,Administrative coverage,1898058,1193360,62.9
COUNTRIES,ETH,Ethiopia,2013,PCV3,"Pneumococcal conjugate vaccine, final dose",WUENIC,WHO/UNICEF Estimates of National Immunization Coverage,2209173,1171215,53.0
COUNTRIES,ETH,Ethiopia,2013,ROTAC,"Rotavirus, last dose",OFFICIAL,Official coverage,2118671,1180766,55.7
COUNTRIES,ETH,Ethiopia,2014,BCG,BCG vaccine,WUENIC,WHO/UNICEF Estimates of National Immunization Coverage,387369,308475,79.6
COUNTRIES,ETH,Ethiopia,2014,DTPCV1,"DTP-containing vaccine, 1st dose",ADMIN,Administrative coverage,1926336,1092658,56.7
COUNTRIES,ETH,Ethiopia,2014,DTPCV3,"DTP-containing vaccine, 3rd dose",OFFICIAL,Official coverage,4803267,3748874,78.0
COUNTRIES,ETH,Ethiopia,2014,MCV1,"Measles-containing vaccine, 1st dose",ADMIN,Administrative coverage,742924,545410,73.4
COUNTRIES,ETH,Ethiopia,2014,MCV2,"Measles-containing vaccine, 2nd dose",OFFICIAL,Official coverage,1711655,994866,58.1
COUNTRIES,ETH,Ethiopia,2014,POL3,"Polio, 3rd dose",OFFICIAL,Official coverage,1073920,865597,80.6
COUNTRIES,ETH,Ethiopia,2014,HEPB3,"Hepatitis B, 3rd dose",ADMIN,Administrative coverage,3869712,2304565,59.6
COUNTRIES,ETH,Ethiopia,2014,HIB3,"Hib, 3rd dose",WUENIC,WHO/UNICEF Estimates of National Immunization Coverage,2523199,1145865,45.4
COUNTRIES,ETH,Ethiopia,2014,PCV3,"Pneumococcal conjugate vaccine, final dose",WUENIC,WHO/UNICEF Estimates of National Immunization Coverage,347675,189011,54.4
COUNTRIES,ETH,Ethiopia,2014,ROTAC,"Rotavirus, last dose",ADMIN,Administrative coverage,175355,85181,48.6
COUNTRIES,ETH,Ethiopia,2015,BCG,BCG vaccine,ADMIN,Administrative coverage,1425607,1105584,77.6
COUNTRIES,ETH,Ethiopia,2015,DTPCV1,"DTP-containing vaccine, 1st dose",OFFICIAL,Official coverage,1609757,1180317,73.3
COUNTRIES,ETH,Ethiopia,2015,DTPCV3,"DTP-containing vaccine, 3rd dose",ADMIN,Administrative coverage,4649409,3629234,78.1
COUNTRIES,ETH,Ethiopia,2015,MCV1,"Measles-containing vaccine, 1st dose",ADMIN,Administrative coverage,634010,458908,72.4
COUNTRIES,ETH,Ethiopia,2015,MCV2,"Measles-containing vaccine, 2nd dose",WUENIC,WHO/UNICEF Estimates of National Immunization Coverage,903392,466168,51.6
COUNTRIES,ETH,Ethiopia,2015,POL3,"Polio, 3rd dose",ADMIN,Administrative coverage,204692,170147,83.1
COUNTRIES,ETH,Ethiopia,2015,HEPB3,"Hepatitis B, 3rd dose",ADMIN,Administrative coverage,2441098,1394135,57.1
COUNTRIES,ETH,Ethiopia,2015,HIB3,"Hib, 3rd dose",ADMIN,Administrative coverage,1874964,1136848,60.6
COUNTRIES,ETH,Ethiopia,2015,PCV3,"Pneumococcal conjugate vaccine, final dose",OFFICIAL,Official coverage,1438509,817482,56.8
COUNTRIES,ETH,Ethiopia,2015,ROTAC,"Rotavirus, last dose",OFFICIAL,Official coverage,4623574,2370604,51.3
COUNTRIES,ETH,Ethiopia,2016,BCG,BCG vaccine,WUENIC,WHO/UNICEF Estimates of National Immunization Coverage,1618146,1339614,82.8
COUNTRIES,ETH,Ethiopia,2016,DTPCV1,"DTP-containing vaccine, 1st dose",ADMIN,Administrative coverage,4495975,3357830,74.7
COUNTRIES,ETH,Ethiopia,2016,DTPCV3,"DTP-containing vaccine, 3rd dose",ADMIN,Administrative coverage,1674777,1377325,82.2
COUNTRIES,ETH,Ethiopia,2016,MCV1,"Measles-containing vaccine, 1st dose",ADMIN,Administrative coverage,3957129,3112729,78.7
COUNTRIES,ETH,Ethiopia,2016,MCV2,"Measles-containing vaccine, 2nd dose",OFFICIAL,Official coverage,3519992,2151474,61.1
COUNTRIES,ETH,Ethiopia,2016,POL3,"Polio, 3rd dose",OFFICIAL,Official coverage,3576362,3121520,87.3
COUNTRIES,ETH,Ethiopia,2016,HEPB3,"Hepatitis B, 3rd dose",WUENIC,WHO/UNICEF Estimates of National Immunization Coverage,2645834,1776009,67.1
COUNTRIES,ETH,Ethiopia,2016,HIB3,"Hib, 3rd dose",OFFICIAL,Official coverage,1563083,1307225,83.6
COUNTRIES,ETH,Ethiopia,2016,PCV3,"Pneumococcal conjugate vaccine, final dose",ADMIN,Administrative coverage,1448949,792584,54.7
COUNTRIES,ETH,Ethiopia,2016,ROTAC,"Rotavirus, last dose",ADMIN,Administrative coverage,1129525,645721,57.2
COUNTRIES,ETH,Ethiopia,2017,BCG,BCG vaccine,OFFICIAL,Official coverage,3001720,2463770,82.1
COUNTRIES,ETH,Ethiopia,2017,DTPCV1,"DTP-containing vaccine, 1st dose",OFFICIAL,Official coverage,339134,200082,59.0
COUNTRIES,ETH,Ethiopia,2017,DTPCV3,"DTP-containing vaccine, 3rd dose",WUENIC,WHO/UNICEF Estimates of National Immunization Coverage,4374660,3805568,87.0
COUNTRIES,ETH,Ethiopia,2017,MCV1,"Measles-containing vaccine, 1st dose",OFFICIAL,Official coverage,2766207,1972689,71.3
COUNTRIES,ETH,Ethiopia,2017,MCV2,"Measles-containing vaccine, 2nd dose",WUENIC,WHO/UNICEF Estimates of National Immunization Coverage,1620234,984208,60.7
COUNTRIES,ETH,Ethiopia,2017,POL3,"Polio, 3rd dose",OFFICIAL,Official coverage,1927145,1314463,68.2
COUNTRIES,ETH,Ethiopia,2017,HEPB3,"Hepatitis B, 3rd dose",OFFICIAL,Official coverage,4044420,2579560,63.8
COUNTRIES,ETH,Ethiopia,2017,HIB3,"Hib, 3rd dose",OFFICIAL,Official coverage,2231533,1511068,67.7
COUNTRIES,ETH,Ethiopia,2017,PCV3,"Pneumococcal conjugate vaccine, final dose",ADMIN,Administrative coverage,2341136,1307530,55.9
COUNTRIES,ETH,Ethiopia,2017,ROTAC,"Rotavirus, last dose",WUENIC,WHO/UNICEF Estimates of National Immunization Coverage,4497395,2404004,53.5
COUNTRIES,ETH,Ethiopia,2018,BCG,BCG vaccine,WUENIC,WHO/UNICEF Estimates of National Immunization Coverage,2617587,2305132,88.1
COUNTRIES,ETH,Ethiopia,2018,DTPCV1,"DTP-containing vaccine, 1st dose",OFFICIAL,Official coverage,1958911,1541131,78.7
COUNTRIES,ETH,Ethiopia,2018,DTPCV3,"DTP-containing vaccine, 3rd dose",WUENIC,WHO/UNICEF Estimates of National Immunization Coverage,2229441,1679328,75.3
COUNTRIES,ETH,Ethiopia,2018,MCV1,"Measles-containing vaccine, 1st dose",WUENIC,WHO/UNICEF Estimates of National Immunization Coverage,1411236,1289466,91.4
COUNTRIES,ETH,Ethiopia,2018,MCV2,"Measles-containing vaccine, 2nd dose",OFFICIAL,Official coverage,1884907,1113737,59.1
COUNTRIES,ETH,Ethiopia,2018,POL3,"Polio, 3rd dose",ADMIN,Administrative coverage,3850986,3249347,84.4
COUNTRIES,ETH,Ethiopia,2018,HEPB3,"Hepatitis B, 3rd dose",ADMIN,Administrative coverage,2868907,2282098,79.5
COUNTRIES,ETH,Ethiopia,2018,HIB3,"Hib, 3rd dose",ADMIN,Administrative coverage,3914044,3026454,77.3
COUNTRIES,ETH,Ethiopia,2018,PCV3,"Pneumococcal conjugate vaccine, final dose",ADMIN,Administrative coverage,271552,133644,49.2
COUNTRIES,ETH,Ethiopia,2018,ROTAC,"Rotavirus, last dose",OFFICIAL,Official coverage,4330650,1818026,42.0
COUNTRIES,ETH,Ethiopia,2019,BCG,BCG vaccine,WUENIC,WHO/UNICEF Estimates of National Immunization Coverage,4802989,4202494,87.5
COUNTRIES,ETH,Ethiopia,2019,DTPCV1,"DTP-containing vaccine, 1st dose",ADMIN,Administrative coverage,4616701,3336767,72.3
COUNTRIES,ETH,Ethiopia,2019,DTPCV3,"DTP-containing vaccine, 3rd dose",OFFICIAL,Official coverage,3030672,2767626,91.3
COUNTRIES,ETH,Ethiopia,2019,MCV1,"Measles-containing vaccine, 1st dose",OFFICIAL,Official coverage,4943180,3829839,77.5
COUNTRIES,ETH,Ethiopia,2019,MCV2,"Measles-containing vaccine, 2nd dose",WUENIC,WHO/UNICEF Estimates of National Immunization Coverage,3549701,1957192,55.1
COUNTRIES,ETH,Ethiopia,2019,POL3,"Polio, 3rd dose",WUENIC,WHO/UNICEF Estimates of National Immunization Coverage,1693707,1598875,94.4
COUNTRIES,ETH,Ethiopia,2019,HEPB3,"Hepatitis B, 3rd dose",WUENIC,WHO/UNICEF Estimates of National Immunization Coverage,4943091,2929819,59.3
COUNTRIES,ETH,Ethiopia,2019,HIB3,"Hib, 3rd dose",OFFICIAL,Official coverage,2302641,1598239,69.4
COUNTRIES,ETH,Ethiopia,2019,PCV3,"Pneumococcal conjugate vaccine, final dose",OFFICIAL,Official coverage,2455514,1182769,48.2
COUNTRIES,ETH,Ethiopia,2019,ROTAC,"Rotavirus, last dose",OFFICIAL,Official coverage,3380922,2093357,61.9
COUNTRIES,ETH,Ethiopia,2020,BCG,BCG vaccine,OFFICIAL,Official coverage,4538155,3948942,87.0
COUNTRIES,ETH,Ethiopia,2020,DTPCV1,"DTP-containing vaccine, 1st dose",OFFICIAL,Official coverage,3816001,2556374,67.0
COUNTRIES,ETH,Ethiopia,2020,DTPCV3,"DTP-containing vaccine, 3rd dose",ADMIN,Administrative coverage,903605,747898,82.8
COUNTRIES,ETH,Ethiopia,2020,MCV1,"Measles-containing vaccine, 1st dose",WUENIC,WHO/UNICEF Estimates of National Immunization Coverage,478745,396218,82.8
COUNTRIES,ETH,Ethiopia,2020,MCV2,"Measles-containing vaccine, 2nd dose",OFFICIAL,Official coverage,2982977,1822173,61.1
COUNTRIES,ETH,Ethiopia,2020,POL3,"Polio, 3rd dose",WUENIC,WHO/UNICEF Estimates of National Immunization Coverage,4589170,3961338,86.3
COUNTRIES,ETH,Ethiopia,2020,HEPB3,"Hepatitis B, 3rd dose",OFFICIAL,Official coverage,702416,430713,61.3
COUNTRIES,ETH,Ethiopia,2020,HIB3,"Hib, 3rd dose",ADMIN,Administrative coverage,1757542,1114223,63.4
COUNTRIES,ETH,Ethiopia,2020,PCV3,"Pneumococcal conjugate vaccine, final dose",WUENIC,WHO/UNICEF Estimates of National Immunization Coverage,1524620,1042714,68.4
COUNTRIES,ETH,Ethiopia,2020,ROTAC,"Rotavirus, last dose",WUENIC,WHO/UNICEF Estimates of National Immunization Coverage,3188102,1793803,56.3
COUNTRIES,ETH,Ethiopia,2021,BCG,BCG vaccine,ADMIN,Administrative coverage,2500979,1886006,75.4
COUNTRIES,ETH,Ethiopia,2021,DTPCV1,"DTP-containing vaccine, 1st dose",ADMIN,Administrative coverage,1121984,932281,83.1
COUNTRIES,ETH,Ethiopia,2021,DTPCV3,"DTP-containing vaccine, 3rd dose",WUENIC,WHO/UNICEF Estimates of National Immunization Coverage,705496,627652,89.0
COUNTRIES,ETH,Ethiopia,2021,MCV1,"Measles-containing vaccine, 1st dose",ADMIN,Administrative coverage,126240,87417,69.2
COUNTRIES,ETH,Ethiopia,2021,MCV2,"Measles-containing vaccine, 2nd dose",OFFICIAL,Official coverage,3941151,2301032,58.4
COUNTRIES,ETH,Ethiopia,2021,POL3,"Polio, 3rd dose",OFFICIAL,Official coverage,948332,938848,99.0
COUNTRIES,ETH,Ethiopia,2021,HEPB3,"Hepatitis B, 3rd dose",ADMIN,Administrative coverage,4075942,3095437,75.9
COUNTRIES,ETH,Ethiopia,2021,HIB3,"Hib, 3rd dose",OFFICIAL,Official coverage,1612518,1034438,64.2
COUNTRIES,ETH,Ethiopia,2021,PCV3,"Pneumococcal conjugate vaccine, final dose",ADMIN,Administrative coverage,1732678,1081136,62.4
COUNTRIES,ETH,Ethiopia,2021,ROTAC,"Rotavirus, last dose",ADMIN,Administrative coverage,644557,486364,75.5
COUNTRIES,ETH,Ethiopia,2022,BCG,BCG vaccine,ADMIN,Administrative coverage,1040121,1008408,97.0
COUNTRIES,ETH,Ethiopia,2022,DTPCV1,"DTP-containing vaccine, 1st dose",OFFICIAL,Official coverage,4159545,3646730,87.7
COUNTRIES,ETH,Ethiopia,2022,DTPCV3,"DTP-containing vaccine, 3rd dose",ADMIN,Administrative coverage,3981814,3457461,86.8
COUNTRIES,ETH,Ethiopia,2022,MCV1,"Measles-containing vaccine, 1st dose",WUENIC,WHO/UNICEF Estimates of National Immunization Coverage,3502814,2916323,83.3
COUNTRIES,ETH,Ethiopia,2022,MCV2,"Measles-containing vaccine, 2nd dose",WUENIC,WHO/UNICEF Estimates of National Immunization Coverage,4628887,2901755,62.7
COUNTRIES,ETH,Ethiopia,2022,POL3,"Polio, 3rd dose",OFFICIAL,Official coverage,1659184,1489606,89.8
COUNTRIES,ETH,Ethiopia,2022,HEPB3,"Hepatitis B, 3rd dose",ADMIN,Administrative coverage,4848793,4117497,84.9
COUNTRIES,ETH,Ethiopia,2022,HIB3,"Hib, 3rd dose",ADMIN,Administrative coverage,2453233,1689246,68.9
COUNTRIES,ETH,Ethiopia,2022,PCV3,"Pneumococcal conjugate vaccine, final dose",WUENIC,WHO/UNICEF Estimates of National Immunization Coverage,738332,462656,62.7
COUNTRIES,ETH,Ethiopia,2022,ROTAC,"Rotavirus, last dose",WUENIC,WHO/UNICEF Estimates of National Immunization Coverage,1183183,928224,78.5
COUNTRIES,ETH,Ethiopia,2023,BCG,BCG vaccine,WUENIC,WHO/UNICEF Estimates of National Immunization Coverage,2480992,2126636,85.7
COUNTRIES,ETH,Ethiopia,2023,DTPCV1,"DTP-containing vaccine, 1st dose",OFFICIAL,Official coverage,1210294,777305,64.2
COUNTRIES,ETH,Ethiopia,2023,DTPCV3,"DTP-containing vaccine, 3rd dose",OFFICIAL,Official coverage,2394688,2340126,97.7
COUNTRIES,ETH,Ethiopia,2023,MCV1,"Measles-containing vaccine, 1st dose",WUENIC,WHO/UNICEF Estimates of National Immunization Coverage,614430,565655,92.1
COUNTRIES,ETH,Ethiopia,2023,MCV2,"Measles-containing vaccine, 2nd dose",WUENIC,WHO/UNICEF Estimates of National Immunization Coverage,4910319,3416749,69.6
COUNTRIES,ETH,Ethiopia,2023,POL3,"Polio, 3rd dose",OFFICIAL,Official coverage,92056,85022,92.4
COUNTRIES,ETH,Ethiopia,2023,HEPB3,"Hepatitis B, 3rd dose",ADMIN,Administrative coverage,823952,683986,83.0
COUNTRIES,ETH,Ethiopia,2023,HIB3,"Hib, 3rd dose",ADMIN,Administrative coverage,1910971,1408480,73.7
COUNTRIES,ETH,Ethiopia,2023,PCV3,"Pneumococcal conjugate vaccine, final dose",WUENIC,WHO/UNICEF Estimates of National Immunization Coverage,2380344,1734164,72.9
COUNTRIES,ETH,Ethiopia,2023,ROTAC,"Rotavirus, last dose",WUENIC,WHO/UNICEF Estimates of National Immunization Coverage,1217272,1089156,89.5
COUNTRIES,ETH,Ethiopia,2024,BCG,BCG vaccine,ADMIN,Administrative coverage,4805997,4028561,83.8
COUNTRIES,ETH,Ethiopia,2024,DTPCV1,"DTP-containing vaccine, 1st dose",ADMIN,Administrative coverage,3247445,2293203,70.6
COUNTRIES,ETH,Ethiopia,2024,DTPCV3,"DTP-containing vaccine, 3rd dose",OFFICIAL,Official coverage,3251208,3131213,96.3
COUNTRIES,ETH,Ethiopia,2024,MCV1,"Measles-containing vaccine, 1st dose",OFFICIAL,Official coverage,2064017,1954816,94.7
COUNTRIES,ETH,Ethiopia,2024,MCV2,"Measles-containing vaccine, 2nd dose",ADMIN,Administrative coverage,4072261,2076347,51.0
COUNTRIES,ETH,Ethiopia,2024,POL3,"Polio, 3rd dose",WUENIC,WHO/UNICEF Estimates of National Immunization Coverage,3963397,3803184,96.0
COUNTRIES,ETH,Ethiopia,2024,HEPB3,"Hepatitis B, 3rd dose",OFFICIAL,Official coverage,4289399,3195852,74.5
COUNTRIES,ETH,Ethiopia,2024,HIB3,"Hib, 3rd dose",ADMIN,Administrative coverage,400067,284284,71.1
COUNTRIES,ETH,Ethiopia,2024,PCV3,"Pneumococcal conjugate vaccine, final dose",OFFICIAL,Official coverage,1491246,1061948,71.2
COUNTRIES,ETH,Ethiopia,2024,ROTAC,"Rotavirus, last dose",WUENIC,WHO/UNICEF Estimates of National Immunization Coverage,4900334,2788217,56.9
COUNTRIES,PAK,Pakistan,2010,BCG,BCG vaccine,WUENIC,WHO/UNICEF Estimates of National Immunization Coverage,749895,480882,64.1
COUNTRIES,PAK,Pakistan,2010,DTPCV1,"DTP-containing vaccine, 1st dose",OFFICIAL,Official coverage,3099316,1724954,55.7
COUNTRIES,PAK,Pakistan,2010,DTPCV3,"DTP-containing vaccine, 3rd dose",ADMIN,Administrative coverage,2599565,1837128,70.7
COUNTRIES,PAK,Pakistan,2010,MCV1,"Measles-containing vaccine, 1st dose",OFFICIAL,Official coverage,956450,777437,81.3
COUNTRIES,PAK,Pakistan,2010,MCV2,"Measles-containing vaccine, 2nd dose",ADMIN,Administrative coverage,332140,191393,57.6
COUNTRIES,PAK,Pakistan,2010,POL3,"Polio, 3rd dose",WUENIC,WHO/UNICEF Estimates of National Immunization Coverage,608981,372640,61.2
COUNTRIES,PAK,Pakistan,2010,HEPB3,"Hepatitis B, 3rd dose",OFFICIAL,Official coverage,158944,95547,60.1
COUNTRIES,PAK,Pakistan,2010,HIB3,"Hib, 3rd dose",WUENIC,WHO/UNICEF Estimates of National Immunization Coverage,3765929,1629530,43.3
COUNTRIES,PAK,Pakistan,2010,PCV3,"Pneumococcal conjugate vaccine, final dose",ADMIN,Administrative coverage,2978100,1718760,57.7
COUNTRIES,PAK,Pakistan,2010,ROTAC,"Rotavirus, last dose",WUENIC,WHO/UNICEF Estimates of National Immunization Coverage,3952908,1859845,47.1
COUNTRIES,PAK,Pakistan,2011,BCG,BCG vaccine,OFFICIAL,Official coverage,4698455,2887544,61.5
COUNTRIES,PAK,Pakistan,2011,DTPCV1,"DTP-containing vaccine, 1st dose",OFFICIAL,Official coverage,847057,502516,59.3
COUNTRIES,PAK,Pakistan,2011,DTPCV3,"DTP-containing vaccine, 3rd dose",ADMIN,Administrative coverage,1855518,1635064,88.1
COUNTRIES,PAK,Pakistan,2011,MCV1,"Measles-containing vaccine, 1st dose",WUENIC,WHO/UNICEF Estimates of National Immunization Coverage,2196674,1820389,82.9
COUNTRIES,PAK,Pakistan,2011,MCV2,"Measles-containing vaccine, 2nd dose",OFFICIAL,Official coverage,2032847,1210465,59.5
COUNTRIES,PAK,Pakistan,2011,POL3,"Polio, 3rd dose",OFFICIAL,Official coverage,848658,771076,90.9
COUNTRIES,PAK,Pakistan,2011,HEPB3,"Hepatitis B, 3rd dose",OFFICIAL,Official coverage,1308624,875199,66.9
COUNTRIES,PAK,Pakistan,2011,HIB3,"Hib, 3rd dose",ADMIN,Administrative coverage,4833725,2775272,57.4
COUNTRIES,PAK,Pakistan,2011,PCV3,"Pneumococcal conjugate vaccine, final dose",WUENIC,WHO/UNICEF Estimates of National Immunization Coverage,4186725,1894406,45.2
COUNTRIES,PAK,Pakistan,2011,ROTAC,"Rotavirus, last dose",WUENIC,WHO/UNICEF Estimates of National Immunization Coverage,2173091,1237934,57.0
COUNTRIES,PAK,Pakistan,2012,BCG,BCG vaccine,ADMIN,Administrative coverage,984048,682136,69.3
COUNTRIES,PAK,Pakistan,2012,DTPCV1,"DTP-containing vaccine, 1st dose",OFFICIAL,Official coverage,2082709,1196909,57.5
COUNTRIES,PAK,Pakistan,2012,DTPCV3,"DTP-containing vaccine, 3rd dose",OFFICIAL,Official coverage,514462,353413,68.7
COUNTRIES,PAK,Pakistan,2012,MCV1,"Measles-containing vaccine, 1st dose",OFFICIAL,Official coverage,3321557,2442517,73.5
COUNTRIES,PAK,Pakistan,2012,MCV2,"Measles-containing vaccine, 2nd dose",WUENIC,WHO/UNICEF Estimates of National Immunization Coverage,2322759,1239561,53.4
COUNTRIES,PAK,Pakistan,2012,POL3,"Polio, 3rd dose",WUENIC,WHO/UNICEF Estimates of National Immunization Coverage,2530017,1787758,70.7
COUNTRIES,PAK,Pakistan,2012,HEPB3,"Hepatitis B, 3rd dose",WUENIC,WHO/UNICEF Estimates of National Immunization Coverage,4181146,2623078,62.7
COUNTRIES,PAK,Pakistan,2012,HIB3,"Hib, 3rd dose",WUENIC,WHO/UNICEF Estimates of National Immunization Coverage,2112362,1376416,65.2
COUNTRIES,PAK,Pakistan,2012,PCV3,"Pneumococcal conjugate vaccine, final dose",ADMIN,Administrative coverage,2057338,1390671,67.6
COUNTRIES,PAK,Pakistan,2012,ROTAC,"Rotavirus, last dose",ADMIN,Administrative coverage,1003122,387100,38.6
COUNTRIES,PAK,Pakistan,2013,BCG,BCG vaccine,ADMIN,Administrative coverage,4567562,3294703,72.1
COUNTRIES,PAK,Pakistan,2013,DTPCV1,"DTP-containing vaccine, 1st dose",OFFICIAL,Official coverage,669003,456895,68.3
COUNTRIES,PAK,Pakistan,2013,DTPCV3,"DTP-containing vaccine, 3rd dose",ADMIN,Administrative coverage,556453,473982,85.2
COUNTRIES,PAK,Pakistan,2013,MCV1,"Measles-containing vaccine, 1st dose",ADMIN,Administrative coverage,1706042,1356951,79.5
COUNTRIES,PAK,Pakistan,2013,MCV2,"Measles-containing vaccine, 2nd dose",OFFICIAL,Official coverage,3974482,2274758,57.2
COUNTRIES,PAK,Pakistan,2013,POL3,"Polio, 3rd dose",ADMIN,Administrative coverage,3796328,2928661,77.1
COUNTRIES,PAK,Pakistan,2013,HEPB3,"Hepatitis B, 3rd dose",ADMIN,Administrative coverage,3790030,2523172,66.6
COUNTRIES,PAK,Pakistan,2013,HIB3,"Hib, 3rd dose",ADMIN,Administrative coverage,3121640,2149511,68.9
COUNTRIES,PAK,Pakistan,2013,PCV3,"Pneumococcal conjugate vaccine, final dose",ADMIN,Administrative coverage,4983842,2341645,47.0
COUNTRIES,PAK,Pakistan,2013,ROTAC,"Rotavirus, last dose",OFFICIAL,Official coverage,1483284,847938,57.2
COUNTRIES,PAK,Pakistan,2014,BCG,BCG vaccine,WUENIC,WHO/UNICEF Estimates of National Immunization Coverage,2348756,1995213,84.9
COUNTRIES,PAK,Pakistan,2014,DTPCV1,"DTP-containing vaccine, 1st dose",ADMIN,Administrative coverage,468829,306588,65.4
COUNTRIES,PAK,Pakistan,2014,DTPCV3,"DTP-containing vaccine, 3rd dose",ADMIN,Administrative coverage,3488780,2983469,85.5
COUNTRIES,PAK,Pakistan,2014,MCV1,"Measles-containing vaccine, 1st dose",WUENIC,WHO/UNICEF Estimates of National Immunization Coverage,1277222,1090351,85.4
COUNTRIES,PAK,Pakistan,2014,MCV2,"Measles-containing vaccine, 2nd dose",OFFICIAL,Official coverage,3417851,2279730,66.7
COUNTRIES,PAK,Pakistan,2014,POL3,"Polio, 3rd dose",ADMIN,Administrative coverage,915256,695865,76.0
COUNTRIES,PAK,Pakistan,2014,HEPB3,"Hepatitis B, 3rd dose",OFFICIAL,Official coverage,50917,32705,64.2
COUNTRIES,PAK,Pakistan,2014,HIB3,"Hib, 3rd dose",WUENIC,WHO/UNICEF Estimates of National Immunization Coverage,4523447,2389475,52.8
COUNTRIES,PAK,Pakistan,2014,PCV3,"Pneumococcal conjugate vaccine, final dose",WUENIC,WHO/UNICEF Estimates of National Immunization Coverage,453157,183226,40.4
COUNTRIES,PAK,Pakistan,2014,ROTAC,"Rotavirus, last dose",ADMIN,Administrative coverage,299265,206164,68.9
COUNTRIES,PAK,Pakistan,2015,BCG,BCG vaccine,OFFICIAL,Official coverage,1434822,1091423,76.1
COUNTRIES,PAK,Pakistan,2015,DTPCV1,"DTP-containing vaccine, 1st dose",WUENIC,WHO/UNICEF Estimates of National Immunization Coverage,709987,371719,52.4
COUNTRIES,PAK,Pakistan,2015,DTPCV3,"DTP-containing vaccine, 3rd dose",WUENIC,WHO/UNICEF Estimates of National Immunization Coverage,3395026,2750286,81.0
COUNTRIES,PAK,Pakistan,2015,MCV1,"Measles-containing vaccine, 1st dose",OFFICIAL,Official coverage,2263697,1778717,78.6
COUNTRIES,PAK,Pakistan,2015,MCV2,"Measles-containing vaccine, 2nd dose",ADMIN,Administrative coverage,1908997,1270319,66.5
COUNTRIES,PAK,Pakistan,2015,POL3,"Polio, 3rd dose",ADMIN,Administrative coverage,2170711,1955466,90.1
COUNTRIES,PAK,Pakistan,2015,HEPB3,"Hepatitis B, 3rd dose",WUENIC,WHO/UNICEF Estimates of National Immunization Coverage,1449769,928724,64.1
COUNTRIES,PAK,Pakistan,2015,HIB3,"Hib, 3rd dose",OFFICIAL,Official coverage,489439,276208,56.4
COUNTRIES,PAK,Pakistan,2015,PCV3,"Pneumococcal conjugate vaccine, final dose",WUENIC,WHO/UNICEF Estimates of National Immunization Coverage,4659770,2606224,55.9
COUNTRIES,PAK,Pakistan,2015,ROTAC,"Rotavirus, last dose",WUENIC,WHO/UNICEF Estimates of National Immunization Coverage,1944554,967826,49.8
COUNTRIES,PAK,Pakistan,2016,BCG,BCG vaccine,WUENIC,WHO/UNICEF Estimates of National Immunization Coverage,997272,808042,81.0
COUNTRIES,PAK,Pakistan,2016,DTPCV1,"DTP-containing vaccine, 1st dose",WUENIC,WHO/UNICEF Estimates of National Immunization Coverage,761943,537647,70.6
COUNTRIES,PAK,Pakistan,2016,DTPCV3,"DTP-containing vaccine, 3rd dose",ADMIN,Administrative coverage,2287300,1773586,77.5
COUNTRIES,PAK,Pakistan,2016,MCV1,"Measles-containing vaccine, 1st dose",ADMIN,Administrative coverage,3201478,2405045,75.1
COUNTRIES,PAK,Pakistan,2016,MCV2,"Measles-containing vaccine, 2nd dose",OFFICIAL,Official coverage,4280207,2200083,51.4
COUNTRIES,PAK,Pakistan,2016,POL3,"Polio, 3rd dose",ADMIN,Administrative coverage,1540017,1297477,84.3
COUNTRIES,PAK,Pakistan,2016,HEPB3,"Hepatitis B, 3rd dose",ADMIN,Administrative coverage,691593,432839,62.6
COUNTRIES,PAK,Pakistan,2016,HIB3,"Hib, 3rd dose",ADMIN,Administrative coverage,2637551,1361267,51.6
COUNTRIES,PAK,Pakistan,2016,PCV3,"Pneumococcal conjugate vaccine, final dose",ADMIN,Administrative coverage,3448116,1954027,56.7
COUNTRIES,PAK,Pakistan,2016,ROTAC,"Rotavirus, last dose",OFFICIAL,Official coverage,4990359,2702996,54.2
COUNTRIES,PAK,Pakistan,2017,BCG,BCG vaccine,OFFICIAL,Official coverage,4451207,3436727,77.2
COUNTRIES,PAK,Pakistan,2017,DTPCV1,"DTP-containing vaccine, 1st dose",ADMIN,Administrative coverage,4159404,2563340,61.6
COUNTRIES,PAK,Pakistan,2017,DTPCV3,"DTP-containing vaccine, 3rd dose",ADMIN,Administrative coverage,3368843,2590986,76.9
COUNTRIES,PAK,Pakistan,2017,MCV1,"Measles-containing vaccine, 1st dose",WUENIC,WHO/UNICEF Estimates of National Immunization Coverage,328495,293094,89.2
COUNTRIES,PAK,Pakistan,2017,MCV2,"Measles-containing vaccine, 2nd dose",ADMIN,Administrative coverage,881257,462349,52.5
COUNTRIES,PAK,Pakistan,2017,POL3,"Polio, 3rd dose",ADMIN,Administrative coverage,1772199,1473699,83.2
COUNTRIES,PAK,Pakistan,2017,HEPB3,"Hepatitis B, 3rd dose",ADMIN,Administrative coverage,3080486,2227454,72.3
COUNTRIES,PAK,Pakistan,2017,HIB3,"Hib, 3rd dose",WUENIC,WHO/UNICEF Estimates of National Immunization Coverage,2716981,2105784,77.5
COUNTRIES,PAK,Pakistan,2017,PCV3,"Pneumococcal conjugate vaccine, final dose",ADMIN,Administrative coverage,3870671,2256539,58.3
COUNTRIES,PAK,Pakistan,2017,ROTAC,"Rotavirus, last dose",ADMIN,Administrative coverage,1792166,850697,47.5
COUNTRIES,PAK,Pakistan,2018,BCG,BCG vaccine,WUENIC,WHO/UNICEF Estimates of National Immunization Coverage,2625606,2144436,81.7
COUNTRIES,PAK,Pakistan,2018,DTPCV1,"DTP-containing vaccine, 1st dose",OFFICIAL,Official coverage,2923524,2003019,68.5
COUNTRIES,PAK,Pakistan,2018,DTPCV3,"DTP-containing vaccine, 3rd dose",WUENIC,WHO/UNICEF Estimates of National Immunization Coverage,1753820,1526512,87.0
COUNTRIES,PAK,Pakistan,2018,MCV1,"Measles-containing vaccine, 1st dose",WUENIC,WHO/UNICEF Estimates of National Immunization Coverage,647904,425572,65.7
COUNTRIES,PAK,Pakistan,2018,MCV2,"Measles-containing vaccine, 2nd dose",WUENIC,WHO/UNICEF Estimates of National Immunization Coverage,219934,146895,66.8
COUNTRIES,PAK,Pakistan,2018,POL3,"Polio, 3rd dose",WUENIC,WHO/UNICEF Estimates of National Immunization Coverage,3689688,3065930,83.1
COUNTRIES,PAK,Pakistan,2018,HEPB3,"Hepatitis B, 3rd dose",WUENIC,WHO/UNICEF Estimates of National Immunization Coverage,901161,600252,66.6
COUNTRIES,PAK,Pakistan,2018,HIB3,"Hib, 3rd dose",OFFICIAL,Official coverage,1688846,941674,55.8
COUNTRIES,PAK,Pakistan,2018,PCV3,"Pneumococcal conjugate vaccine, final dose",WUENIC,WHO/UNICEF Estimates of National Immunization Coverage,1509410,763585,50.6
COUNTRIES,PAK,Pakistan,2018,ROTAC,"Rotavirus, last dose",ADMIN,Administrative coverage,847583,505553,59.6
COUNTRIES,PAK,Pakistan,2019,BCG,BCG vaccine,WUENIC,WHO/UNICEF Estimates of National Immunization Coverage,3764755,3274246,87.0
COUNTRIES,PAK,Pakistan,2019,DTPCV1,"DTP-containing vaccine, 1st dose",WUENIC,WHO/UNICEF Estimates of National Immunization Coverage,1222304,580419,47.5
COUNTRIES,PAK,Pakistan,2019,DTPCV3,"DTP-containing vaccine, 3rd dose",OFFICIAL,Official coverage,1693909,1672448,98.7
COUNTRIES,PAK,Pakistan,2019,MCV1,"Measles-containing vaccine, 1st dose",OFFICIAL,Official coverage,969134,935288,96.5
COUNTRIES,PAK,Pakistan,2019,MCV2,"Measles-containing vaccine, 2nd dose",ADMIN,Administrative coverage,2979735,2095214,70.3
COUNTRIES,PAK,Pakistan,2019,POL3,"Polio, 3rd dose",WUENIC,WHO/UNICEF Estimates of National Immunization Coverage,2476277,1836351,74.2
COUNTRIES,PAK,Pakistan,2019,HEPB3,"Hepatitis B, 3rd dose",WUENIC,WHO/UNICEF Estimates of National Immunization Coverage,3250450,2068488,63.6
COUNTRIES,PAK,Pakistan,2019,HIB3,"Hib, 3rd dose",OFFICIAL,Official coverage,2417893,1551973,64.2
COUNTRIES,PAK,Pakistan,2019,PCV3,"Pneumococcal conjugate vaccine, final dose",ADMIN,Administrative coverage,1948917,1150639,59.0
COUNTRIES,PAK,Pakistan,2019,ROTAC,"Rotavirus, last dose",WUENIC,WHO/UNICEF Estimates of National Immunization Coverage,3680623,2284220,62.1
COUNTRIES,PAK,Pakistan,2020,BCG,BCG vaccine,WUENIC,WHO/UNICEF Estimates of National Immunization Coverage,922834,761906,82.6
COUNTRIES,PAK,Pakistan,2020,DTPCV1,"DTP-containing vaccine, 1st dose",WUENIC,WHO/UNICEF Estimates of National Immunization Coverage,4162732,3159984,75.9
COUNTRIES,PAK,Pakistan,2020,DTPCV3,"DTP-containing vaccine, 3rd dose",ADMIN,Administrative coverage,1082499,824665,76.2
COUNTRIES,PAK,Pakistan,2020,MCV1,"Measles-containing vaccine, 1st dose",OFFICIAL,Official coverage,4451913,4026794,90.5
COUNTRIES,PAK,Pakistan,2020,MCV2,"Measles-containing vaccine, 2nd dose",OFFICIAL,Official coverage,4527310,2823659,62.4
COUNTRIES,PAK,Pakistan,2020,POL3,"Polio, 3rd dose",ADMIN,Administrative coverage,1191452,1048498,88.0
COUNTRIES,PAK,Pakistan,2020,HEPB3,"Hepatitis B, 3rd dose",WUENIC,WHO/UNICEF Estimates of National Immunization Coverage,1280796,893374,69.8
COUNTRIES,PAK,Pakistan,2020,HIB3,"Hib, 3rd dose",WUENIC,WHO/UNICEF Estimates of National Immunization Coverage,4330428,2716154,62.7
COUNTRIES,PAK,Pakistan,2020,PCV3,"Pneumococcal conjugate vaccine, final dose",WUENIC,WHO/UNICEF Estimates of National Immunization Coverage,2483351,1359645,54.8
COUNTRIES,PAK,Pakistan,2020,ROTAC,"Rotavirus, last dose",OFFICIAL,Official coverage,2523188,1365974,54.1
COUNTRIES,PAK,Pakistan,2021,BCG,BCG vaccine,WUENIC,WHO/UNICEF Estimates of National Immunization Coverage,3529000,3296659,93.4
COUNTRIES,PAK,Pakistan,2021,DTPCV1,"DTP-containing vaccine, 1st dose",WUENIC,WHO/UNICEF Estimates of National Immunization Coverage,4165741,3484687,83.7
COUNTRIES,PAK,Pakistan,2021,DTPCV3,"DTP-containing vaccine, 3rd dose",ADMIN,Administrative coverage,3507521,3362776,95.9
COUNTRIES,PAK,Pakistan,2021,MCV1,"Measles-containing vaccine, 1st dose",ADMIN,Administrative coverage,2329023,1946534,83.6
COUNTRIES,PAK,Pakistan,2021,MCV2,"Measles-containing vaccine, 2nd dose",OFFICIAL,Official coverage,3550967,2383075,67.1
COUNTRIES,PAK,Pakistan,2021,POL3,"Polio, 3rd dose",OFFICIAL,Official coverage,544955,422248,77.5
COUNTRIES,PAK,Pakistan,2021,HEPB3,"Hepatitis B, 3rd dose",WUENIC,WHO/UNICEF Estimates of National Immunization Coverage,4890349,2681236,54.8
COUNTRIES,PAK,Pakistan,2021,HIB3,"Hib, 3rd dose",WUENIC,WHO/UNICEF Estimates of National Immunization Coverage,2297680,1959865,85.3
COUNTRIES,PAK,Pakistan,2021,PCV3,"Pneumococcal conjugate vaccine, final dose",OFFICIAL,Official coverage,2871839,1635263,56.9
COUNTRIES,PAK,Pakistan,2021,ROTAC,"Rotavirus, last dose",ADMIN,Administrative coverage,2165226,1388690,64.1
COUNTRIES,PAK,Pakistan,2022,BCG,BCG vaccine,ADMIN,Administrative coverage,3680400,2869622,78.0
COUNTRIES,PAK,Pakistan,2022,DTPCV1,"DTP-containing vaccine, 1st dose",ADMIN,Administrative coverage,503222,385977,76.7
COUNTRIES,PAK,Pakistan,2022,DTPCV3,"DTP-containing vaccine, 3rd dose",WUENIC,WHO/UNICEF Estimates of National Immunization Coverage,2649327,2570421,97.0
COUNTRIES,PAK,Pakistan,2022,MCV1,"Measles-containing vaccine, 1st dose",ADMIN,Administrative coverage,2643157,2363741,89.4
COUNTRIES,PAK,Pakistan,2022,MCV2,"Measles-containing vaccine, 2nd dose",ADMIN,Administrative coverage,2999311,1689455,56.3
COUNTRIES,PAK,Pakistan,2022,POL3,"Polio, 3rd dose",ADMIN,Administrative coverage,2685122,2332986,86.9
COUNTRIES,PAK,Pakistan,2022,HEPB3,"Hepatitis B, 3rd dose",ADMIN,Administrative coverage,3516032,2219899,63.1
COUNTRIES,PAK,Pakistan,2022,HIB3,"Hib, 3rd dose",ADMIN,Administrative coverage,1664694,1081627,65.0
COUNTRIES,PAK,Pakistan,2022,PCV3,"Pneumococcal conjugate vaccine, final dose",ADMIN,Administrative coverage,631904,342722,54.2
COUNTRIES,PAK,Pakistan,2022,ROTAC,"Rotavirus, last dose",WUENIC,WHO/UNICEF Estimates of National Immunization Coverage,2091381,1408933,67.4
COUNTRIES,PAK,Pakistan,2023,BCG,BCG vaccine,WUENIC,WHO/UNICEF Estimates of National Immunization Coverage,434370,312511,71.9
COUNTRIES,PAK,Pakistan,2023,DTPCV1,"DTP-containing vaccine, 1st dose",OFFICIAL,Official coverage,2067337,1555523,75.2
COUNTRIES,PAK,Pakistan,2023,DTPCV3,"DTP-containing vaccine, 3rd dose",OFFICIAL,Official coverage,1679753,1636584,97.4
COUNTRIES,PAK,Pakistan,2023,MCV1,"Measles-containing vaccine, 1st dose",ADMIN,Administrative coverage,3423307,3348234,97.8
COUNTRIES,PAK,Pakistan,2023,MCV2,"Measles-containing vaccine, 2nd dose",ADMIN,Administrative coverage,3547831,2529661,71.3
COUNTRIES,PAK,Pakistan,2023,POL3,"Polio, 3rd dose",OFFICIAL,Official coverage,2572919,2209219,85.9
COUNTRIES,PAK,Pakistan,2023,HEPB3,"Hepatitis B, 3rd dose",WUENIC,WHO/UNICEF Estimates of National Immunization Coverage,2071835,1465875,70.8
COUNTRIES,PAK,Pakistan,2023,HIB3,"Hib, 3rd dose",ADMIN,Administrative coverage,3581674,2337487,65.3
COUNTRIES,PAK,Pakistan,2023,PCV3,"Pneumococcal conjugate vaccine, final dose",ADMIN,Administrative coverage,2977503,1678231,56.4
COUNTRIES,PAK,Pakistan,2023,ROTAC,"Rotavirus, last dose",OFFICIAL,Official coverage,4874574,3511158,72.0
COUNTRIES,PAK,Pakistan,2024,BCG,BCG vaccine,ADMIN,Administrative coverage,2476105,2305609,93.1
COUNTRIES,PAK,Pakistan,2024,DTPCV1,"DTP-containing vaccine, 1st dose",ADMIN,Administrative coverage,320146,261884,81.8
COUNTRIES,PAK,Pakistan,2024,DTPCV3,"DTP-containing vaccine, 3rd dose",OFFICIAL,Official coverage,594026,570761,96.1
COUNTRIES,PAK,Pakistan,2024,MCV1,"Measles-containing vaccine, 1st dose",WUENIC,WHO/UNICEF Estimates of National Immunization Coverage,318449,261321,82.1
COUNTRIES,PAK,Pakistan,2024,MCV2,"Measles-containing vaccine, 2nd dose",ADMIN,Administrative coverage,4480675,2668473,59.6
COUNTRIES,PAK,Pakistan,2024,POL3,"Polio, 3rd dose",OFFICIAL,Official coverage,689104,682212,99.0
COUNTRIES,PAK,Pakistan,2024,HEPB3,"Hepatitis B, 3rd dose",WUENIC,WHO/UNICEF Estimates of National Immunization Coverage,4511213,3480976,77.2
COUNTRIES,PAK,Pakistan,2024,HIB3,"Hib, 3rd dose",ADMIN,Administrative coverage,1033667,836562,80.9
COUNTRIES,PAK,Pakistan,2024,PCV3,"Pneumococcal conjugate vaccine, final dose",OFFICIAL,Official coverage,2415885,1395377,57.8
COUNTRIES,PAK,Pakistan,2024,ROTAC,"Rotavirus, last dose",ADMIN,Administrative coverage,2974537,1954118,65.7
COUNTRIES,BGD,Bangladesh,2010,BCG,BCG vaccine,OFFICIAL,Official coverage,1677059,1278021,76.2
COUNTRIES,BGD,Bangladesh,2010,DTPCV1,"DTP-containing vaccine, 1st dose",ADMIN,Administrative coverage,347584,229323,66.0
COUNTRIES,BGD,Bangladesh,2010,DTPCV3,"DTP-containing vaccine, 3rd dose",WUENIC,WHO/UNICEF Estimates of National Immunization Coverage,4825275,3706652,76.8
COUNTRIES,BGD,Bangladesh,2010,MCV1,"Measles-containing vaccine, 1st dose",WUENIC,WHO/UNICEF Estimates of National Immunization Coverage,2921259,2337347,80.0
COUNTRIES,BGD,Bangladesh,2010,MCV2,"Measles-containing vaccine, 2nd dose",OFFICIAL,Official coverage,3402214,1329206,39.1
COUNTRIES,BGD,Bangladesh,2010,POL3,"Polio, 3rd dose",ADMIN,Administrative coverage,4540224,3781389,83.3
COUNTRIES,BGD,Bangladesh,2010,HEPB3,"Hepatitis B, 3rd dose",OFFICIAL,Official coverage,185370,100133,54.0
COUNTRIES,BGD,Bangladesh,2010,HIB3,"Hib, 3rd dose",ADMIN,Administrative coverage,4736134,2640251,55.7
COUNTRIES,BGD,Bangladesh,2010,PCV3,"Pneumococcal conjugate vaccine, final dose",WUENIC,WHO/UNICEF Estimates of National Immunization Coverage,1643786,759285,46.2
COUNTRIES,BGD,Bangladesh,2010,ROTAC,"Rotavirus, last dose",WUENIC,WHO/UNICEF Estimates of National Immunization Coverage,2259821,894086,39.6
COUNTRIES,BGD,Bangladesh,2011,BCG,BCG vaccine,WUENIC,WHO/UNICEF Estimates of National Immunization Coverage,1792955,1031762,57.5
COUNTRIES,BGD,Bangladesh,2011,DTPCV1,"DTP-containing vaccine, 1st dose",OFFICIAL,Official coverage,1685765,1030979,61.2
COUNTRIES,BGD,Bangladesh,2011,DTPCV3,"DTP-containing vaccine, 3rd dose",ADMIN,Administrative coverage,2635181,1481960,56.2
COUNTRIES,BGD,Bangladesh,2011,MCV1,"Measles-containing vaccine, 1st dose",ADMIN,Administrative coverage,182659,118028,64.6
COUNTRIES,BGD,Bangladesh,2011,MCV2,"Measles-containing vaccine, 2nd dose",OFFICIAL,Official coverage,689872,236872,34.3
COUNTRIES,BGD,Bangladesh,2011,POL3,"Polio, 3rd dose",ADMIN,Administrative coverage,3936912,2741219,69.6
COUNTRIES,BGD,Bangladesh,2011,HEPB3,"Hepatitis B, 3rd dose",ADMIN,Administrative coverage,4511902,2515426,55.8
COUNTRIES,BGD,Bangladesh,2011,HIB3,"Hib, 3rd dose",WUENIC,WHO/UNICEF Estimates of National Immunization Coverage,482829,324009,67.1
COUNTRIES,BGD,Bangladesh,2011,PCV3,"Pneumococcal conjugate vaccine, final dose",WUENIC,WHO/UNICEF Estimates of National Immunization Coverage,284000,105152,37.0
COUNTRIES,BGD,Bangladesh,2011,ROTAC,"Rotavirus, last dose",OFFICIAL,Official coverage,3970367,1908897,48.1
COUNTRIES,BGD,Bangladesh,2012,BCG,BCG vaccine,ADMIN,Administrative coverage,4623957,2898382,62.7
COUNTRIES,BGD,Bangladesh,2012,DTPCV1,"DTP-containing vaccine, 1st dose",WUENIC,WHO/UNICEF Estimates of National Immunization Coverage,1340894,806358,60.1
COUNTRIES,BGD,Bangladesh,2012,DTPCV3,"DTP-containing vaccine, 3rd dose",WUENIC,WHO/UNICEF Estimates of National Immunization Coverage,1147996,666320,58.0
COUNTRIES,BGD,Bangladesh,2012,MCV1,"Measles-containing vaccine, 1st dose",ADMIN,Administrative coverage,718629,502262,69.9
COUNTRIES,BGD,Bangladesh,2012,MCV2,"Measles-containing vaccine, 2nd dose",OFFICIAL,Official coverage,3654886,1605282,43.9
COUNTRIES,BGD,Bangladesh,2012,POL3,"Polio, 3rd dose",OFFICIAL,Official coverage,4613653,3380678,73.3
COUNTRIES,BGD,Bangladesh,2012,HEPB3,"Hepatitis B, 3rd dose",WUENIC,WHO/UNICEF Estimates of National Immunization Coverage,472641,276362,58.5
COUNTRIES,BGD,Bangladesh,2012,HIB3,"Hib, 3rd dose",ADMIN,Administrative coverage,441180,271656,61.6
COUNTRIES,BGD,Bangladesh,2012,PCV3,"Pneumococcal conjugate vaccine, final dose",WUENIC,WHO/UNICEF Estimates of National Immunization Coverage,3749243,1879622,50.1
COUNTRIES,BGD,Bangladesh,2012,ROTAC,"Rotavirus, last dose",OFFICIAL,Official coverage,2760864,1124884,40.7
COUNTRIES,BGD,Bangladesh,2013,BCG,BCG vaccine,WUENIC,WHO/UNICEF Estimates of National Immunization Coverage,4393699,2505182,57.0
COUNTRIES,BGD,Bangladesh,2013,DTPCV1,"DTP-containing vaccine, 1st dose",ADMIN,Administrative coverage,985783,676746,68.7
COUNTRIES,BGD,Bangladesh,2013,DTPCV3,"DTP-containing vaccine, 3rd dose",ADMIN,Administrative coverage,2956492,1878159,63.5
COUNTRIES,BGD,Bangladesh,2013,MCV1,"Measles-containing vaccine, 1st dose",OFFICIAL,Official coverage,172019,118391,68.8
COUNTRIES,BGD,Bangladesh,2013,MCV2,"Measles-containing vaccine, 2nd dose",ADMIN,Administrative coverage,229001,81087,35.4
COUNTRIES,BGD,Bangladesh,2013,POL3,"Polio, 3rd dose",ADMIN,Administrative coverage,3898189,2997678,76.9
COUNTRIES,BGD,Bangladesh,2013,HEPB3,"Hepatitis B, 3rd dose",OFFICIAL,Official coverage,2466826,1381272,56.0
COUNTRIES,BGD,Bangladesh,2013,HIB3,"Hib, 3rd dose",OFFICIAL,Official coverage,4904977,2707288,55.2
COUNTRIES,BGD,Bangladesh,2013,PCV3,"Pneumococcal conjugate vaccine, final dose",WUENIC,WHO/UNICEF Estimates of National Immunization Coverage,3966533,1685163,42.5
COUNTRIES,BGD,Bangladesh,2013,ROTAC,"Rotavirus, last dose",OFFICIAL,Official coverage,3100999,1258439,40.6
COUNTRIES,BGD,Bangladesh,2014,BCG,BCG vaccine,OFFICIAL,Official coverage,3101622,2697272,87.0
COUNTRIES,BGD,Bangladesh,2014,DTPCV1,"DTP-containing vaccine, 1st dose",ADMIN,Administrative coverage,1960217,1419896,72.4
COUNTRIES,BGD,Bangladesh,2014,DTPCV3,"DTP-containing vaccine, 3rd dose",WUENIC,WHO/UNICEF Estimates of National Immunization Coverage,409281,287052,70.1
COUNTRIES,BGD,Bangladesh,2014,MCV1,"Measles-containing vaccine, 1st dose",WUENIC,WHO/UNICEF Estimates of National Immunization Coverage,1135610,1028232,90.5
COUNTRIES,BGD,Bangladesh,2014,MCV2,"Measles-containing vaccine, 2nd dose",WUENIC,WHO/UNICEF Estimates of National Immunization Coverage,3908884,1869464,47.8
COUNTRIES,BGD,Bangladesh,2014,POL3,"Polio, 3rd dose",ADMIN,Administrative coverage,2100053,1551388,73.9
COUNTRIES,BGD,Bangladesh,2014,HEPB3,"Hepatitis B, 3rd dose",ADMIN,Administrative coverage,2035681,1291536,63.4
COUNTRIES,BGD,Bangladesh,2014,HIB3,"Hib, 3rd dose",ADMIN,Administrative coverage,3385379,1628323,48.1
COUNTRIES,BGD,Bangladesh,2014,PCV3,"Pneumococcal conjugate vaccine, final dose",WUENIC,WHO/UNICEF Estimates of National Immunization Coverage,938698,572677,61.0
COUNTRIES,BGD,Bangladesh,2014,ROTAC,"Rotavirus, last dose",ADMIN,Administrative coverage,3930323,2075596,52.8
COUNTRIES,BGD,Bangladesh,2015,BCG,BCG vaccine,OFFICIAL,Official coverage,492244,392154,79.7
COUNTRIES,BGD,Bangladesh,2015,DTPCV1,"DTP-containing vaccine, 1st dose",OFFICIAL,Official coverage,457407,296927,64.9
COUNTRIES,BGD,Bangladesh,2015,DTPCV3,"DTP-containing vaccine, 3rd dose",OFFICIAL,Official coverage,470602,358006,76.1
COUNTRIES,BGD,Bangladesh,2015,MCV1,"Measles-containing vaccine, 1st dose",ADMIN,Administrative coverage,4472888,2978318,66.6
COUNTRIES,BGD,Bangladesh,2015,MCV2,"Measles-containing vaccine, 2nd dose",OFFICIAL,Official coverage,1770444,828210,46.8
COUNTRIES,BGD,Bangladesh,2015,POL3,"Polio, 3rd dose",ADMIN,Administrative coverage,3914856,2711875,69.3
COUNTRIES,BGD,Bangladesh,2015,HEPB3,"Hepatitis B, 3rd dose",WUENIC,WHO/UNICEF Estimates of National Immunization Coverage,4407356,2138009,48.5
COUNTRIES,BGD,Bangladesh,2015,HIB3,"Hib, 3rd dose",OFFICIAL,Official coverage,665416,521344,78.3
COUNTRIES,BGD,Bangladesh,2015,PCV3,"Pneumococcal conjugate vaccine, final dose",ADMIN,Administrative coverage,3061165,1863932,60.9
COUNTRIES,BGD,Bangladesh,2015,ROTAC,"Rotavirus, last dose",ADMIN,Administrative coverage,2709786,1781501,65.7
COUNTRIES,BGD,Bangladesh,2016,BCG,BCG vaccine,ADMIN,Administrative coverage,4185316,3266467,78.0
COUNTRIES,BGD,Bangladesh,2016,DTPCV1,"DTP-containing vaccine, 1st dose",WUENIC,WHO/UNICEF Estimates of National Immunization Coverage,2608845,1726761,66.2
COUNTRIES,BGD,Bangladesh,2016,DTPCV3,"DTP-containing vaccine, 3rd dose",ADMIN,Administrative coverage,2981531,2262839,75.9
COUNTRIES,BGD,Bangladesh,2016,MCV1,"Measles-containing vaccine, 1st dose",ADMIN,Administrative coverage,2340146,1588681,67.9
COUNTRIES,BGD,Bangladesh,2016,MCV2,"Measles-containing vaccine, 2nd dose",ADMIN,Administrative coverage,1619720,786967,48.6
COUNTRIES,BGD,Bangladesh,2016,POL3,"Polio, 3rd dose",ADMIN,Administrative coverage,2032539,1769055,87.0
COUNTRIES,BGD,Bangladesh,2016,HEPB3,"Hepatitis B, 3rd dose",WUENIC,WHO/UNICEF Estimates of National Immunization Coverage,4964150,4141746,83.4
COUNTRIES,BGD,Bangladesh,2016,HIB3,"Hib, 3rd dose",ADMIN,Administrative coverage,4800014,3571330,74.4
COUNTRIES,BGD,Bangladesh,2016,PCV3,"Pneumococcal conjugate vaccine, final dose",ADMIN,Administrative coverage,4518653,2020043,44.7
COUNTRIES,BGD,Bangladesh,2016,ROTAC,"Rotavirus, last dose",ADMIN,Administrative coverage,4982048,2567186,51.5
COUNTRIES,BGD,Bangladesh,2017,BCG,BCG vaccine,ADMIN,Administrative coverage,3911460,2697547,69.0
COUNTRIES,BGD,Bangladesh,2017,DTPCV1,"DTP-containing vaccine, 1st dose",OFFICIAL,Official coverage,2262809,1637337,72.4
COUNTRIES,BGD,Bangladesh,2017,DTPCV3,"DTP-containing vaccine, 3rd dose",OFFICIAL,Official coverage,1544139,1342412,86.9
COUNTRIES,BGD,Bangladesh,2017,MCV1,"Measles-containing vaccine, 1st dose",OFFICIAL,Official coverage,1966334,1727004,87.8
COUNTRIES,BGD,Bangladesh,2017,MCV2,"Measles-containing vaccine, 2nd dose",OFFICIAL,Official coverage,3249039,1940335,59.7
COUNTRIES,BGD,Bangladesh,2017,POL3,"Polio, 3rd dose",ADMIN,Administrative coverage,2610837,2047112,78.4
COUNTRIES,BGD,Bangladesh,2017,HEPB3,"Hepatitis B, 3rd dose",WUENIC,WHO/UNICEF Estimates of National Immunization Coverage,1134309,735872,64.9
COUNTRIES,BGD,Bangladesh,2017,HIB3,"Hib, 3rd dose",ADMIN,Administrative coverage,3719021,2409442,64.8
COUNTRIES,BGD,Bangladesh,2017,PCV3,"Pneumococcal conjugate vaccine, final dose",ADMIN,Administrative coverage,551793,329428,59.7
COUNTRIES,BGD,Bangladesh,2017,ROTAC,"Rotavirus, last dose",ADMIN,Administrative coverage,1820403,844622,46.4
COUNTRIES,BGD,Bangladesh,2018,BCG,BCG vaccine,WUENIC,WHO/UNICEF Estimates of National Immunization Coverage,4979426,4426683,88.9
COUNTRIES,BGD,Bangladesh,2018,DTPCV1,"DTP-containing vaccine, 1st dose",OFFICIAL,Official coverage,2122723,1480048,69.7
COUNTRIES,BGD,Bangladesh,2018,DTPCV3,"DTP-containing vaccine, 3rd dose",ADMIN,Administrative coverage,615635,527861,85.7
COUNTRIES,BGD,Bangladesh,2018,MCV1,"Measles-containing vaccine, 1st dose",WUENIC,WHO/UNICEF Estimates of National Immunization Coverage,4828972,4763788,98.7
COUNTRIES,BGD,Bangladesh,2018,MCV2,"Measles-containing vaccine, 2nd dose",OFFICIAL,Official coverage,3161500,1955128,61.8
COUNTRIES,BGD,Bangladesh,2018,POL3,"Polio, 3rd dose",OFFICIAL,Official coverage,3774476,3431884,90.9
COUNTRIES,BGD,Bangladesh,2018,HEPB3,"Hepatitis B, 3rd dose",OFFICIAL,Official coverage,3484078,2970288,85.3
COUNTRIES,BGD,Bangladesh,2018,HIB3,"Hib, 3rd dose",OFFICIAL,Official coverage,937099,581553,62.1
COUNTRIES,BGD,Bangladesh,2018,PCV3,"Pneumococcal conjugate vaccine, final dose",WUENIC,WHO/UNICEF Estimates of National Immunization Coverage,3103407,1676505,54.0
COUNTRIES,BGD,Bangladesh,2018,ROTAC,"Rotavirus, last dose",ADMIN,Administrative coverage,4377552,2648353,60.5
COUNTRIES,BGD,Bangladesh,2019,BCG,BCG vaccine,ADMIN,Administrative coverage,994131,874285,87.9
COUNTRIES,BGD,Bangladesh,2019,DTPCV1,"DTP-containing vaccine, 1st dose",WUENIC,WHO/UNICEF Estimates of National Immunization Coverage,1110560,976562,87.9
COUNTRIES,BGD,Bangladesh,2019,DTPCV3,"DTP-containing vaccine, 3rd dose",WUENIC,WHO/UNICEF Estimates of National Immunization Coverage,4768912,4431161,92.9
COUNTRIES,BGD,Bangladesh,2019,MCV1,"Measles-containing vaccine, 1st dose",WUENIC,WHO/UNICEF Estimates of National Immunization Coverage,3946937,3496939,88.6
COUNTRIES,BGD,Bangladesh,2019,MCV2,"Measles-containing vaccine, 2nd dose",ADMIN,Administrative coverage,2026850,1331705,65.7
COUNTRIES,BGD,Bangladesh,2019,POL3,"Polio, 3rd dose",WUENIC,WHO/UNICEF Estimates of National Immunization Coverage,3067193,2671825,87.1
COUNTRIES,BGD,Bangladesh,2019,HEPB3,"Hepatitis B, 3rd dose",OFFICIAL,Official coverage,2493445,2031811,81.5
COUNTRIES,BGD,Bangladesh,2019,HIB3,"Hib, 3rd dose",ADMIN,Administrative coverage,4979107,3776081,75.8
COUNTRIES,BGD,Bangladesh,2019,PCV3,"Pneumococcal conjugate vaccine, final dose",WUENIC,WHO/UNICEF Estimates of National Immunization Coverage,4358760,2540210,58.3
COUNTRIES,BGD,Bangladesh,2019,ROTAC,"Rotavirus, last dose",OFFICIAL,Official coverage,1468060,815187,55.5
COUNTRIES,BGD,Bangladesh,2020,BCG,BCG vaccine,ADMIN,Administrative coverage,4689022,4388131,93.6
COUNTRIES,BGD,Bangladesh,2020,DTPCV1,"DTP-containing vaccine, 1st dose",ADMIN,Administrative coverage,3552415,2579177,72.6
COUNTRIES,BGD,Bangladesh,2020,DTPCV3,"DTP-containing vaccine, 3rd dose",ADMIN,Administrative coverage,104745,75673,72.2
COUNTRIES,BGD,Bangladesh,2020,MCV1,"Measles-containing vaccine, 1st dose",ADMIN,Administrative coverage,2198185,2166279,98.5
COUNTRIES,BGD,Bangladesh,2020,MCV2,"Measles-containing vaccine, 2nd dose",OFFICIAL,Official coverage,552264,284046,51.4
COUNTRIES,BGD,Bangladesh,2020,POL3,"Polio, 3rd dose",OFFICIAL,Official coverage,3567847,3532168,99.0
COUNTRIES,BGD,Bangladesh,2020,HEPB3,"Hepatitis B, 3rd dose",ADMIN,Administrative coverage,2623697,1882578,71.8
COUNTRIES,BGD,Bangladesh,2020,HIB3,"Hib, 3rd dose",OFFICIAL,Official coverage,994740,702457,70.6
COUNTRIES,BGD,Bangladesh,2020,PCV3,"Pneumococcal conjugate vaccine, final dose",WUENIC,WHO/UNICEF Estimates of National Immunization Coverage,1246311,819254,65.7
COUNTRIES,BGD,Bangladesh,2020,ROTAC,"Rotavirus, last dose",ADMIN,Administrative coverage,2337319,1008457,43.1
COUNTRIES,BGD,Bangladesh,2021,BCG,BCG vaccine,WUENIC,WHO/UNICEF Estimates of National Immunization Coverage,1512603,1324508,87.6
COUNTRIES,BGD,Bangladesh,2021,DTPCV1,"DTP-containing vaccine, 1st dose",OFFICIAL,Official coverage,1236837,871253,70.4
COUNTRIES,BGD,Bangladesh,2021,DTPCV3,"DTP-containing vaccine, 3rd dose",OFFICIAL,Official coverage,2485919,2324067,93.5
COUNTRIES,BGD,Bangladesh,2021,MCV1,"Measles-containing vaccine, 1st dose",ADMIN,Administrative coverage,4848757,4001285,82.5
COUNTRIES,BGD,Bangladesh,2021,MCV2,"Measles-containing vaccine, 2nd dose",WUENIC,WHO/UNICEF Estimates of National Immunization Coverage,4826415,2877640,59.6
COUNTRIES,BGD,Bangladesh,2021,POL3,"Polio, 3rd dose",ADMIN,Administrative coverage,3911607,3428535,87.7
COUNTRIES,BGD,Bangladesh,2021,HEPB3,"Hepatitis B, 3rd dose",OFFICIAL,Official coverage,4174390,3373752,80.8
COUNTRIES,BGD,Bangladesh,2021,HIB3,"Hib, 3rd dose",ADMIN,Administrative coverage,4061718,2499388,61.5
COUNTRIES,BGD,Bangladesh,2021,PCV3,"Pneumococcal conjugate vaccine, final dose",ADMIN,Administrative coverage,4063582,2574342,63.4
COUNTRIES,BGD,Bangladesh,2021,ROTAC,"Rotavirus, last dose",WUENIC,WHO/UNICEF Estimates of National Immunization Coverage,1646246,1097583,66.7
COUNTRIES,BGD,Bangladesh,2022,BCG,BCG vaccine,ADMIN,Administrative coverage,2300618,2141666,93.1
COUNTRIES,BGD,Bangladesh,2022,DTPCV1,"DTP-containing vaccine, 1st dose",ADMIN,Administrative coverage,2029746,1428564,70.4
COUNTRIES,BGD,Bangladesh,2022,DTPCV3,"DTP-containing vaccine, 3rd dose",ADMIN,Administrative coverage,2519970,2486139,98.7
COUNTRIES,BGD,Bangladesh,2022,MCV1,"Measles-containing vaccine, 1st dose",OFFICIAL,Official coverage,1133329,1017873,89.8
COUNTRIES,BGD,Bangladesh,2022,MCV2,"Measles-containing vaccine, 2nd dose",OFFICIAL,Official coverage,283979,166633,58.7
COUNTRIES,BGD,Bangladesh,2022,POL3,"Polio, 3rd dose",ADMIN,Administrative coverage,4094630,3162419,77.2
COUNTRIES,BGD,Bangladesh,2022,HEPB3,"Hepatitis B, 3rd dose",ADMIN,Administrative coverage,4379454,3174047,72.5
COUNTRIES,BGD,Bangladesh,2022,HIB3,"Hib, 3rd dose",OFFICIAL,Official coverage,3027299,2289330,75.6
COUNTRIES,BGD,Bangladesh,2022,PCV3,"Pneumococcal conjugate vaccine, final dose",OFFICIAL,Official coverage,3353481,1579532,47.1
COUNTRIES,BGD,Bangladesh,2022,ROTAC,"Rotavirus, last dose",OFFICIAL,Official coverage,829091,505250,60.9
COUNTRIES,BGD,Bangladesh,2023,BCG,BCG vaccine,WUENIC,WHO/UNICEF Estimates of National Immunization Coverage,3427180,2796928,81.6
COUNTRIES,BGD,Bangladesh,2023,DTPCV1,"DTP-containing vaccine, 1st dose",OFFICIAL,Official coverage,2633236,2260592,85.8
COUNTRIES,BGD,Bangladesh,2023,DTPCV3,"DTP-containing vaccine, 3rd dose",WUENIC,WHO/UNICEF Estimates of National Immunization Coverage,319515,245637,76.9
COUNTRIES,BGD,Bangladesh,2023,MCV1,"Measles-containing vaccine, 1st dose",OFFICIAL,Official coverage,721986,673390,93.3
COUNTRIES,BGD,Bangladesh,2023,MCV2,"Measles-containing vaccine, 2nd dose",ADMIN,Administrative coverage,3071786,1690864,55.0
COUNTRIES,BGD,Bangladesh,2023,POL3,"Polio, 3rd dose",OFFICIAL,Official coverage,3868971,3601849,93.1
COUNTRIES,BGD,Bangladesh,2023,HEPB3,"Hepatitis B, 3rd dose",OFFICIAL,Official coverage,1553061,1065169,68.6
COUNTRIES,BGD,Bangladesh,2023,HIB3,"Hib, 3rd dose",ADMIN,Administrative coverage,591529,406532,68.7
COUNTRIES,BGD,Bangladesh,2023,PCV3,"Pneumococcal conjugate vaccine, final dose",ADMIN,Administrative coverage,2203548,1270864,57.7
COUNTRIES,BGD,Bangladesh,2023,ROTAC,"Rotavirus, last dose",WUENIC,WHO/UNICEF Estimates of National Immunization Coverage,113014,73665,65.2
COUNTRIES,BGD,Bangladesh,2024,BCG,BCG vaccine,WUENIC,WHO/UNICEF Estimates of National Immunization Coverage,1285382,1237294,96.3
COUNTRIES,BGD,Bangladesh,2024,DTPCV1,"DTP-containing vaccine, 1st dose",OFFICIAL,Official coverage,2469493,1625833,65.8
COUNTRIES,BGD,Bangladesh,2024,DTPCV3,"DTP-containing vaccine, 3rd dose",ADMIN,Administrative coverage,1347682,1108639,82.3
COUNTRIES,BGD,Bangladesh,2024,MCV1,"Measles-containing vaccine, 1st dose",ADMIN,Administrative coverage,1581817,1545087,97.7
COUNTRIES,BGD,Bangladesh,2024,MCV2,"Measles-containing vaccine, 2nd dose",WUENIC,WHO/UNICEF Estimates of National Immunization Coverage,2065074,1419957,68.8
COUNTRIES,BGD,Bangladesh,2024,POL3,"Polio, 3rd dose",OFFICIAL,Official coverage,1852502,1833976,99.0
COUNTRIES,BGD,Bangladesh,2024,HEPB3,"Hepatitis B, 3rd dose",OFFICIAL,Official coverage,2076819,1677860,80.8
COUNTRIES,BGD,Bangladesh,2024,HIB3,"Hib, 3rd dose",WUENIC,WHO/UNICEF Estimates of National Immunization Coverage,782722,537245,68.6
COUNTRIES,BGD,Bangladesh,2024,PCV3,"Pneumococcal conjugate vaccine, final dose",OFFICIAL,Official coverage,1250847,722852,57.8
COUNTRIES,BGD,Bangladesh,2024,ROTAC,"Rotavirus, last dose",WUENIC,WHO/UNICEF Estimates of National Immunization Coverage,4151599,3148572,75.8
COUNTRIES,IDN,Indonesia,2010,BCG,BCG vaccine,OFFICIAL,Official coverage,4596925,2858016,62.2
COUNTRIES,IDN,Indonesia,2010,DTPCV1,"DTP-containing vaccine, 1st dose",ADMIN,Administrative coverage,4140284,1796516,43.4
COUNTRIES,IDN,Indonesia,2010,DTPCV3,"DTP-containing vaccine, 3rd dose",WUENIC,WHO/UNICEF Estimates of National Immunization Coverage,2449771,1356795,55.4
COUNTRIES,IDN,Indonesia,2010,MCV1,"Measles-containing vaccine, 1st dose",OFFICIAL,Official coverage,2416304,1873808,77.5
COUNTRIES,IDN,Indonesia,2010,MCV2,"Measles-containing vaccine, 2nd dose",OFFICIAL,Official coverage,2445682,696538,28.5
COUNTRIES,IDN,Indonesia,2010,POL3,"Polio, 3rd dose",WUENIC,WHO/UNICEF Estimates of National Immunization Coverage,3978685,2566729,64.5
COUNTRIES,IDN,Indonesia,2010,HEPB3,"Hepatitis B, 3rd dose",ADMIN,Administrative coverage,3327746,1614395,48.5
COUNTRIES,IDN,Indonesia,2010,HIB3,"Hib, 3rd dose",WUENIC,WHO/UNICEF Estimates of National Immunization Coverage,1360015,989366,72.7
COUNTRIES,IDN,Indonesia,2010,PCV3,"Pneumococcal conjugate vaccine, final dose",ADMIN,Administrative coverage,4563257,1816352,39.8
COUNTRIES,IDN,Indonesia,2010,ROTAC,"Rotavirus, last dose",OFFICIAL,Official coverage,3617945,1746906,48.3
COUNTRIES,IDN,Indonesia,2011,BCG,BCG vaccine,WUENIC,WHO/UNICEF Estimates of National Immunization Coverage,1098966,698123,63.5
COUNTRIES,IDN,Indonesia,2011,DTPCV1,"DTP-containing vaccine, 1st dose",ADMIN,Administrative coverage,2139632,1219977,57.0
COUNTRIES,IDN,Indonesia,2011,DTPCV3,"DTP-containing vaccine, 3rd dose",OFFICIAL,Official coverage,4849412,3388807,69.9
COUNTRIES,IDN,Indonesia,2011,MCV1,"Measles-containing vaccine, 1st dose",ADMIN,Administrative coverage,4056389,2925290,72.1
COUNTRIES,IDN,Indonesia,2011,MCV2,"Measles-containing vaccine, 2nd dose",OFFICIAL,Official coverage,4123542,2245968,54.5
COUNTRIES,IDN,Indonesia,2011,POL3,"Polio, 3rd dose",WUENIC,WHO/UNICEF Estimates of National Immunization Coverage,1574631,1157983,73.5
COUNTRIES,IDN,Indonesia,2011,HEPB3,"Hepatitis B, 3rd dose",WUENIC,WHO/UNICEF Estimates of National Immunization Coverage,2942531,1691700,57.5
COUNTRIES,IDN,Indonesia,2011,HIB3,"Hib, 3rd dose",ADMIN,Administrative coverage,956395,479788,50.2
COUNTRIES,IDN,Indonesia,2011,PCV3,"Pneumococcal conjugate vaccine, final dose",ADMIN,Administrative coverage,3878239,2132881,55.0
COUNTRIES,IDN,Indonesia,2011,ROTAC,"Rotavirus, last dose",ADMIN,Administrative coverage,4855028,2322652,47.8
COUNTRIES,IDN,Indonesia,2012,BCG,BCG vaccine,OFFICIAL,Official coverage,545919,384167,70.4
COUNTRIES,IDN,Indonesia,2012,DTPCV1,"DTP-containing vaccine, 1st dose",ADMIN,Administrative coverage,516589,217959,42.2
COUNTRIES,IDN,Indonesia,2012,DTPCV3,"DTP-containing vaccine, 3rd dose",WUENIC,WHO/UNICEF Estimates of National Immunization Coverage,1742737,1424884,81.8
COUNTRIES,IDN,Indonesia,2012,MCV1,"Measles-containing vaccine, 1st dose",ADMIN,Administrative coverage,3300428,2523772,76.5
COUNTRIES,IDN,Indonesia,2012,MCV2,"Measles-containing vaccine, 2nd dose",WUENIC,WHO/UNICEF Estimates of National Immunization Coverage,623881,376408,60.3
COUNTRIES,IDN,Indonesia,2012,POL3,"Polio, 3rd dose",OFFICIAL,Official coverage,3351394,2023058,60.4
COUNTRIES,IDN,Indonesia,2012,HEPB3,"Hepatitis B, 3rd dose",ADMIN,Administrative coverage,2485678,1546791,62.2
COUNTRIES,IDN,Indonesia,2012,HIB3,"Hib, 3rd dose",ADMIN,Administrative coverage,3606597,2461543,68.3
COUNTRIES,IDN,Indonesia,2012,PCV3,"Pneumococcal conjugate vaccine, final dose",OFFICIAL,Official coverage,600428,255785,42.6
COUNTRIES,IDN,Indonesia,2012,ROTAC,"Rotavirus, last dose",ADMIN,Administrative coverage,2939190,1316033,44.8
COUNTRIES,IDN,Indonesia,2013,BCG,BCG vaccine,ADMIN,Administrative coverage,664673,539886,81.2
COUNTRIES,IDN,Indonesia,2013,DTPCV1,"DTP-containing vaccine, 1st dose",OFFICIAL,Official coverage,801993,490518,61.2
COUNTRIES,IDN,Indonesia,2013,DTPCV3,"DTP-containing vaccine, 3rd dose",WUENIC,WHO/UNICEF Estimates of National Immunization Coverage,878282,529532,60.3
COUNTRIES,IDN,Indonesia,2013,MCV1,"Measles-containing vaccine, 1st dose",OFFICIAL,Official coverage,2624469,2178611,83.0
COUNTRIES,IDN,Indonesia,2013,MCV2,"Measles-containing vaccine, 2nd dose",WUENIC,WHO/UNICEF Estimates of National Immunization Coverage,367942,137342,37.3
COUNTRIES,IDN,Indonesia,2013,POL3,"Polio, 3rd dose",ADMIN,Administrative coverage,471773,417396,88.5
COUNTRIES,IDN,Indonesia,2013,HEPB3,"Hepatitis B, 3rd dose",OFFICIAL,Official coverage,4613167,2956576,64.1
COUNTRIES,IDN,Indonesia,2013,HIB3,"Hib, 3rd dose",WUENIC,WHO/UNICEF Estimates of National Immunization Coverage,4316399,2127534,49.3
COUNTRIES,IDN,Indonesia,2013,PCV3,"Pneumococcal conjugate vaccine, final dose",ADMIN,Administrative coverage,2767892,1401324,50.6
COUNTRIES,IDN,Indonesia,2013,ROTAC,"Rotavirus, last dose",ADMIN,Administrative coverage,2224758,1384000,62.2
COUNTRIES,IDN,Indonesia,2014,BCG,BCG vaccine,ADMIN,Administrative coverage,1467158,972276,66.3
COUNTRIES,IDN,Indonesia,2014,DTPCV1,"DTP-containing vaccine, 1st dose",ADMIN,Administrative coverage,4869291,2888398,59.3
COUNTRIES,IDN,Indonesia,2014,DTPCV3,"DTP-containing vaccine, 3rd dose",OFFICIAL,Official coverage,1565554,1173833,75.0
COUNTRIES,IDN,Indonesia,2014,MCV1,"Measles-containing vaccine, 1st dose",WUENIC,WHO/UNICEF Estimates of National Immunization Coverage,3796962,2715402,71.5
COUNTRIES,IDN,Indonesia,2014,MCV2,"Measles-containing vaccine, 2nd dose",OFFICIAL,Official coverage,4726103,2335538,49.4
COUNTRIES,IDN,Indonesia,2014,POL3,"Polio, 3rd dose",ADMIN,Administrative coverage,1848594,1432898,77.5
COUNTRIES,IDN,Indonesia,2014,HEPB3,"Hepatitis B, 3rd dose",OFFICIAL,Official coverage,3993439,2759771,69.1
COUNTRIES,IDN,Indonesia,2014,HIB3,"Hib, 3rd dose",ADMIN,Administrative coverage,3514524,2193621,62.4
COUNTRIES,IDN,Indonesia,2014,PCV3,"Pneumococcal conjugate vaccine, final dose",WUENIC,WHO/UNICEF Estimates of National Immunization Coverage,1559390,871183,55.9
COUNTRIES,IDN,Indonesia,2014,ROTAC,"Rotavirus, last dose",OFFICIAL,Official coverage,4520756,2495213,55.2
COUNTRIES,IDN,Indonesia,2015,BCG,BCG vaccine,ADMIN,Administrative coverage,1395801,1030989,73.9
COUNTRIES,IDN,Indonesia,2015,DTPCV1,"DTP-containing vaccine, 1st dose",WUENIC,WHO/UNICEF Estimates of National Immunization Coverage,1067497,648512,60.8
COUNTRIES,IDN,Indonesia,2015,DTPCV3,"DTP-containing vaccine, 3rd dose",WUENIC,WHO/UNICEF Estimates of National Immunization Coverage,3789469,2719469,71.8
COUNTRIES,IDN,Indonesia,2015,MCV1,"Measles-containing vaccine, 1st dose",WUENIC,WHO/UNICEF Estimates of National Immunization Coverage,3144510,2113844,67.2
COUNTRIES,IDN,Indonesia,2015,MCV2,"Measles-containing vaccine, 2nd dose",OFFICIAL,Official coverage,470888,234642,49.8
COUNTRIES,IDN,Indonesia,2015,POL3,"Polio, 3rd dose",OFFICIAL,Official coverage,2567649,1781994,69.4
COUNTRIES,IDN,Indonesia,2015,HEPB3,"Hepatitis B, 3rd dose",WUENIC,WHO/UNICEF Estimates of National Immunization Coverage,2251016,1378263,61.2
COUNTRIES,IDN,Indonesia,2015,HIB3,"Hib, 3rd dose",ADMIN,Administrative coverage,2752303,1628048,59.2
COUNTRIES,IDN,Indonesia,2015,PCV3,"Pneumococcal conjugate vaccine, final dose",WUENIC,WHO/UNICEF Estimates of National Immunization Coverage,3202963,1709841,53.4
COUNTRIES,IDN,Indonesia,2015,ROTAC,"Rotavirus, last dose",ADMIN,Administrative coverage,3961087,2240365,56.6
COUNTRIES,IDN,Indonesia,2016,BCG,BCG vaccine,ADMIN,Administrative coverage,797948,609503,76.4
COUNTRIES,IDN,Indonesia,2016,DTPCV1,"DTP-containing vaccine, 1st dose",ADMIN,Administrative coverage,2794686,1740875,62.3
COUNTRIES,IDN,Indonesia,2016,DTPCV3,"DTP-containing vaccine, 3rd dose",WUENIC,WHO/UNICEF Estimates of National Immunization Coverage,281414,214967,76.4
COUNTRIES,IDN,Indonesia,2016,MCV1,"Measles-containing vaccine, 1st dose",ADMIN,Administrative coverage,3452862,2519709,73.0
COUNTRIES,IDN,Indonesia,2016,MCV2,"Measles-containing vaccine, 2nd dose",ADMIN,Administrative coverage,71650,38950,54.4
COUNTRIES,IDN,Indonesia,2016,POL3,"Polio, 3rd dose",OFFICIAL,Official coverage,3894328,3092469,79.4
COUNTRIES,IDN,Indonesia,2016,HEPB3,"Hepatitis B, 3rd dose",ADMIN,Administrative coverage,4120101,2801747,68.0
COUNTRIES,IDN,Indonesia,2016,HIB3,"Hib, 3rd dose",ADMIN,Administrative coverage,1774854,1060141,59.7
COUNTRIES,IDN,Indonesia,2016,PCV3,"Pneumococcal conjugate vaccine, final dose",WUENIC,WHO/UNICEF Estimates of National Immunization Coverage,4745995,3018838,63.6
COUNTRIES,IDN,Indonesia,2016,ROTAC,"Rotavirus, last dose",WUENIC,WHO/UNICEF Estimates of National Immunization Coverage,4446208,2501595,56.3
COUNTRIES,IDN,Indonesia,2017,BCG,BCG vaccine,OFFICIAL,Official coverage,2885623,1812738,62.8
COUNTRIES,IDN,Indonesia,2017,DTPCV1,"DTP-containing vaccine, 1st dose",ADMIN,Administrative coverage,1907845,1418150,74.3
COUNTRIES,IDN,Indonesia,2017,DTPCV3,"DTP-containing vaccine, 3rd dose",ADMIN,Administrative coverage,897405,598207,66.7
COUNTRIES,IDN,Indonesia,2017,MCV1,"Measles-containing vaccine, 1st dose",ADMIN,Administrative coverage,3838264,3668083,95.6
COUNTRIES,IDN,Indonesia,2017,MCV2,"Measles-containing vaccine, 2nd dose",OFFICIAL,Official coverage,460226,248137,53.9
COUNTRIES,IDN,Indonesia,2017,POL3,"Polio, 3rd dose",WUENIC,WHO/UNICEF Estimates of National Immunization Coverage,1722349,1671423,97.0
COUNTRIES,IDN,Indonesia,2017,HEPB3,"Hepatitis B, 3rd dose",OFFICIAL,Official coverage,1102305,617927,56.1
COUNTRIES,IDN,Indonesia,2017,HIB3,"Hib, 3rd dose",ADMIN,Administrative coverage,3217126,2175046,67.6
COUNTRIES,IDN,Indonesia,2017,PCV3,"Pneumococcal conjugate vaccine, final dose",ADMIN,Administrative coverage,4872481,2632703,54.0
COUNTRIES,IDN,Indonesia,2017,ROTAC,"Rotavirus, last dose",ADMIN,Administrative coverage,568490,239570,42.1
COUNTRIES,IDN,Indonesia,2018,BCG,BCG vaccine,WUENIC,WHO/UNICEF Estimates of National Immunization Coverage,2610244,2427839,93.0
COUNTRIES,IDN,Indonesia,2018,DTPCV1,"DTP-containing vaccine, 1st dose",ADMIN,Administrative coverage,3197887,2222693,69.5
COUNTRIES,IDN,Indonesia,2018,DTPCV3,"DTP-containing vaccine, 3rd dose",OFFICIAL,Official coverage,4714496,3715723,78.8
COUNTRIES,IDN,Indonesia,2018,MCV1,"Measles-containing vaccine, 1st dose",OFFICIAL,Official coverage,2876267,2217734,77.1
COUNTRIES,IDN,Indonesia,2018,MCV2,"Measles-containing vaccine, 2nd dose",WUENIC,WHO/UNICEF Estimates of National Immunization Coverage,4667752,2357937,50.5
COUNTRIES,IDN,Indonesia,2018,POL3,"Polio, 3rd dose",WUENIC,WHO/UNICEF Estimates of National Immunization Coverage,1728332,1177188,68.1
COUNTRIES,IDN,Indonesia,2018,HEPB3,"Hepatitis B, 3rd dose",ADMIN,Administrative coverage,2235132,1376150,61.6
COUNTRIES,IDN,Indonesia,2018,HIB3,"Hib, 3rd dose",ADMIN,Administrative coverage,4114610,2654301,64.5
COUNTRIES,IDN,Indonesia,2018,PCV3,"Pneumococcal conjugate vaccine, final dose",ADMIN,Administrative coverage,2978785,1485972,49.9
COUNTRIES,IDN,Indonesia,2018,ROTAC,"Rotavirus, last dose",OFFICIAL,Official coverage,437773,297800,68.0
COUNTRIES,IDN,Indonesia,2019,BCG,BCG vaccine,OFFICIAL,Official coverage,676840,615854,91.0
COUNTRIES,IDN,Indonesia,2019,DTPCV1,"DTP-containing vaccine, 1st dose",WUENIC,WHO/UNICEF Estimates of National Immunization Coverage,1417064,991639,70.0
COUNTRIES,IDN,Indonesia,2019,DTPCV3,"DTP-containing vaccine, 3rd dose",ADMIN,Administrative coverage,4053314,3116236,76.9
COUNTRIES,IDN,Indonesia,2019,MCV1,"Measles-containing vaccine, 1st dose",ADMIN,Administrative coverage,3328262,2467314,74.1
COUNTRIES,IDN,Indonesia,2019,MCV2,"Measles-containing vaccine, 2nd dose",OFFICIAL,Official coverage,1975464,1491439,75.5
COUNTRIES,IDN,Indonesia,2019,POL3,"Polio, 3rd dose",WUENIC,WHO/UNICEF Estimates of National Immunization Coverage,850607,800852,94.2
COUNTRIES,IDN,Indonesia,2019,HEPB3,"Hepatitis B, 3rd dose",ADMIN,Administrative coverage,1834094,1266809,69.1
COUNTRIES,IDN,Indonesia,2019,HIB3,"Hib, 3rd dose",ADMIN,Administrative coverage,399115,232093,58.2
COUNTRIES,IDN,Indonesia,2019,PCV3,"Pneumococcal conjugate vaccine, final dose",WUENIC,WHO/UNICEF Estimates of National Immunization Coverage,4347084,3007980,69.2
COUNTRIES,IDN,Indonesia,2019,ROTAC,"Rotavirus, last dose",ADMIN,Administrative coverage,4827347,3280690,68.0
COUNTRIES,IDN,Indonesia,2020,BCG,BCG vaccine,OFFICIAL,Official coverage,3269598,3236902,99.0
COUNTRIES,IDN,Indonesia,2020,DTPCV1,"DTP-containing vaccine, 1st dose",ADMIN,Administrative coverage,478556,278349,58.2
COUNTRIES,IDN,Indonesia,2020,DTPCV3,"DTP-containing vaccine, 3rd dose",ADMIN,Administrative coverage,530350,465548,87.8
COUNTRIES,IDN,Indonesia,2020,MCV1,"Measles-containing vaccine, 1st dose",WUENIC,WHO/UNICEF Estimates of National Immunization Coverage,2096719,1627640,77.6
COUNTRIES,IDN,Indonesia,2020,MCV2,"Measles-containing vaccine, 2nd dose",WUENIC,WHO/UNICEF Estimates of National Immunization Coverage,1476548,671742,45.5
COUNTRIES,IDN,Indonesia,2020,POL3,"Polio, 3rd dose",OFFICIAL,Official coverage,1080451,826881,76.5
COUNTRIES,IDN,Indonesia,2020,HEPB3,"Hepatitis B, 3rd dose",WUENIC,WHO/UNICEF Estimates of National Immunization Coverage,3451461,2043381,59.2
COUNTRIES,IDN,Indonesia,2020,HIB3,"Hib, 3rd dose",ADMIN,Administrative coverage,4651318,3101419,66.7
COUNTRIES,IDN,Indonesia,2020,PCV3,"Pneumococcal conjugate vaccine, final dose",ADMIN,Administrative coverage,2846749,1905261,66.9
COUNTRIES,IDN,Indonesia,2020,ROTAC,"Rotavirus, last dose",ADMIN,Administrative coverage,3465473,2000943,57.7
COUNTRIES,IDN,Indonesia,2021,BCG,BCG vaccine,OFFICIAL,Official coverage,3560764,3420402,96.1
COUNTRIES,IDN,Indonesia,2021,DTPCV1,"DTP-containing vaccine, 1st dose",ADMIN,Administrative coverage,2410901,1896346,78.7
COUNTRIES,IDN,Indonesia,2021,DTPCV3,"DTP-containing vaccine, 3rd dose",WUENIC,WHO/UNICEF Estimates of National Immunization Coverage,3239858,3207459,99.0
COUNTRIES,IDN,Indonesia,2021,MCV1,"Measles-containing vaccine, 1st dose",ADMIN,Administrative coverage,4467338,3525482,78.9
COUNTRIES,IDN,Indonesia,2021,MCV2,"Measles-containing vaccine, 2nd dose",WUENIC,WHO/UNICEF Estimates of National Immunization Coverage,840671,548272,65.2
COUNTRIES,IDN,Indonesia,2021,POL3,"Polio, 3rd dose",WUENIC,WHO/UNICEF Estimates of National Immunization Coverage,2244358,2021453,90.1
COUNTRIES,IDN,Indonesia,2021,HEPB3,"Hepatitis B, 3rd dose",ADMIN,Administrative coverage,2554973,1518535,59.4
COUNTRIES,IDN,Indonesia,2021,HIB3,"Hib, 3rd dose",ADMIN,Administrative coverage,2167191,1348950,62.2
COUNTRIES,IDN,Indonesia,2021,PCV3,"Pneumococcal conjugate vaccine, final dose",ADMIN,Administrative coverage,1589663,1010537,63.6
COUNTRIES,IDN,Indonesia,2021,ROTAC,"Rotavirus, last dose",WUENIC,WHO/UNICEF Estimates of National Immunization Coverage,1001302,632842,63.2
COUNTRIES,IDN,Indonesia,2022,BCG,BCG vaccine,ADMIN,Administrative coverage,4255089,3893148,91.5
COUNTRIES,IDN,Indonesia,2022,DTPCV1,"DTP-containing vaccine, 1st dose",ADMIN,Administrative coverage,3914860,2782683,71.1
COUNTRIES,IDN,Indonesia,2022,DTPCV3,"DTP-containing vaccine, 3rd dose",OFFICIAL,Official coverage,4507910,4462830,99.0
COUNTRIES,IDN,Indonesia,2022,MCV1,"Measles-containing vaccine, 1st dose",ADMIN,Administrative coverage,3538882,3116715,88.1
COUNTRIES,IDN,Indonesia,2022,MCV2,"Measles-containing vaccine, 2nd dose",ADMIN,Administrative coverage,436213,274313,62.9
COUNTRIES,IDN,Indonesia,2022,POL3,"Polio, 3rd dose",OFFICIAL,Official coverage,4396421,3823084,87.0
COUNTRIES,IDN,Indonesia,2022,HEPB3,"Hepatitis B, 3rd dose",ADMIN,Administrative coverage,972426,773418,79.5
COUNTRIES,IDN,Indonesia,2022,HIB3,"Hib, 3rd dose",WUENIC,WHO/UNICEF Estimates of National Immunization Coverage,839148,583961,69.6
COUNTRIES,IDN,Indonesia,2022,PCV3,"Pneumococcal conjugate vaccine, final dose",ADMIN,Administrative coverage,1565509,1055574,67.4
COUNTRIES,IDN,Indonesia,2022,ROTAC,"Rotavirus, last dose",WUENIC,WHO/UNICEF Estimates of National Immunization Coverage,3917239,2352721,60.1
COUNTRIES,IDN,Indonesia,2023,BCG,BCG vaccine,ADMIN,Administrative coverage,2145104,2123652,99.0
COUNTRIES,IDN,Indonesia,2023,DTPCV1,"DTP-containing vaccine, 1st dose",WUENIC,WHO/UNICEF Estimates of National Immunization Coverage,1380728,1019395,73.8
COUNTRIES,IDN,Indonesia,2023,DTPCV3,"DTP-containing vaccine, 3rd dose",WUENIC,WHO/UNICEF Estimates of National Immunization Coverage,3758201,2959312,78.7
COUNTRIES,IDN,Indonesia,2023,MCV1,"Measles-containing vaccine, 1st dose",OFFICIAL,Official coverage,3474638,3168619,91.2
COUNTRIES,IDN,Indonesia,2023,MCV2,"Measles-containing vaccine, 2nd dose",WUENIC,WHO/UNICEF Estimates of National Immunization Coverage,454911,307203,67.5
COUNTRIES,IDN,Indonesia,2023,POL3,"Polio, 3rd dose",OFFICIAL,Official coverage,4187075,3873992,92.5
COUNTRIES,IDN,Indonesia,2023,HEPB3,"Hepatitis B, 3rd dose",WUENIC,WHO/UNICEF Estimates of National Immunization Coverage,2443455,1629135,66.7
COUNTRIES,IDN,Indonesia,2023,HIB3,"Hib, 3rd dose",ADMIN,Administrative coverage,3323751,2850257,85.8
COUNTRIES,IDN,Indonesia,2023,PCV3,"Pneumococcal conjugate vaccine, final dose",ADMIN,Administrative coverage,2972321,2139031,72.0
COUNTRIES,IDN,Indonesia,2023,ROTAC,"Rotavirus, last dose",ADMIN,Administrative coverage,2107797,1321973,62.7
COUNTRIES,IDN,Indonesia,2024,BCG,BCG vaccine,OFFICIAL,Official coverage,2268787,2202373,97.1
COUNTRIES,IDN,Indonesia,2024,DTPCV1,"DTP-containing vaccine, 1st dose",ADMIN,Administrative coverage,923420,625111,67.7
COUNTRIES,IDN,Indonesia,2024,DTPCV3,"DTP-containing vaccine, 3rd dose",WUENIC,WHO/UNICEF Estimates of National Immunization Coverage,542503,496287,91.5
COUNTRIES,IDN,Indonesia,2024,MCV1,"Measles-containing vaccine, 1st dose",WUENIC,WHO/UNICEF Estimates of National Immunization Coverage,3546716,3326135,93.8
COUNTRIES,IDN,Indonesia,2024,MCV2,"Measles-containing vaccine, 2nd dose",OFFICIAL,Official coverage,994461,678700,68.2
COUNTRIES,IDN,Indonesia,2024,POL3,"Polio, 3rd dose",ADMIN,Administrative coverage,4380972,3239257,73.9
COUNTRIES,IDN,Indonesia,2024,HEPB3,"Hepatitis B, 3rd dose",WUENIC,WHO/UNICEF Estimates of National Immunization Coverage,3461647,2315775,66.9
COUNTRIES,IDN,Indonesia,2024,HIB3,"Hib, 3rd dose",OFFICIAL,Official coverage,4767776,3632819,76.2
COUNTRIES,IDN,Indonesia,2024,PCV3,"Pneumococcal conjugate vaccine, final dose",OFFICIAL,Official coverage,197032,105555,53.6
COUNTRIES,IDN,Indonesia,2024,ROTAC,"Rotavirus, last dose",WUENIC,WHO/UNICEF Estimates of National Immunization Coverage,1768562,1414265,80.0
COUNTRIES,COD,Democratic Republic of the Congo,2010,BCG,BCG vaccine,ADMIN,Administrative coverage,1379785,872852,63.3
COUNTRIES,COD,Democratic Republic of the Congo,2010,DTPCV1,"DTP-containing vaccine, 1st dose",WUENIC,WHO/UNICEF Estimates of National Immunization Coverage,4951366,2882959,58.2
COUNTRIES,COD,Democratic Republic of the Congo,2010,DTPCV3,"DTP-containing vaccine, 3rd dose",WUENIC,WHO/UNICEF Estimates of National Immunization Coverage,2808566,2167446,77.2
COUNTRIES,COD,Democratic Republic of the Congo,2010,MCV1,"Measles-containing vaccine, 1st dose",ADMIN,Administrative coverage,3355107,1899728,56.6
COUNTRIES,COD,Democratic Republic of the Congo,2010,MCV2,"Measles-containing vaccine, 2nd dose",WUENIC,WHO/UNICEF Estimates of National Immunization Coverage,244152,94302,38.6
COUNTRIES,COD,Democratic Republic of the Congo,2010,POL3,"Polio, 3rd dose",OFFICIAL,Official coverage,1025112,934749,91.2
COUNTRIES,COD,Democratic Republic of the Congo,2010,HEPB3,"Hepatitis B, 3rd dose",WUENIC,WHO/UNICEF Estimates of National Immunization Coverage,605839,373322,61.6
COUNTRIES,COD,Democratic Republic of the Congo,2010,HIB3,"Hib, 3rd dose",ADMIN,Administrative coverage,1928266,973934,50.5
COUNTRIES,COD,Democratic Republic of the Congo,2010,PCV3,"Pneumococcal conjugate vaccine, final dose",ADMIN,Administrative coverage,601238,264788,44.0
COUNTRIES,COD,Democratic Republic of the Congo,2010,ROTAC,"Rotavirus, last dose",ADMIN,Administrative coverage,2945107,1499744,50.9
COUNTRIES,COD,Democratic Republic of the Congo,2011,BCG,BCG vaccine,WUENIC,WHO/UNICEF Estimates of National Immunization Coverage,3219562,2670010,82.9
COUNTRIES,COD,Democratic Republic of the Congo,2011,DTPCV1,"DTP-containing vaccine, 1st dose",WUENIC,WHO/UNICEF Estimates of National Immunization Coverage,1913907,855649,44.7
COUNTRIES,COD,Democratic Republic of the Congo,2011,DTPCV3,"DTP-containing vaccine, 3rd dose",ADMIN,Administrative coverage,2657421,2166402,81.5
COUNTRIES,COD,Democratic Republic of the Congo,2011,MCV1,"Measles-containing vaccine, 1st dose",OFFICIAL,Official coverage,3589172,2437557,67.9
COUNTRIES,COD,Democratic Republic of the Congo,2011,MCV2,"Measles-containing vaccine, 2nd dose",WUENIC,WHO/UNICEF Estimates of National Immunization Coverage,2708492,1506119,55.6
COUNTRIES,COD,Democratic Republic of the Congo,2011,POL3,"Polio, 3rd dose",ADMIN,Administrative coverage,673090,482767,71.7
COUNTRIES,COD,Democratic Republic of the Congo,2011,HEPB3,"Hepatitis B, 3rd dose",WUENIC,WHO/UNICEF Estimates of National Immunization Coverage,2576915,1453861,56.4
COUNTRIES,COD,Democratic Republic of the Congo,2011,HIB3,"Hib, 3rd dose",ADMIN,Administrative coverage,2898039,1706102,58.9
COUNTRIES,COD,Democratic Republic of the Congo,2011,PCV3,"Pneumococcal conjugate vaccine, final dose",ADMIN,Administrative coverage,930432,360049,38.7
COUNTRIES,COD,Democratic Republic of the Congo,2011,ROTAC,"Rotavirus, last dose",WUENIC,WHO/UNICEF Estimates of National Immunization Coverage,4934299,2809000,56.9
COUNTRIES,COD,Democratic Republic of the Congo,2012,BCG,BCG vaccine,WUENIC,WHO/UNICEF Estimates of National Immunization Coverage,3424775,2356138,68.8
COUNTRIES,COD,Democratic Republic of the Congo,2012,DTPCV1,"DTP-containing vaccine, 1st dose",WUENIC,WHO/UNICEF Estimates of National Immunization Coverage,2618101,1734205,66.2
COUNTRIES,COD,Democratic Republic of the Congo,2012,DTPCV3,"DTP-containing vaccine, 3rd dose",ADMIN,Administrative coverage,1016325,678335,66.7
COUNTRIES,COD,Democratic Republic of the Congo,2012,MCV1,"Measles-containing vaccine, 1st dose",OFFICIAL,Official coverage,1857317,1242960,66.9
COUNTRIES,COD,Democratic Republic of the Congo,2012,MCV2,"Measles-containing vaccine, 2nd dose",OFFICIAL,Official coverage,1533702,660390,43.1
COUNTRIES,COD,Democratic Republic of the Congo,2012,POL3,"Polio, 3rd dose",WUENIC,WHO/UNICEF Estimates of National Immunization Coverage,4060442,2558989,63.0
COUNTRIES,COD,Democratic Republic of the Congo,2012,HEPB3,"Hepatitis B, 3rd dose",WUENIC,WHO/UNICEF Estimates of National Immunization Coverage,3354860,2016654,60.1
COUNTRIES,COD,Democratic Republic of the Congo,2012,HIB3,"Hib, 3rd dose",WUENIC,WHO/UNICEF Estimates of National Immunization Coverage,3379782,2417653,71.5
COUNTRIES,COD,Democratic Republic of the Congo,2012,PCV3,"Pneumococcal conjugate vaccine, final dose",WUENIC,WHO/UNICEF Estimates of National Immunization Coverage,804981,327106,40.6
COUNTRIES,COD,Democratic Republic of the Congo,2012,ROTAC,"Rotavirus, last dose",OFFICIAL,Official coverage,4928274,2171401,44.1
COUNTRIES,COD,Democratic Republic of the Congo,2013,BCG,BCG vaccine,WUENIC,WHO/UNICEF Estimates of National Immunization Coverage,3482338,2568616,73.8
COUNTRIES,COD,Democratic Republic of the Congo,2013,DTPCV1,"DTP-containing vaccine, 1st dose",ADMIN,Administrative coverage,1468767,722246,49.2
COUNTRIES,COD,Democratic Republic of the Congo,2013,DTPCV3,"DTP-containing vaccine, 3rd dose",ADMIN,Administrative coverage,1885068,1180915,62.6
COUNTRIES,COD,Democratic Republic of the Congo,2013,MCV1,"Measles-containing vaccine, 1st dose",WUENIC,WHO/UNICEF Estimates of National Immunization Coverage,2126259,1569039,73.8
COUNTRIES,COD,Democratic Republic of the Congo,2013,MCV2,"Measles-containing vaccine, 2nd dose",OFFICIAL,Official coverage,4340730,2167247,49.9
COUNTRIES,COD,Democratic Republic of the Congo,2013,POL3,"Polio, 3rd dose",WUENIC,WHO/UNICEF Estimates of National Immunization Coverage,482941,369176,76.4
COUNTRIES,COD,Democratic Republic of the Congo,2013,HEPB3,"Hepatitis B, 3rd dose",OFFICIAL,Official coverage,2758685,1372769,49.8
COUNTRIES,COD,Democratic Republic of the Congo,2013,HIB3,"Hib, 3rd dose",ADMIN,Administrative coverage,3976449,2416714,60.8
COUNTRIES,COD,Democratic Republic of the Congo,2013,PCV3,"Pneumococcal conjugate vaccine, final dose",ADMIN,Administrative coverage,1890277,1055209,55.8
COUNTRIES,COD,Democratic Republic of the Congo,2013,ROTAC,"Rotavirus, last dose",OFFICIAL,Official coverage,781636,468232,59.9
COUNTRIES,COD,Democratic Republic of the Congo,2014,BCG,BCG vaccine,ADMIN,Administrative coverage,736290,485097,65.9
COUNTRIES,COD,Democratic Republic of the Congo,2014,DTPCV1,"DTP-containing vaccine, 1st dose",ADMIN,Administrative coverage,2414825,1126640,46.7
COUNTRIES,COD,Democratic Republic of the Congo,2014,DTPCV3,"DTP-containing vaccine, 3rd dose",ADMIN,Administrative coverage,2230139,1837098,82.4
COUNTRIES,COD,Democratic Republic of the Congo,2014,MCV1,"Measles-containing vaccine, 1st dose",ADMIN,Administrative coverage,3821460,3042108,79.6
COUNTRIES,COD,Democratic Republic of the Congo,2014,MCV2,"Measles-containing vaccine, 2nd dose",ADMIN,Administrative coverage,4455113,2740707,61.5
COUNTRIES,COD,Democratic Republic of the Congo,2014,POL3,"Polio, 3rd dose",OFFICIAL,Official coverage,3124126,2232997,71.5
COUNTRIES,COD,Democratic Republic of the Congo,2014,HEPB3,"Hepatitis B, 3rd dose",ADMIN,Administrative coverage,1985772,1399078,70.5
COUNTRIES,COD,Democratic Republic of the Congo,2014,HIB3,"Hib, 3rd dose",OFFICIAL,Official coverage,3506000,2273545,64.8
COUNTRIES,COD,Democratic Republic of the Congo,2014,PCV3,"Pneumococcal conjugate vaccine, final dose",WUENIC,WHO/UNICEF Estimates of National Immunization Coverage,3828271,2009974,52.5
COUNTRIES,COD,Democratic Republic of the Congo,2014,ROTAC,"Rotavirus, last dose",ADMIN,Administrative coverage,978864,551867,56.4
COUNTRIES,COD,Democratic Republic of the Congo,2015,BCG,BCG vaccine,OFFICIAL,Official coverage,4643321,3866597,83.3
COUNTRIES,COD,Democratic Republic of the Congo,2015,DTPCV1,"DTP-containing vaccine, 1st dose",ADMIN,Administrative coverage,3021679,1914491,63.4
COUNTRIES,COD,Democratic Republic of the Congo,2015,DTPCV3,"DTP-containing vaccine, 3rd dose",OFFICIAL,Official coverage,4184608,3199708,76.5
COUNTRIES,COD,Democratic Republic of the Congo,2015,MCV1,"Measles-containing vaccine, 1st dose",OFFICIAL,Official coverage,2146419,1425607,66.4
COUNTRIES,COD,Democratic Republic of the Congo,2015,MCV2,"Measles-containing vaccine, 2nd dose",ADMIN,Administrative coverage,4336476,2726277,62.9
COUNTRIES,COD,Democratic Republic of the Congo,2015,POL3,"Polio, 3rd dose",OFFICIAL,Official coverage,2600206,1784852,68.6
COUNTRIES,COD,Democratic Republic of the Congo,2015,HEPB3,"Hepatitis B, 3rd dose",ADMIN,Administrative coverage,646682,411564,63.6
COUNTRIES,COD,Democratic Republic of the Congo,2015,HIB3,"Hib, 3rd dose",ADMIN,Administrative coverage,430069,248915,57.9
COUNTRIES,COD,Democratic Republic of the Congo,2015,PCV3,"Pneumococcal conjugate vaccine, final dose",ADMIN,Administrative coverage,2491559,1217983,48.9
COUNTRIES,COD,Democratic Republic of the Congo,2015,ROTAC,"Rotavirus, last dose",WUENIC,WHO/UNICEF Estimates of National Immunization Coverage,2927668,1352152,46.2
COUNTRIES,COD,Democratic Republic of the Congo,2016,BCG,BCG vaccine,ADMIN,Administrative coverage,3430575,2418886,70.5
COUNTRIES,COD,Democratic Republic of the Congo,2016,DTPCV1,"DTP-containing vaccine, 1st dose",ADMIN,Administrative coverage,1245344,792490,63.6
COUNTRIES,COD,Democratic Republic of the Congo,2016,DTPCV3,"DTP-containing vaccine, 3rd dose",WUENIC,WHO/UNICEF Estimates of National Immunization Coverage,466561,380509,81.6
COUNTRIES,COD,Democratic Republic of the Congo,2016,MCV1,"Measles-containing vaccine, 1st dose",OFFICIAL,Official coverage,3810713,3514580,92.2
COUNTRIES,COD,Democratic Republic of the Congo,2016,MCV2,"Measles-containing vaccine, 2nd dose",OFFICIAL,Official coverage,674913,314371,46.6
COUNTRIES,COD,Democratic Republic of the Congo,2016,POL3,"Polio, 3rd dose",ADMIN,Administrative coverage,444768,389413,87.6
COUNTRIES,COD,Democratic Republic of the Congo,2016,HEPB3,"Hepatitis B, 3rd dose",OFFICIAL,Official coverage,299264,255642,85.4
COUNTRIES,COD,Democratic Republic of the Congo,2016,HIB3,"Hib, 3rd dose",ADMIN,Administrative coverage,3390552,2187501,64.5
COUNTRIES,COD,Democratic Republic of the Congo,2016,PCV3,"Pneumococcal conjugate vaccine, final dose",WUENIC,WHO/UNICEF Estimates of National Immunization Coverage,4998122,2086135,41.7
COUNTRIES,COD,Democratic Republic of the Congo,2016,ROTAC,"Rotavirus, last dose",OFFICIAL,Official coverage,4586857,2404877,52.4
COUNTRIES,COD,Democratic Republic of the Congo,2017,BCG,BCG vaccine,WUENIC,WHO/UNICEF Estimates of National Immunization Coverage,1491945,1287997,86.3
COUNTRIES,COD,Democratic Republic of the Congo,2017,DTPCV1,"DTP-containing vaccine, 1st dose",ADMIN,Administrative coverage,3846098,2089201,54.3
COUNTRIES,COD,Democratic Republic of the Congo,2017,DTPCV3,"DTP-containing vaccine, 3rd dose",WUENIC,WHO/UNICEF Estimates of National Immunization Coverage,3589730,3324330,92.6
COUNTRIES,COD,Democratic Republic of the Congo,2017,MCV1,"Measles-containing vaccine, 1st dose",WUENIC,WHO/UNICEF Estimates of National Immunization Coverage,274062,229346,83.7
COUNTRIES,COD,Democratic Republic of the Congo,2017,MCV2,"Measles-containing vaccine, 2nd dose",ADMIN,Administrative coverage,3552646,2101593,59.2
COUNTRIES,COD,Democratic Republic of the Congo,2017,POL3,"Polio, 3rd dose",ADMIN,Administrative coverage,1810143,1647288,91.0
COUNTRIES,COD,Democratic Republic of the Congo,2017,HEPB3,"Hepatitis B, 3rd dose",OFFICIAL,Official coverage,2989701,1825243,61.1
COUNTRIES,COD,Democratic Republic of the Congo,2017,HIB3,"Hib, 3rd dose",OFFICIAL,Official coverage,3261407,2102287,64.5
COUNTRIES,COD,Democratic Republic of the Congo,2017,PCV3,"Pneumococcal conjugate vaccine, final dose",OFFICIAL,Official coverage,3985388,2932074,73.6
COUNTRIES,COD,Democratic Republic of the Congo,2017,ROTAC,"Rotavirus, last dose",OFFICIAL,Official coverage,1665181,833815,50.1
COUNTRIES,COD,Democratic Republic of the Congo,2018,BCG,BCG vaccine,ADMIN,Administrative coverage,4084649,3218445,78.8
COUNTRIES,COD,Democratic Republic of the Congo,2018,DTPCV1,"DTP-containing vaccine, 1st dose",WUENIC,WHO/UNICEF Estimates of National Immunization Coverage,2871058,2503423,87.2
COUNTRIES,COD,Democratic Republic of the Congo,2018,DTPCV3,"DTP-containing vaccine, 3rd dose",WUENIC,WHO/UNICEF Estimates of National Immunization Coverage,1258060,1192351,94.8
COUNTRIES,COD,Democratic Republic of the Congo,2018,MCV1,"Measles-containing vaccine, 1st dose",WUENIC,WHO/UNICEF Estimates of National Immunization Coverage,3660160,2570579,70.2
COUNTRIES,COD,Democratic Republic of the Congo,2018,MCV2,"Measles-containing vaccine, 2nd dose",OFFICIAL,Official coverage,2104048,1028659,48.9
COUNTRIES,COD,Democratic Republic of the Congo,2018,POL3,"Polio, 3rd dose",OFFICIAL,Official coverage,1780841,1581092,88.8
COUNTRIES,COD,Democratic Republic of the Congo,2018,HEPB3,"Hepatitis B, 3rd dose",OFFICIAL,Official coverage,4473471,3340897,74.7
COUNTRIES,COD,Democratic Republic of the Congo,2018,HIB3,"Hib, 3rd dose",WUENIC,WHO/UNICEF Estimates of National Immunization Coverage,3489187,2466850,70.7
COUNTRIES,COD,Democratic Republic of the Congo,2018,PCV3,"Pneumococcal conjugate vaccine, final dose",WUENIC,WHO/UNICEF Estimates of National Immunization Coverage,2807506,2028773,72.3
COUNTRIES,COD,Democratic Republic of the Congo,2018,ROTAC,"Rotavirus, last dose",OFFICIAL,Official coverage,1434525,809354,56.4
COUNTRIES,COD,Democratic Republic of the Congo,2019,BCG,BCG vaccine,ADMIN,Administrative coverage,166220,130273,78.4
COUNTRIES,COD,Democratic Republic of the Congo,2019,DTPCV1,"DTP-containing vaccine, 1st dose",ADMIN,Administrative coverage,3198817,3127215,97.8
COUNTRIES,COD,Democratic Republic of the Congo,2019,DTPCV3,"DTP-containing vaccine, 3rd dose",OFFICIAL,Official coverage,3708997,2608732,70.3
COUNTRIES,COD,Democratic Republic of the Congo,2019,MCV1,"Measles-containing vaccine, 1st dose",OFFICIAL,Official coverage,4481407,4281731,95.5
COUNTRIES,COD,Democratic Republic of the Congo,2019,MCV2,"Measles-containing vaccine, 2nd dose",ADMIN,Administrative coverage,2236394,1554257,69.5
COUNTRIES,COD,Democratic Republic of the Congo,2019,POL3,"Polio, 3rd dose",ADMIN,Administrative coverage,872564,652029,74.7
COUNTRIES,COD,Democratic Republic of the Congo,2019,HEPB3,"Hepatitis B, 3rd dose",WUENIC,WHO/UNICEF Estimates of National Immunization Coverage,3521888,2882189,81.8
COUNTRIES,COD,Democratic Republic of the Congo,2019,HIB3,"Hib, 3rd dose",WUENIC,WHO/UNICEF Estimates of National Immunization Coverage,2253463,1565527,69.5
COUNTRIES,COD,Democratic Republic of the Congo,2019,PCV3,"Pneumococcal conjugate vaccine, final dose",WUENIC,WHO/UNICEF Estimates of National Immunization Coverage,2035404,1286563,63.2
COUNTRIES,COD,Democratic Republic of the Congo,2019,ROTAC,"Rotavirus, last dose",ADMIN,Administrative coverage,2101723,1215396,57.8
COUNTRIES,COD,Democratic Republic of the Congo,2020,BCG,BCG vaccine,ADMIN,Administrative coverage,3992518,3199371,80.1
COUNTRIES,COD,Democratic Republic of the Congo,2020,DTPCV1,"DTP-containing vaccine, 1st dose",OFFICIAL,Official coverage,2926262,2133389,72.9
COUNTRIES,COD,Democratic Republic of the Congo,2020,DTPCV3,"DTP-containing vaccine, 3rd dose",WUENIC,WHO/UNICEF Estimates of National Immunization Coverage,1079516,1006806,93.3
COUNTRIES,COD,Democratic Republic of the Congo,2020,MCV1,"Measles-containing vaccine, 1st dose",WUENIC,WHO/UNICEF Estimates of National Immunization Coverage,2862753,2665073,93.1
COUNTRIES,COD,Democratic Republic of the Congo,2020,MCV2,"Measles-containing vaccine, 2nd dose",ADMIN,Administrative coverage,3179985,2001011,62.9
COUNTRIES,COD,Democratic Republic of the Congo,2020,POL3,"Polio, 3rd dose",OFFICIAL,Official coverage,1168844,934981,80.0
COUNTRIES,COD,Democratic Republic of the Congo,2020,HEPB3,"Hepatitis B, 3rd dose",ADMIN,Administrative coverage,1478926,847590,57.3
COUNTRIES,COD,Democratic Republic of the Congo,2020,HIB3,"Hib, 3rd dose",WUENIC,WHO/UNICEF Estimates of National Immunization Coverage,1296729,838933,64.7
COUNTRIES,COD,Democratic Republic of the Congo,2020,PCV3,"Pneumococcal conjugate vaccine, final dose",OFFICIAL,Official coverage,1038167,576804,55.6
COUNTRIES,COD,Democratic Republic of the Congo,2020,ROTAC,"Rotavirus, last dose",OFFICIAL,Official coverage,2336319,1650526,70.6
COUNTRIES,COD,Democratic Republic of the Congo,2021,BCG,BCG vaccine,WUENIC,WHO/UNICEF Estimates of National Immunization Coverage,1894053,1339021,70.7
COUNTRIES,COD,Democratic Republic of the Congo,2021,DTPCV1,"DTP-containing vaccine, 1st dose",ADMIN,Administrative coverage,3357735,2602539,77.5
COUNTRIES,COD,Democratic Republic of the Congo,2021,DTPCV3,"DTP-containing vaccine, 3rd dose",ADMIN,Administrative coverage,3358424,3222939,96.0
COUNTRIES,COD,Democratic Republic of the Congo,2021,MCV1,"Measles-containing vaccine, 1st dose",ADMIN,Administrative coverage,735611,585763,79.6
COUNTRIES,COD,Democratic Republic of the Congo,2021,MCV2,"Measles-containing vaccine, 2nd dose",OFFICIAL,Official coverage,2841241,2120901,74.6
COUNTRIES,COD,Democratic Republic of the Congo,2021,POL3,"Polio, 3rd dose",WUENIC,WHO/UNICEF Estimates of National Immunization Coverage,3833799,3426848,89.4
COUNTRIES,COD,Democratic Republic of the Congo,2021,HEPB3,"Hepatitis B, 3rd dose",OFFICIAL,Official coverage,1906759,1276685,67.0
COUNTRIES,COD,Democratic Republic of the Congo,2021,HIB3,"Hib, 3rd dose",OFFICIAL,Official coverage,3384944,2194835,64.8
COUNTRIES,COD,Democratic Republic of the Congo,2021,PCV3,"Pneumococcal conjugate vaccine, final dose",WUENIC,WHO/UNICEF Estimates of National Immunization Coverage,2958087,1752937,59.3
COUNTRIES,COD,Democratic Republic of the Congo,2021,ROTAC,"Rotavirus, last dose",ADMIN,Administrative coverage,4155513,3095071,74.5
COUNTRIES,COD,Democratic Republic of the Congo,2022,BCG,BCG vaccine,WUENIC,WHO/UNICEF Estimates of National Immunization Coverage,4367293,3697679,84.7
COUNTRIES,COD,Democratic Republic of the Congo,2022,DTPCV1,"DTP-containing vaccine, 1st dose",WUENIC,WHO/UNICEF Estimates of National Immunization Coverage,349850,286731,82.0
COUNTRIES,COD,Democratic Republic of the Congo,2022,DTPCV3,"DTP-containing vaccine, 3rd dose",WUENIC,WHO/UNICEF Estimates of National Immunization Coverage,91139,66314,72.8
COUNTRIES,COD,Democratic Republic of the Congo,2022,MCV1,"Measles-containing vaccine, 1st dose",OFFICIAL,Official coverage,2811158,2199332,78.2
COUNTRIES,COD,Democratic Republic of the Congo,2022,MCV2,"Measles-containing vaccine, 2nd dose",ADMIN,Administrative coverage,1095716,653778,59.7
COUNTRIES,COD,Democratic Republic of the Congo,2022,POL3,"Polio, 3rd dose",OFFICIAL,Official coverage,2170700,1865091,85.9
COUNTRIES,COD,Democratic Republic of the Congo,2022,HEPB3,"Hepatitis B, 3rd dose",WUENIC,WHO/UNICEF Estimates of National Immunization Coverage,1748413,1445821,82.7
COUNTRIES,COD,Democratic Republic of the Congo,2022,HIB3,"Hib, 3rd dose",ADMIN,Administrative coverage,3867780,2344351,60.6
COUNTRIES,COD,Democratic Republic of the Congo,2022,PCV3,"Pneumococcal conjugate vaccine, final dose",ADMIN,Administrative coverage,4220163,2897410,68.7
COUNTRIES,COD,Democratic Republic of the Congo,2022,ROTAC,"Rotavirus, last dose",WUENIC,WHO/UNICEF Estimates of National Immunization Coverage,262803,223354,85.0
COUNTRIES,COD,Democratic Republic of the Congo,2023,BCG,BCG vaccine,ADMIN,Administrative coverage,2504244,2057416,82.2
COUNTRIES,COD,Democratic Republic of the Congo,2023,DTPCV1,"DTP-containing vaccine, 1st dose",OFFICIAL,Official coverage,3544679,2457735,69.3
COUNTRIES,COD,Democratic Republic of the Congo,2023,DTPCV3,"DTP-containing vaccine, 3rd dose",OFFICIAL,Official coverage,128840,124316,96.5
COUNTRIES,COD,Democratic Republic of the Congo,2023,MCV1,"Measles-containing vaccine, 1st dose",ADMIN,Administrative coverage,4270242,3811480,89.3
COUNTRIES,COD,Democratic Republic of the Congo,2023,MCV2,"Measles-containing vaccine, 2nd dose",WUENIC,WHO/UNICEF Estimates of National Immunization Coverage,2137001,1215100,56.9
COUNTRIES,COD,Democratic Republic of the Congo,2023,POL3,"Polio, 3rd dose",WUENIC,WHO/UNICEF Estimates of National Immunization Coverage,1781530,1599708,89.8
COUNTRIES,COD,Democratic Republic of the Congo,2023,HEPB3,"Hepatitis B, 3rd dose",ADMIN,Administrative coverage,191900,149469,77.9
COUNTRIES,COD,Democratic Republic of the Congo,2023,HIB3,"Hib, 3rd dose",WUENIC,WHO/UNICEF Estimates of National Immunization Coverage,4027497,3253078,80.8
COUNTRIES,COD,Democratic Republic of the Congo,2023,PCV3,"Pneumococcal conjugate vaccine, final dose",WUENIC,WHO/UNICEF Estimates of National Immunization Coverage,718875,476373,66.3
COUNTRIES,COD,Democratic Republic of the Congo,2023,ROTAC,"Rotavirus, last dose",ADMIN,Administrative coverage,765295,431765,56.4
COUNTRIES,COD,Democratic Republic of the Congo,2024,BCG,BCG vaccine,OFFICIAL,Official coverage,1042652,1011364,97.0
COUNTRIES,COD,Democratic Republic of the Congo,2024,DTPCV1,"DTP-containing vaccine, 1st dose",ADMIN,Administrative coverage,1890820,1479266,78.2
COUNTRIES,COD,Democratic Republic of the Congo,2024,DTPCV3,"DTP-containing vaccine, 3rd dose",OFFICIAL,Official coverage,2726073,2698812,99.0
COUNTRIES,COD,Democratic Republic of the Congo,2024,MCV1,"Measles-containing vaccine, 1st dose",ADMIN,Administrative coverage,4911282,4356944,88.7
COUNTRIES,COD,Democratic Republic of the Congo,2024,MCV2,"Measles-containing vaccine, 2nd dose",ADMIN,Administrative coverage,1987135,1250659,62.9
COUNTRIES,COD,Democratic Republic of the Congo,2024,POL3,"Polio, 3rd dose",OFFICIAL,Official coverage,2122171,1754568,82.7
COUNTRIES,COD,Democratic Republic of the Congo,2024,HEPB3,"Hepatitis B, 3rd dose",WUENIC,WHO/UNICEF Estimates of National Immunization Coverage,4594340,3060466,66.6
COUNTRIES,COD,Democratic Republic of the Congo,2024,HIB3,"Hib, 3rd dose",ADMIN,Administrative coverage,535287,402330,75.2
COUNTRIES,COD,Democratic Republic of the Congo,2024,PCV3,"Pneumococcal conjugate vaccine, final dose",OFFICIAL,Official coverage,4017610,2855286,71.1
COUNTRIES,COD,Democratic Republic of the Congo,2024,ROTAC,"Rotavirus, last dose",WUENIC,WHO/UNICEF Estimates of National Immunization Coverage,4185247,2528491,60.4
COUNTRIES,MEX,Mexico,2010,BCG,BCG vaccine,WUENIC,WHO/UNICEF Estimates of National Immunization Coverage,4193403,3375242,80.5
COUNTRIES,MEX,Mexico,2010,DTPCV1,"DTP-containing vaccine, 1st dose",OFFICIAL,Official coverage,3353131,1784048,53.2
COUNTRIES,MEX,Mexico,2010,DTPCV3,"DTP-containing vaccine, 3rd dose",WUENIC,WHO/UNICEF Estimates of National Immunization Coverage,3003028,2052599,68.4
COUNTRIES,MEX,Mexico,2010,MCV1,"Measles-containing vaccine, 1st dose",WUENIC,WHO/UNICEF Estimates of National Immunization Coverage,3843092,2923923,76.1
COUNTRIES,MEX,Mexico,2010,MCV2,"Measles-containing vaccine, 2nd dose",ADMIN,Administrative coverage,3640511,2201688,60.5
COUNTRIES,MEX,Mexico,2010,POL3,"Polio, 3rd dose",WUENIC,WHO/UNICEF Estimates of National Immunization Coverage,2260920,1388330,61.4
COUNTRIES,MEX,Mexico,2010,HEPB3,"Hepatitis B, 3rd dose",ADMIN,Administrative coverage,4873416,2382497,48.9
COUNTRIES,MEX,Mexico,2010,HIB3,"Hib, 3rd dose",ADMIN,Administrative coverage,349189,162303,46.5
COUNTRIES,MEX,Mexico,2010,PCV3,"Pneumococcal conjugate vaccine, final dose",ADMIN,Administrative coverage,2304851,851715,37.0
COUNTRIES,MEX,Mexico,2010,ROTAC,"Rotavirus, last dose",OFFICIAL,Official coverage,4075282,1276603,31.3
COUNTRIES,MEX,Mexico,2011,BCG,BCG vaccine,WUENIC,WHO/UNICEF Estimates of National Immunization Coverage,3893380,2573137,66.1
COUNTRIES,MEX,Mexico,2011,DTPCV1,"DTP-containing vaccine, 1st dose",OFFICIAL,Official coverage,4113068,1963787,47.7
COUNTRIES,MEX,Mexico,2011,DTPCV3,"DTP-containing vaccine, 3rd dose",ADMIN,Administrative coverage,1582337,1024961,64.8
COUNTRIES,MEX,Mexico,2011,MCV1,"Measles-containing vaccine, 1st dose",ADMIN,Administrative coverage,4779924,3704421,77.5
COUNTRIES,MEX,Mexico,2011,MCV2,"Measles-containing vaccine, 2nd dose",ADMIN,Administrative coverage,966992,414468,42.9
COUNTRIES,MEX,Mexico,2011,POL3,"Polio, 3rd dose",WUENIC,WHO/UNICEF Estimates of National Immunization Coverage,3276458,2070116,63.2
COUNTRIES,MEX,Mexico,2011,HEPB3,"Hepatitis B, 3rd dose",OFFICIAL,Official coverage,4534781,3173203,70.0
COUNTRIES,MEX,Mexico,2011,HIB3,"Hib, 3rd dose",OFFICIAL,Official coverage,4619146,2979357,64.5
COUNTRIES,MEX,Mexico,2011,PCV3,"Pneumococcal conjugate vaccine, final dose",ADMIN,Administrative coverage,3189782,1513691,47.5
COUNTRIES,MEX,Mexico,2011,ROTAC,"Rotavirus, last dose",ADMIN,Administrative coverage,2280653,1048286,46.0
COUNTRIES,MEX,Mexico,2012,BCG,BCG vaccine,OFFICIAL,Official coverage,4613870,3064272,66.4
COUNTRIES,MEX,Mexico,2012,DTPCV1,"DTP-containing vaccine, 1st dose",WUENIC,WHO/UNICEF Estimates of National Immunization Coverage,398848,266069,66.7
COUNTRIES,MEX,Mexico,2012,DTPCV3,"DTP-containing vaccine, 3rd dose",OFFICIAL,Official coverage,216991,189404,87.3
COUNTRIES,MEX,Mexico,2012,MCV1,"Measles-containing vaccine, 1st dose",ADMIN,Administrative coverage,2193167,1653131,75.4
COUNTRIES,MEX,Mexico,2012,MCV2,"Measles-containing vaccine, 2nd dose",OFFICIAL,Official coverage,3718893,1557231,41.9
COUNTRIES,MEX,Mexico,2012,POL3,"Polio, 3rd dose",WUENIC,WHO/UNICEF Estimates of National Immunization Coverage,4983431,3624141,72.7
COUNTRIES,MEX,Mexico,2012,HEPB3,"Hepatitis B, 3rd dose",OFFICIAL,Official coverage,4202363,2614386,62.2
COUNTRIES,MEX,Mexico,2012,HIB3,"Hib, 3rd dose",WUENIC,WHO/UNICEF Estimates of National Immunization Coverage,1928166,1044694,54.2
COUNTRIES,MEX,Mexico,2012,PCV3,"Pneumococcal conjugate vaccine, final dose",WUENIC,WHO/UNICEF Estimates of National Immunization Coverage,3900404,1894449,48.6
COUNTRIES,MEX,Mexico,2012,ROTAC,"Rotavirus, last dose",ADMIN,Administrative coverage,1950946,538551,27.6
COUNTRIES,MEX,Mexico,2013,BCG,BCG vaccine,WUENIC,WHO/UNICEF Estimates of National Immunization Coverage,758669,676275,89.1
COUNTRIES,MEX,Mexico,2013,DTPCV1,"DTP-containing vaccine, 1st dose",ADMIN,Administrative coverage,1056891,638325,60.4
COUNTRIES,MEX,Mexico,2013,DTPCV3,"DTP-containing vaccine, 3rd dose",WUENIC,WHO/UNICEF Estimates of National Immunization Coverage,777467,567010,72.9
COUNTRIES,MEX,Mexico,2013,MCV1,"Measles-containing vaccine, 1st dose",ADMIN,Administrative coverage,3724153,2574538,69.1
COUNTRIES,MEX,Mexico,2013,MCV2,"Measles-containing vaccine, 2nd dose",ADMIN,Administrative coverage,2262292,824708,36.5
COUNTRIES,MEX,Mexico,2013,POL3,"Polio, 3rd dose",ADMIN,Administrative coverage,2357199,1693717,71.9
COUNTRIES,MEX,Mexico,2013,HEPB3,"Hepatitis B, 3rd dose",ADMIN,Administrative coverage,4308183,3004052,69.7
COUNTRIES,MEX,Mexico,2013,HIB3,"Hib, 3rd dose",WUENIC,WHO/UNICEF Estimates of National Immunization Coverage,837600,542170,64.7
COUNTRIES,MEX,Mexico,2013,PCV3,"Pneumococcal conjugate vaccine, final dose",OFFICIAL,Official coverage,4017454,2205713,54.9
COUNTRIES,MEX,Mexico,2013,ROTAC,"Rotavirus, last dose",OFFICIAL,Official coverage,1331507,644966,48.4
COUNTRIES,MEX,Mexico,2014,BCG,BCG vaccine,OFFICIAL,Official coverage,2654684,2101617,79.2
COUNTRIES,MEX,Mexico,2014,DTPCV1,"DTP-containing vaccine, 1st dose",WUENIC,WHO/UNICEF Estimates of National Immunization Coverage,1708800,1078396,63.1
COUNTRIES,MEX,Mexico,2014,DTPCV3,"DTP-containing vaccine, 3rd dose",WUENIC,WHO/UNICEF Estimates of National Immunization Coverage,3801531,3160819,83.1
COUNTRIES,MEX,Mexico,2014,MCV1,"Measles-containing vaccine, 1st dose",OFFICIAL,Official coverage,4680746,3461714,74.0
COUNTRIES,MEX,Mexico,2014,MCV2,"Measles-containing vaccine, 2nd dose",WUENIC,WHO/UNICEF Estimates of National Immunization Coverage,4887502,2518634,51.5
COUNTRIES,MEX,Mexico,2014,POL3,"Polio, 3rd dose",ADMIN,Administrative coverage,4354388,3089155,70.9
COUNTRIES,MEX,Mexico,2014,HEPB3,"Hepatitis B, 3rd dose",OFFICIAL,Official coverage,523006,277798,53.1
COUNTRIES,MEX,Mexico,2014,HIB3,"Hib, 3rd dose",OFFICIAL,Official coverage,3254288,1732649,53.2
COUNTRIES,MEX,Mexico,2014,PCV3,"Pneumococcal conjugate vaccine, final dose",ADMIN,Administrative coverage,1249529,557911,44.6
COUNTRIES,MEX,Mexico,2014,ROTAC,"Rotavirus, last dose",ADMIN,Administrative coverage,521678,272289,52.2
COUNTRIES,MEX,Mexico,2015,BCG,BCG vaccine,WUENIC,WHO/UNICEF Estimates of National Immunization Coverage,4258694,3272567,76.8
COUNTRIES,MEX,Mexico,2015,DTPCV1,"DTP-containing vaccine, 1st dose",ADMIN,Administrative coverage,1472533,1048834,71.2
COUNTRIES,MEX,Mexico,2015,DTPCV3,"DTP-containing vaccine, 3rd dose",OFFICIAL,Official coverage,2375452,2057199,86.6
COUNTRIES,MEX,Mexico,2015,MCV1,"Measles-containing vaccine, 1st dose",WUENIC,WHO/UNICEF Estimates of National Immunization Coverage,650338,473263,72.8
COUNTRIES,MEX,Mexico,2015,MCV2,"Measles-containing vaccine, 2nd dose",ADMIN,Administrative coverage,3576185,1890511,52.9
COUNTRIES,MEX,Mexico,2015,POL3,"Polio, 3rd dose",OFFICIAL,Official coverage,4072529,3338117,82.0
COUNTRIES,MEX,Mexico,2015,HEPB3,"Hepatitis B, 3rd dose",OFFICIAL,Official coverage,2848610,1854321,65.1
COUNTRIES,MEX,Mexico,2015,HIB3,"Hib, 3rd dose",WUENIC,WHO/UNICEF Estimates of National Immunization Coverage,4427987,2128493,48.1
COUNTRIES,MEX,Mexico,2015,PCV3,"Pneumococcal conjugate vaccine, final dose",ADMIN,Administrative coverage,4776429,3467320,72.6
COUNTRIES,MEX,Mexico,2015,ROTAC,"Rotavirus, last dose",ADMIN,Administrative coverage,3564674,1859889,52.2
COUNTRIES,MEX,Mexico,2016,BCG,BCG vaccine,OFFICIAL,Official coverage,2198164,1785187,81.2
COUNTRIES,MEX,Mexico,2016,DTPCV1,"DTP-containing vaccine, 1st dose",WUENIC,WHO/UNICEF Estimates of National Immunization Coverage,1267309,811945,64.1
COUNTRIES,MEX,Mexico,2016,DTPCV3,"DTP-containing vaccine, 3rd dose",OFFICIAL,Official coverage,2372018,1862058,78.5
COUNTRIES,MEX,Mexico,2016,MCV1,"Measles-containing vaccine, 1st dose",ADMIN,Administrative coverage,1220642,946958,77.6
COUNTRIES,MEX,Mexico,2016,MCV2,"Measles-containing vaccine, 2nd dose",OFFICIAL,Official coverage,1819107,871787,47.9
COUNTRIES,MEX,Mexico,2016,POL3,"Polio, 3rd dose",ADMIN,Administrative coverage,4704126,3444856,73.2
COUNTRIES,MEX,Mexico,2016,HEPB3,"Hepatitis B, 3rd dose",WUENIC,WHO/UNICEF Estimates of National Immunization Coverage,1864630,760103,40.8
COUNTRIES,MEX,Mexico,2016,HIB3,"Hib, 3rd dose",WUENIC,WHO/UNICEF Estimates of National Immunization Coverage,3858282,2651848,68.7
COUNTRIES,MEX,Mexico,2016,PCV3,"Pneumococcal conjugate vaccine, final dose",WUENIC,WHO/UNICEF Estimates of National Immunization Coverage,262986,146420,55.7
COUNTRIES,MEX,Mexico,2016,ROTAC,"Rotavirus, last dose",WUENIC,WHO/UNICEF Estimates of National Immunization Coverage,4664965,2111689,45.3
COUNTRIES,MEX,Mexico,2017,BCG,BCG vaccine,ADMIN,Administrative coverage,4129430,3000824,72.7
COUNTRIES,MEX,Mexico,2017,DTPCV1,"DTP-containing vaccine, 1st dose",WUENIC,WHO/UNICEF Estimates of National Immunization Coverage,4934872,3115722,63.1
COUNTRIES,MEX,Mexico,2017,DTPCV3,"DTP-containing vaccine, 3rd dose",OFFICIAL,Official coverage,4803954,4175713,86.9
COUNTRIES,MEX,Mexico,2017,MCV1,"Measles-containing vaccine, 1st dose",OFFICIAL,Official coverage,3159823,3128224,99.0
COUNTRIES,MEX,Mexico,2017,MCV2,"Measles-containing vaccine, 2nd dose",ADMIN,Administrative coverage,2990107,1578740,52.8
COUNTRIES,MEX,Mexico,2017,POL3,"Polio, 3rd dose",WUENIC,WHO/UNICEF Estimates of National Immunization Coverage,1726079,1341101,77.7
COUNTRIES,MEX,Mexico,2017,HEPB3,"Hepatitis B, 3rd dose",ADMIN,Administrative coverage,3812853,2623282,68.8
COUNTRIES,MEX,Mexico,2017,HIB3,"Hib, 3rd dose",WUENIC,WHO/UNICEF Estimates of National Immunization Coverage,1858516,1127762,60.7
COUNTRIES,MEX,Mexico,2017,PCV3,"Pneumococcal conjugate vaccine, final dose",OFFICIAL,Official coverage,4075129,1831061,44.9
COUNTRIES,MEX,Mexico,2017,ROTAC,"Rotavirus, last dose",WUENIC,WHO/UNICEF Estimates of National Immunization Coverage,3996617,1539118,38.5
COUNTRIES,MEX,Mexico,2018,BCG,BCG vaccine,OFFICIAL,Official coverage,3533974,3225636,91.3
COUNTRIES,MEX,Mexico,2018,DTPCV1,"DTP-containing vaccine, 1st dose",OFFICIAL,Official coverage,3003718,2246324,74.8
COUNTRIES,MEX,Mexico,2018,DTPCV3,"DTP-containing vaccine, 3rd dose",WUENIC,WHO/UNICEF Estimates of National Immunization Coverage,1937717,1837970,94.9
COUNTRIES,MEX,Mexico,2018,MCV1,"Measles-containing vaccine, 1st dose",ADMIN,Administrative coverage,4667631,3492296,74.8
COUNTRIES,MEX,Mexico,2018,MCV2,"Measles-containing vaccine, 2nd dose",ADMIN,Administrative coverage,4197413,2138502,50.9
COUNTRIES,MEX,Mexico,2018,POL3,"Polio, 3rd dose",ADMIN,Administrative coverage,4894636,4151334,84.8
COUNTRIES,MEX,Mexico,2018,HEPB3,"Hepatitis B, 3rd dose",ADMIN,Administrative coverage,4749654,3387321,71.3
COUNTRIES,MEX,Mexico,2018,HIB3,"Hib, 3rd dose",ADMIN,Administrative coverage,2284967,1466672,64.2
COUNTRIES,MEX,Mexico,2018,PCV3,"Pneumococcal conjugate vaccine, final dose",ADMIN,Administrative coverage,2851285,1807576,63.4
COUNTRIES,MEX,Mexico,2018,ROTAC,"Rotavirus, last dose",ADMIN,Administrative coverage,2831460,1825878,64.5
COUNTRIES,MEX,Mexico,2019,BCG,BCG vaccine,OFFICIAL,Official coverage,2163687,1609838,74.4
COUNTRIES,MEX,Mexico,2019,DTPCV1,"DTP-containing vaccine, 1st dose",ADMIN,Administrative coverage,1699959,1043050,61.4
COUNTRIES,MEX,Mexico,2019,DTPCV3,"DTP-containing vaccine, 3rd dose",OFFICIAL,Official coverage,2238077,1795509,80.2
COUNTRIES,MEX,Mexico,2019,MCV1,"Measles-containing vaccine, 1st dose",ADMIN,Administrative coverage,1485367,1359814,91.5
COUNTRIES,MEX,Mexico,2019,MCV2,"Measles-containing vaccine, 2nd dose",OFFICIAL,Official coverage,3771040,1686808,44.7
COUNTRIES,MEX,Mexico,2019,POL3,"Polio, 3rd dose",OFFICIAL,Official coverage,2714921,2067978,76.2
COUNTRIES,MEX,Mexico,2019,HEPB3,"Hepatitis B, 3rd dose",OFFICIAL,Official coverage,1484730,946303,63.7
COUNTRIES,MEX,Mexico,2019,HIB3,"Hib, 3rd dose",WUENIC,WHO/UNICEF Estimates of National Immunization Coverage,2008615,1520607,75.7
COUNTRIES,MEX,Mexico,2019,PCV3,"Pneumococcal conjugate vaccine, final dose",WUENIC,WHO/UNICEF Estimates of National Immunization Coverage,1028534,690880,67.2
COUNTRIES,MEX,Mexico,2019,ROTAC,"Rotavirus, last dose",ADMIN,Administrative coverage,531632,379227,71.3
COUNTRIES,MEX,Mexico,2020,BCG,BCG vaccine,ADMIN,Administrative coverage,4081103,3403484,83.4
COUNTRIES,MEX,Mexico,2020,DTPCV1,"DTP-containing vaccine, 1st dose",ADMIN,Administrative coverage,1461910,816680,55.9
COUNTRIES,MEX,Mexico,2020,DTPCV3,"DTP-containing vaccine, 3rd dose",ADMIN,Administrative coverage,76505,67013,87.6
COUNTRIES,MEX,Mexico,2020,MCV1,"Measles-containing vaccine, 1st dose",OFFICIAL,Official coverage,1925530,1906274,99.0
COUNTRIES,MEX,Mexico,2020,MCV2,"Measles-containing vaccine, 2nd dose",ADMIN,Administrative coverage,578168,362865,62.8
COUNTRIES,MEX,Mexico,2020,POL3,"Polio, 3rd dose",OFFICIAL,Official coverage,3734815,2920702,78.2
COUNTRIES,MEX,Mexico,2020,HEPB3,"Hepatitis B, 3rd dose",ADMIN,Administrative coverage,2076182,1385614,66.7
COUNTRIES,MEX,Mexico,2020,HIB3,"Hib, 3rd dose",OFFICIAL,Official coverage,3250090,1798337,55.3
COUNTRIES,MEX,Mexico,2020,PCV3,"Pneumococcal conjugate vaccine, final dose",ADMIN,Administrative coverage,4425717,2864834,64.7
COUNTRIES,MEX,Mexico,2020,ROTAC,"Rotavirus, last dose",OFFICIAL,Official coverage,1512108,989550,65.4
COUNTRIES,MEX,Mexico,2021,BCG,BCG vaccine,OFFICIAL,Official coverage,4793216,3917350,81.7
COUNTRIES,MEX,Mexico,2021,DTPCV1,"DTP-containing vaccine, 1st dose",ADMIN,Administrative coverage,1300469,1148099,88.3
COUNTRIES,MEX,Mexico,2021,DTPCV3,"DTP-containing vaccine, 3rd dose",OFFICIAL,Official coverage,4127348,2994895,72.6
COUNTRIES,MEX,Mexico,2021,MCV1,"Measles-containing vaccine, 1st dose",OFFICIAL,Official coverage,2643449,2171108,82.1
COUNTRIES,MEX,Mexico,2021,MCV2,"Measles-containing vaccine, 2nd dose",ADMIN,Administrative coverage,4356219,2504691,57.5
COUNTRIES,MEX,Mexico,2021,POL3,"Polio, 3rd dose",OFFICIAL,Official coverage,4277234,3849853,90.0
COUNTRIES,MEX,Mexico,2021,HEPB3,"Hepatitis B, 3rd dose",ADMIN,Administrative coverage,3308881,1738046,52.5
COUNTRIES,MEX,Mexico,2021,HIB3,"Hib, 3rd dose",OFFICIAL,Official coverage,4853958,4263549,87.8
COUNTRIES,MEX,Mexico,2021,PCV3,"Pneumococcal conjugate vaccine, final dose",ADMIN,Administrative coverage,822838,534060,64.9
COUNTRIES,MEX,Mexico,2021,ROTAC,"Rotavirus, last dose",OFFICIAL,Official coverage,4640905,3265542,70.4
COUNTRIES,MEX,Mexico,2022,BCG,BCG vaccine,ADMIN,Administrative coverage,4825833,4012208,83.1
COUNTRIES,MEX,Mexico,2022,DTPCV1,"DTP-containing vaccine, 1st dose",ADMIN,Administrative coverage,1305973,911113,69.8
COUNTRIES,MEX,Mexico,2022,DTPCV3,"DTP-containing vaccine, 3rd dose",WUENIC,WHO/UNICEF Estimates of National Immunization Coverage,3614507,3505263,97.0
COUNTRIES,MEX,Mexico,2022,MCV1,"Measles-containing vaccine, 1st dose",ADMIN,Administrative coverage,3088783,2809501,91.0
COUNTRIES,MEX,Mexico,2022,MCV2,"Measles-containing vaccine, 2nd dose",OFFICIAL,Official coverage,1922508,1174533,61.1
COUNTRIES,MEX,Mexico,2022,POL3,"Polio, 3rd dose",ADMIN,Administrative coverage,194375,151751,78.1
COUNTRIES,MEX,Mexico,2022,HEPB3,"Hepatitis B, 3rd dose",ADMIN,Administrative coverage,4279491,2528528,59.1
COUNTRIES,MEX,Mexico,2022,HIB3,"Hib, 3rd dose",OFFICIAL,Official coverage,1846218,1192290,64.6
COUNTRIES,MEX,Mexico,2022,PCV3,"Pneumococcal conjugate vaccine, final dose",ADMIN,Administrative coverage,602226,373371,62.0
COUNTRIES,MEX,Mexico,2022,ROTAC,"Rotavirus, last dose",ADMIN,Administrative coverage,4196226,2927919,69.8
COUNTRIES,MEX,Mexico,2023,BCG,BCG vaccine,WUENIC,WHO/UNICEF Estimates of National Immunization Coverage,1455419,1440864,99.0
COUNTRIES,MEX,Mexico,2023,DTPCV1,"DTP-containing vaccine, 1st dose",OFFICIAL,Official coverage,3191537,2465330,77.2
COUNTRIES,MEX,Mexico,2023,DTPCV3,"DTP-containing vaccine, 3rd dose",ADMIN,Administrative coverage,3576844,3394347,94.9
COUNTRIES,MEX,Mexico,2023,MCV1,"Measles-containing vaccine, 1st dose",WUENIC,WHO/UNICEF Estimates of National Immunization Coverage,2991616,2639307,88.2
COUNTRIES,MEX,Mexico,2023,MCV2,"Measles-containing vaccine, 2nd dose",WUENIC,WHO/UNICEF Estimates of National Immunization Coverage,2128937,1564740,73.5
COUNTRIES,MEX,Mexico,2023,POL3,"Polio, 3rd dose",ADMIN,Administrative coverage,2477115,2452343,99.0
COUNTRIES,MEX,Mexico,2023,HEPB3,"Hepatitis B, 3rd dose",ADMIN,Administrative coverage,1129037,777002,68.8
COUNTRIES,MEX,Mexico,2023,HIB3,"Hib, 3rd dose",WUENIC,WHO/UNICEF Estimates of National Immunization Coverage,4432978,3408321,76.9
COUNTRIES,MEX,Mexico,2023,PCV3,"Pneumococcal conjugate vaccine, final dose",WUENIC,WHO/UNICEF Estimates of National Immunization Coverage,939694,688815,73.3
COUNTRIES,MEX,Mexico,2023,ROTAC,"Rotavirus, last dose",ADMIN,Administrative coverage,4517801,2907499,64.4
COUNTRIES,MEX,Mexico,2024,BCG,BCG vaccine,ADMIN,Administrative coverage,2233525,2088052,93.5
COUNTRIES,MEX,Mexico,2024,DTPCV1,"DTP-containing vaccine, 1st dose",ADMIN,Administrative coverage,1408356,892483,63.4
COUNTRIES,MEX,Mexico,2024,DTPCV3,"DTP-containing vaccine, 3rd dose",ADMIN,Administrative coverage,866117,826406,95.4
COUNTRIES,MEX,Mexico,2024,MCV1,"Measles-containing vaccine, 1st dose",OFFICIAL,Official coverage,1273981,1228650,96.4
COUNTRIES,MEX,Mexico,2024,MCV2,"Measles-containing vaccine, 2nd dose",OFFICIAL,Official coverage,2619464,2255764,86.1
COUNTRIES,MEX,Mexico,2024,POL3,"Polio, 3rd dose",WUENIC,WHO/UNICEF Estimates of National Immunization Coverage,1784428,1741473,97.6
COUNTRIES,MEX,Mexico,2024,HEPB3,"Hepatitis B, 3rd dose",ADMIN,Administrative coverage,2093683,1508835,72.1
COUNTRIES,MEX,Mexico,2024,HIB3,"Hib, 3rd dose",WUENIC,WHO/UNICEF Estimates of National Immunization Coverage,506104,364980,72.1
COUNTRIES,MEX,Mexico,2024,PCV3,"Pneumococcal conjugate vaccine, final dose",WUENIC,WHO/UNICEF Estimates of National Immunization Coverage,284085,189671,66.8
COUNTRIES,MEX,Mexico,2024,ROTAC,"Rotavirus, last dose",OFFICIAL,Official coverage,2485296,1522328,61.3
COUNTRIES,PHL,Philippines,2010,BCG,BCG vaccine,ADMIN,Administrative coverage,3723336,2144191,57.6
COUNTRIES,PHL,Philippines,2010,DTPCV1,"DTP-containing vaccine, 1st dose",ADMIN,Administrative coverage,3715842,2240519,60.3
COUNTRIES,PHL,Philippines,2010,DTPCV3,"DTP-containing vaccine, 3rd dose",OFFICIAL,Official coverage,2236203,1843950,82.5
COUNTRIES,PHL,Philippines,2010,MCV1,"Measles-containing vaccine, 1st dose",OFFICIAL,Official coverage,3502550,2597597,74.2
COUNTRIES,PHL,Philippines,2010,MCV2,"Measles-containing vaccine, 2nd dose",WUENIC,WHO/UNICEF Estimates of National Immunization Coverage,2604728,1349265,51.8
COUNTRIES,PHL,Philippines,2010,POL3,"Polio, 3rd dose",ADMIN,Administrative coverage,4845817,3553992,73.3
COUNTRIES,PHL,Philippines,2010,HEPB3,"Hepatitis B, 3rd dose",ADMIN,Administrative coverage,829957,521663,62.9
COUNTRIES,PHL,Philippines,2010,HIB3,"Hib, 3rd dose",ADMIN,Administrative coverage,960913,401974,41.8
COUNTRIES,PHL,Philippines,2010,PCV3,"Pneumococcal conjugate vaccine, final dose",ADMIN,Administrative coverage,1046433,524281,50.1
COUNTRIES,PHL,Philippines,2010,ROTAC,"Rotavirus, last dose",WUENIC,WHO/UNICEF Estimates of National Immunization Coverage,1547850,752242,48.6
COUNTRIES,PHL,Philippines,2011,BCG,BCG vaccine,ADMIN,Administrative coverage,996803,765024,76.7
COUNTRIES,PHL,Philippines,2011,DTPCV1,"DTP-containing vaccine, 1st dose",OFFICIAL,Official coverage,620303,384725,62.0
COUNTRIES,PHL,Philippines,2011,DTPCV3,"DTP-containing vaccine, 3rd dose",WUENIC,WHO/UNICEF Estimates of National Immunization Coverage,3367657,2315916,68.8
COUNTRIES,PHL,Philippines,2011,MCV1,"Measles-containing vaccine, 1st dose",ADMIN,Administrative coverage,2710891,1935781,71.4
COUNTRIES,PHL,Philippines,2011,MCV2,"Measles-containing vaccine, 2nd dose",ADMIN,Administrative coverage,4666167,2317375,49.7
COUNTRIES,PHL,Philippines,2011,POL3,"Polio, 3rd dose",OFFICIAL,Official coverage,2242271,1431453,63.8
COUNTRIES,PHL,Philippines,2011,HEPB3,"Hepatitis B, 3rd dose",OFFICIAL,Official coverage,2895376,1449385,50.1
COUNTRIES,PHL,Philippines,2011,HIB3,"Hib, 3rd dose",ADMIN,Administrative coverage,1640346,1068107,65.1
COUNTRIES,PHL,Philippines,2011,PCV3,"Pneumococcal conjugate vaccine, final dose",WUENIC,WHO/UNICEF Estimates of National Immunization Coverage,4484921,1487985,33.2
COUNTRIES,PHL,Philippines,2011,ROTAC,"Rotavirus, last dose",OFFICIAL,Official coverage,197631,87289,44.2
COUNTRIES,PHL,Philippines,2012,BCG,BCG vaccine,OFFICIAL,Official coverage,3209016,2002377,62.4
COUNTRIES,PHL,Philippines,2012,DTPCV1,"DTP-containing vaccine, 1st dose",WUENIC,WHO/UNICEF Estimates of National Immunization Coverage,1688004,1052509,62.4
COUNTRIES,PHL,Philippines,2012,DTPCV3,"DTP-containing vaccine, 3rd dose",ADMIN,Administrative coverage,4511595,2329698,51.6
COUNTRIES,PHL,Philippines,2012,MCV1,"Measles-containing vaccine, 1st dose",ADMIN,Administrative coverage,1611014,1408349,87.4
COUNTRIES,PHL,Philippines,2012,MCV2,"Measles-containing vaccine, 2nd dose",OFFICIAL,Official coverage,4639369,1862851,40.2
COUNTRIES,PHL,Philippines,2012,POL3,"Polio, 3rd dose",WUENIC,WHO/UNICEF Estimates of National Immunization Coverage,3704250,2713915,73.3
COUNTRIES,PHL,Philippines,2012,HEPB3,"Hepatitis B, 3rd dose",OFFICIAL,Official coverage,801972,551541,68.8
COUNTRIES,PHL,Philippines,2012,HIB3,"Hib, 3rd dose",ADMIN,Administrative coverage,4476111,2144518,47.9
COUNTRIES,PHL,Philippines,2012,PCV3,"Pneumococcal conjugate vaccine, final dose",OFFICIAL,Official coverage,444798,248112,55.8
COUNTRIES,PHL,Philippines,2012,ROTAC,"Rotavirus, last dose",OFFICIAL,Official coverage,1595288,751631,47.1
COUNTRIES,PHL,Philippines,2013,BCG,BCG vaccine,OFFICIAL,Official coverage,1645123,1223729,74.4
COUNTRIES,PHL,Philippines,2013,DTPCV1,"DTP-containing vaccine, 1st dose",ADMIN,Administrative coverage,4910774,2837676,57.8
COUNTRIES,PHL,Philippines,2013,DTPCV3,"DTP-containing vaccine, 3rd dose",WUENIC,WHO/UNICEF Estimates of National Immunization Coverage,1441538,1052969,73.0
COUNTRIES,PHL,Philippines,2013,MCV1,"Measles-containing vaccine, 1st dose",WUENIC,WHO/UNICEF Estimates of National Immunization Coverage,221236,167266,75.6
COUNTRIES,PHL,Philippines,2013,MCV2,"Measles-containing vaccine, 2nd dose",OFFICIAL,Official coverage,4692179,1932166,41.2
COUNTRIES,PHL,Philippines,2013,POL3,"Polio, 3rd dose",ADMIN,Administrative coverage,1814688,1634336,90.1
COUNTRIES,PHL,Philippines,2013,HEPB3,"Hepatitis B, 3rd dose",ADMIN,Administrative coverage,289647,180918,62.5
COUNTRIES,PHL,Philippines,2013,HIB3,"Hib, 3rd dose",WUENIC,WHO/UNICEF Estimates of National Immunization Coverage,3822515,2453080,64.2
COUNTRIES,PHL,Philippines,2013,PCV3,"Pneumococcal conjugate vaccine, final dose",WUENIC,WHO/UNICEF Estimates of National Immunization Coverage,474632,184250,38.8
COUNTRIES,PHL,Philippines,2013,ROTAC,"Rotavirus, last dose",ADMIN,Administrative coverage,3800222,1549679,40.8
COUNTRIES,PHL,Philippines,2014,BCG,BCG vaccine,ADMIN,Administrative coverage,3110465,2433204,78.2
COUNTRIES,PHL,Philippines,2014,DTPCV1,"DTP-containing vaccine, 1st dose",WUENIC,WHO/UNICEF Estimates of National Immunization Coverage,3916610,2293591,58.6
COUNTRIES,PHL,Philippines,2014,DTPCV3,"DTP-containing vaccine, 3rd dose",WUENIC,WHO/UNICEF Estimates of National Immunization Coverage,620217,459244,74.0
COUNTRIES,PHL,Philippines,2014,MCV1,"Measles-containing vaccine, 1st dose",ADMIN,Administrative coverage,3522696,2799640,79.5
COUNTRIES,PHL,Philippines,2014,MCV2,"Measles-containing vaccine, 2nd dose",ADMIN,Administrative coverage,3272989,1378101,42.1
COUNTRIES,PHL,Philippines,2014,POL3,"Polio, 3rd dose",WUENIC,WHO/UNICEF Estimates of National Immunization Coverage,2154417,1767598,82.0
COUNTRIES,PHL,Philippines,2014,HEPB3,"Hepatitis B, 3rd dose",OFFICIAL,Official coverage,4260037,2623711,61.6
COUNTRIES,PHL,Philippines,2014,HIB3,"Hib, 3rd dose",ADMIN,Administrative coverage,1395649,835975,59.9
COUNTRIES,PHL,Philippines,2014,PCV3,"Pneumococcal conjugate vaccine, final dose",ADMIN,Administrative coverage,2757929,1241209,45.0
COUNTRIES,PHL,Philippines,2014,ROTAC,"Rotavirus, last dose",OFFICIAL,Official coverage,3978125,1958339,49.2
COUNTRIES,PHL,Philippines,2015,BCG,BCG vaccine,WUENIC,WHO/UNICEF Estimates of National Immunization Coverage,3872147,2633251,68.0
COUNTRIES,PHL,Philippines,2015,DTPCV1,"DTP-containing vaccine, 1st dose",ADMIN,Administrative coverage,2354310,1415240,60.1
COUNTRIES,PHL,Philippines,2015,DTPCV3,"DTP-containing vaccine, 3rd dose",WUENIC,WHO/UNICEF Estimates of National Immunization Coverage,4143569,3280702,79.2
COUNTRIES,PHL,Philippines,2015,MCV1,"Measles-containing vaccine, 1st dose",ADMIN,Administrative coverage,2840353,1977559,69.6
COUNTRIES,PHL,Philippines,2015,MCV2,"Measles-containing vaccine, 2nd dose",WUENIC,WHO/UNICEF Estimates of National Immunization Coverage,3111316,2075518,66.7
COUNTRIES,PHL,Philippines,2015,POL3,"Polio, 3rd dose",ADMIN,Administrative coverage,632314,466734,73.8
COUNTRIES,PHL,Philippines,2015,HEPB3,"Hepatitis B, 3rd dose",ADMIN,Administrative coverage,3891185,2240983,57.6
COUNTRIES,PHL,Philippines,2015,HIB3,"Hib, 3rd dose",WUENIC,WHO/UNICEF Estimates of National Immunization Coverage,4543122,2910774,64.1
COUNTRIES,PHL,Philippines,2015,PCV3,"Pneumococcal conjugate vaccine, final dose",WUENIC,WHO/UNICEF Estimates of National Immunization Coverage,754824,379522,50.3
COUNTRIES,PHL,Philippines,2015,ROTAC,"Rotavirus, last dose",WUENIC,WHO/UNICEF Estimates of National Immunization Coverage,1753728,1101870,62.8
COUNTRIES,PHL,Philippines,2016,BCG,BCG vaccine,WUENIC,WHO/UNICEF Estimates of National Immunization Coverage,3427136,2439479,71.2
COUNTRIES,PHL,Philippines,2016,DTPCV1,"DTP-containing vaccine, 1st dose",ADMIN,Administrative coverage,560609,396296,70.7
COUNTRIES,PHL,Philippines,2016,DTPCV3,"DTP-containing vaccine, 3rd dose",OFFICIAL,Official coverage,4544893,3103787,68.3
COUNTRIES,PHL,Philippines,2016,MCV1,"Measles-containing vaccine, 1st dose",ADMIN,Administrative coverage,3837132,3296317,85.9
COUNTRIES,PHL,Philippines,2016,MCV2,"Measles-containing vaccine, 2nd dose",OFFICIAL,Official coverage,845911,498351,58.9
COUNTRIES,PHL,Philippines,2016,POL3,"Polio, 3rd dose",ADMIN,Administrative coverage,2809374,2024054,72.0
COUNTRIES,PHL,Philippines,2016,HEPB3,"Hepatitis B, 3rd dose",OFFICIAL,Official coverage,1502242,820678,54.6
COUNTRIES,PHL,Philippines,2016,HIB3,"Hib, 3rd dose",OFFICIAL,Official coverage,2387180,1962059,82.2
COUNTRIES,PHL,Philippines,2016,PCV3,"Pneumococcal conjugate vaccine, final dose",ADMIN,Administrative coverage,4285040,2885505,67.3
COUNTRIES,PHL,Philippines,2016,ROTAC,"Rotavirus, last dose",ADMIN,Administrative coverage,2807398,1423581,50.7
COUNTRIES,PHL,Philippines,2017,BCG,BCG vaccine,OFFICIAL,Official coverage,692911,520809,75.2
COUNTRIES,PHL,Philippines,2017,DTPCV1,"DTP-containing vaccine, 1st dose",OFFICIAL,Official coverage,451072,269002,59.6
COUNTRIES,PHL,Philippines,2017,DTPCV3,"DTP-containing vaccine, 3rd dose",WUENIC,WHO/UNICEF Estimates of National Immunization Coverage,2145637,1615098,75.3
COUNTRIES,PHL,Philippines,2017,MCV1,"Measles-containing vaccine, 1st dose",OFFICIAL,Official coverage,4518852,3659459,81.0
COUNTRIES,PHL,Philippines,2017,MCV2,"Measles-containing vaccine, 2nd dose",OFFICIAL,Official coverage,3961372,2196303,55.4
COUNTRIES,PHL,Philippines,2017,POL3,"Polio, 3rd dose",WUENIC,WHO/UNICEF Estimates of National Immunization Coverage,3229888,2646098,81.9
COUNTRIES,PHL,Philippines,2017,HEPB3,"Hepatitis B, 3rd dose",OFFICIAL,Official coverage,719745,572115,79.5
COUNTRIES,PHL,Philippines,2017,HIB3,"Hib, 3rd dose",OFFICIAL,Official coverage,821143,512180,62.4
COUNTRIES,PHL,Philippines,2017,PCV3,"Pneumococcal conjugate vaccine, final dose",WUENIC,WHO/UNICEF Estimates of National Immunization Coverage,4540998,2264283,49.9
COUNTRIES,PHL,Philippines,2017,ROTAC,"Rotavirus, last dose",WUENIC,WHO/UNICEF Estimates of National Immunization Coverage,1376325,676143,49.1
COUNTRIES,PHL,Philippines,2018,BCG,BCG vaccine,OFFICIAL,Official coverage,2992050,2640468,88.2
COUNTRIES,PHL,Philippines,2018,DTPCV1,"DTP-containing vaccine, 1st dose",ADMIN,Administrative coverage,4339639,3000814,69.1
COUNTRIES,PHL,Philippines,2018,DTPCV3,"DTP-containing vaccine, 3rd dose",OFFICIAL,Official coverage,2804036,2243161,80.0
COUNTRIES,PHL,Philippines,2018,MCV1,"Measles-containing vaccine, 1st dose",WUENIC,WHO/UNICEF Estimates of National Immunization Coverage,3503708,2842177,81.1
COUNTRIES,PHL,Philippines,2018,MCV2,"Measles-containing vaccine, 2nd dose",ADMIN,Administrative coverage,4179977,2569390,61.5
COUNTRIES,PHL,Philippines,2018,POL3,"Polio, 3rd dose",WUENIC,WHO/UNICEF Estimates of National Immunization Coverage,912839,557034,61.0
COUNTRIES,PHL,Philippines,2018,HEPB3,"Hepatitis B, 3rd dose",OFFICIAL,Official coverage,1114367,872709,78.3
COUNTRIES,PHL,Philippines,2018,HIB3,"Hib, 3rd dose",WUENIC,WHO/UNICEF Estimates of National Immunization Coverage,4159683,3074142,73.9
COUNTRIES,PHL,Philippines,2018,PCV3,"Pneumococcal conjugate vaccine, final dose",OFFICIAL,Official coverage,1655752,1067134,64.5
COUNTRIES,PHL,Philippines,2018,ROTAC,"Rotavirus, last dose",WUENIC,WHO/UNICEF Estimates of National Immunization Coverage,2493292,1567165,62.9
COUNTRIES,PHL,Philippines,2019,BCG,BCG vaccine,OFFICIAL,Official coverage,2204828,1761838,79.9
COUNTRIES,PHL,Philippines,2019,DTPCV1,"DTP-containing vaccine, 1st dose",OFFICIAL,Official coverage,3133362,2148521,68.6
COUNTRIES,PHL,Philippines,2019,DTPCV3,"DTP-containing vaccine, 3rd dose",OFFICIAL,Official coverage,4909382,4274851,87.1
COUNTRIES,PHL,Philippines,2019,MCV1,"Measles-containing vaccine, 1st dose",OFFICIAL,Official coverage,2387422,2067712,86.6
COUNTRIES,PHL,Philippines,2019,MCV2,"Measles-containing vaccine, 2nd dose",WUENIC,WHO/UNICEF Estimates of National Immunization Coverage,566394,295091,52.1
COUNTRIES,PHL,Philippines,2019,POL3,"Polio, 3rd dose",ADMIN,Administrative coverage,2754114,2240146,81.3
COUNTRIES,PHL,Philippines,2019,HEPB3,"Hepatitis B, 3rd dose",WUENIC,WHO/UNICEF Estimates of National Immunization Coverage,2468853,1637146,66.3
COUNTRIES,PHL,Philippines,2019,HIB3,"Hib, 3rd dose",WUENIC,WHO/UNICEF Estimates of National Immunization Coverage,4434077,3414751,77.0
COUNTRIES,PHL,Philippines,2019,PCV3,"Pneumococcal conjugate vaccine, final dose",ADMIN,Administrative coverage,1179775,702090,59.5
COUNTRIES,PHL,Philippines,2019,ROTAC,"Rotavirus, last dose",WUENIC,WHO/UNICEF Estimates of National Immunization Coverage,3042933,1665913,54.7
COUNTRIES,PHL,Philippines,2020,BCG,BCG vaccine,ADMIN,Administrative coverage,1717832,1468932,85.5
COUNTRIES,PHL,Philippines,2020,DTPCV1,"DTP-containing vaccine, 1st dose",WUENIC,WHO/UNICEF Estimates of National Immunization Coverage,2591083,1577786,60.9
COUNTRIES,PHL,Philippines,2020,DTPCV3,"DTP-containing vaccine, 3rd dose",ADMIN,Administrative coverage,4115011,3696636,89.8
COUNTRIES,PHL,Philippines,2020,MCV1,"Measles-containing vaccine, 1st dose",WUENIC,WHO/UNICEF Estimates of National Immunization Coverage,4394109,3542475,80.6
COUNTRIES,PHL,Philippines,2020,MCV2,"Measles-containing vaccine, 2nd dose",ADMIN,Administrative coverage,2297837,1429044,62.2
COUNTRIES,PHL,Philippines,2020,POL3,"Polio, 3rd dose",OFFICIAL,Official coverage,414446,309586,74.7
COUNTRIES,PHL,Philippines,2020,HEPB3,"Hepatitis B, 3rd dose",OFFICIAL,Official coverage,2707885,1945247,71.8
COUNTRIES,PHL,Philippines,2020,HIB3,"Hib, 3rd dose",ADMIN,Administrative coverage,2957658,2059073,69.6
COUNTRIES,PHL,Philippines,2020,PCV3,"Pneumococcal conjugate vaccine, final dose",ADMIN,Administrative coverage,1521617,927850,61.0
COUNTRIES,PHL,Philippines,2020,ROTAC,"Rotavirus, last dose",OFFICIAL,Official coverage,871939,484503,55.6
COUNTRIES,PHL,Philippines,2021,BCG,BCG vaccine,OFFICIAL,Official coverage,2535084,2366469,93.3
COUNTRIES,PHL,Philippines,2021,DTPCV1,"DTP-containing vaccine, 1st dose",OFFICIAL,Official coverage,2550120,1940653,76.1
COUNTRIES,PHL,Philippines,2021,DTPCV3,"DTP-containing vaccine, 3rd dose",OFFICIAL,Official coverage,3982613,3758043,94.4
COUNTRIES,PHL,Philippines,2021,MCV1,"Measles-containing vaccine, 1st dose",WUENIC,WHO/UNICEF Estimates of National Immunization Coverage,2479700,2037128,82.2
COUNTRIES,PHL,Philippines,2021,MCV2,"Measles-containing vaccine, 2nd dose",OFFICIAL,Official coverage,1581439,872526,55.2
COUNTRIES,PHL,Philippines,2021,POL3,"Polio, 3rd dose",WUENIC,WHO/UNICEF Estimates of National Immunization Coverage,448008,388745,86.8
COUNTRIES,PHL,Philippines,2021,HEPB3,"Hepatitis B, 3rd dose",OFFICIAL,Official coverage,1904260,1456982,76.5
COUNTRIES,PHL,Philippines,2021,HIB3,"Hib, 3rd dose",ADMIN,Administrative coverage,2464607,1841414,74.7
COUNTRIES,PHL,Philippines,2021,PCV3,"Pneumococcal conjugate vaccine, final dose",OFFICIAL,Official coverage,115867,70074,60.5
COUNTRIES,PHL,Philippines,2021,ROTAC,"Rotavirus, last dose",WUENIC,WHO/UNICEF Estimates of National Immunization Coverage,1464119,909832,62.1
COUNTRIES,PHL,Philippines,2022,BCG,BCG vaccine,WUENIC,WHO/UNICEF Estimates of National Immunization Coverage,4124161,3135267,76.0
COUNTRIES,PHL,Philippines,2022,DTPCV1,"DTP-containing vaccine, 1st dose",OFFICIAL,Official coverage,4076352,3393461,83.2
COUNTRIES,PHL,Philippines,2022,DTPCV3,"DTP-containing vaccine, 3rd dose",ADMIN,Administrative coverage,3355640,3143439,93.7
COUNTRIES,PHL,Philippines,2022,MCV1,"Measles-containing vaccine, 1st dose",ADMIN,Administrative coverage,725899,674665,92.9
COUNTRIES,PHL,Philippines,2022,MCV2,"Measles-containing vaccine, 2nd dose",WUENIC,WHO/UNICEF Estimates of National Immunization Coverage,536626,359402,67.0
COUNTRIES,PHL,Philippines,2022,POL3,"Polio, 3rd dose",OFFICIAL,Official coverage,1457757,1184750,81.3
COUNTRIES,PHL,Philippines,2022,HEPB3,"Hepatitis B, 3rd dose",OFFICIAL,Official coverage,3506800,2741079,78.2
COUNTRIES,PHL,Philippines,2022,HIB3,"Hib, 3rd dose",WUENIC,WHO/UNICEF Estimates of National Immunization Coverage,1817581,1329652,73.2
COUNTRIES,PHL,Philippines,2022,PCV3,"Pneumococcal conjugate vaccine, final dose",ADMIN,Administrative coverage,3465398,2483501,71.7
COUNTRIES,PHL,Philippines,2022,ROTAC,"Rotavirus, last dose",WUENIC,WHO/UNICEF Estimates of National Immunization Coverage,3251824,1901940,58.5
COUNTRIES,PHL,Philippines,2023,BCG,BCG vaccine,OFFICIAL,Official coverage,100248,88909,88.7
COUNTRIES,PHL,Philippines,2023,DTPCV1,"DTP-containing vaccine, 1st dose",WUENIC,WHO/UNICEF Estimates of National Immunization Coverage,290346,167703,57.8
COUNTRIES,PHL,Philippines,2023,DTPCV3,"DTP-containing vaccine, 3rd dose",ADMIN,Administrative coverage,4596167,3344978,72.8
COUNTRIES,PHL,Philippines,2023,MCV1,"Measles-containing vaccine, 1st dose",WUENIC,WHO/UNICEF Estimates of National Immunization Coverage,2471961,2178735,88.1
COUNTRIES,PHL,Philippines,2023,MCV2,"Measles-containing vaccine, 2nd dose",OFFICIAL,Official coverage,3473754,1994767,57.4
COUNTRIES,PHL,Philippines,2023,POL3,"Polio, 3rd dose",ADMIN,Administrative coverage,1970382,1681430,85.3
COUNTRIES,PHL,Philippines,2023,HEPB3,"Hepatitis B, 3rd dose",OFFICIAL,Official coverage,608086,476675,78.4
COUNTRIES,PHL,Philippines,2023,HIB3,"Hib, 3rd dose",ADMIN,Administrative coverage,4732251,2787533,58.9
COUNTRIES,PHL,Philippines,2023,PCV3,"Pneumococcal conjugate vaccine, final dose",ADMIN,Administrative coverage,2141028,1363971,63.7
COUNTRIES,PHL,Philippines,2023,ROTAC,"Rotavirus, last dose",ADMIN,Administrative coverage,3199783,2160240,67.5
COUNTRIES,PHL,Philippines,2024,BCG,BCG vaccine,ADMIN,Administrative coverage,2376168,2288202,96.3
COUNTRIES,PHL,Philippines,2024,DTPCV1,"DTP-containing vaccine, 1st dose",OFFICIAL,Official coverage,4191314,2873462,68.6
COUNTRIES,PHL,Philippines,2024,DTPCV3,"DTP-containing vaccine, 3rd dose",ADMIN,Administrative coverage,4060086,3940390,97.1
COUNTRIES,PHL,Philippines,2024,MCV1,"Measles-containing vaccine, 1st dose",WUENIC,WHO/UNICEF Estimates of National Immunization Coverage,4259689,3224052,75.7
COUNTRIES,PHL,Philippines,2024,MCV2,"Measles-containing vaccine, 2nd dose",ADMIN,Administrative coverage,4202109,2679184,63.8
COUNTRIES,PHL,Philippines,2024,POL3,"Polio, 3rd dose",ADMIN,Administrative coverage,2400876,2376867,99.0
COUNTRIES,PHL,Philippines,2024,HEPB3,"Hepatitis B, 3rd dose",ADMIN,Administrative coverage,3423328,2168147,63.3
COUNTRIES,PHL,Philippines,2024,HIB3,"Hib, 3rd dose",WUENIC,WHO/UNICEF Estimates of National Immunization Coverage,2815847,2165831,76.9
COUNTRIES,PHL,Philippines,2024,PCV3,"Pneumococcal conjugate vaccine, final dose",OFFICIAL,Official coverage,1700522,1214882,71.4
COUNTRIES,PHL,Philippines,2024,ROTAC,"Rotavirus, last dose",WUENIC,WHO/UNICEF Estimates of National Immunization Coverage,957153,616494,64.4
COUNTRIES,EGY,Egypt,2010,BCG,BCG vaccine,WUENIC,WHO/UNICEF Estimates of National Immunization Coverage,3050827,2003346,65.7
COUNTRIES,EGY,Egypt,2010,DTPCV1,"DTP-containing vaccine, 1st dose",ADMIN,Administrative coverage,3160997,1724778,54.6
COUNTRIES,EGY,Egypt,2010,DTPCV3,"DTP-containing vaccine, 3rd dose",WUENIC,WHO/UNICEF Estimates of National Immunization Coverage,1616772,1098114,67.9
COUNTRIES,EGY,Egypt,2010,MCV1,"Measles-containing vaccine, 1st dose",WUENIC,WHO/UNICEF Estimates of National Immunization Coverage,308480,194482,63.0
COUNTRIES,EGY,Egypt,2010,MCV2,"Measles-containing vaccine, 2nd dose",ADMIN,Administrative coverage,4233005,1630388,38.5
COUNTRIES,EGY,Egypt,2010,POL3,"Polio, 3rd dose",ADMIN,Administrative coverage,4221364,2798035,66.3
COUNTRIES,EGY,Egypt,2010,HEPB3,"Hepatitis B, 3rd dose",OFFICIAL,Official coverage,2623937,1316309,50.2
COUNTRIES,EGY,Egypt,2010,HIB3,"Hib, 3rd dose",OFFICIAL,Official coverage,1520851,716237,47.1
COUNTRIES,EGY,Egypt,2010,PCV3,"Pneumococcal conjugate vaccine, final dose",OFFICIAL,Official coverage,2985973,1622307,54.3
COUNTRIES,EGY,Egypt,2010,ROTAC,"Rotavirus, last dose",WUENIC,WHO/UNICEF Estimates of National Immunization Coverage,1501511,739461,49.2
COUNTRIES,EGY,Egypt,2011,BCG,BCG vaccine,ADMIN,Administrative coverage,668119,493525,73.9
COUNTRIES,EGY,Egypt,2011,DTPCV1,"DTP-containing vaccine, 1st dose",ADMIN,Administrative coverage,2377089,1417784,59.6
COUNTRIES,EGY,Egypt,2011,DTPCV3,"DTP-containing vaccine, 3rd dose",WUENIC,WHO/UNICEF Estimates of National Immunization Coverage,443186,282389,63.7
COUNTRIES,EGY,Egypt,2011,MCV1,"Measles-containing vaccine, 1st dose",ADMIN,Administrative coverage,1270682,960807,75.6
COUNTRIES,EGY,Egypt,2011,MCV2,"Measles-containing vaccine, 2nd dose",ADMIN,Administrative coverage,2945018,1561801,53.0
COUNTRIES,EGY,Egypt,2011,POL3,"Polio, 3rd dose",ADMIN,Administrative coverage,370580,264591,71.4
COUNTRIES,EGY,Egypt,2011,HEPB3,"Hepatitis B, 3rd dose",OFFICIAL,Official coverage,2926237,1322810,45.2
COUNTRIES,EGY,Egypt,2011,HIB3,"Hib, 3rd dose",ADMIN,Administrative coverage,4797924,2619181,54.6
COUNTRIES,EGY,Egypt,2011,PCV3,"Pneumococcal conjugate vaccine, final dose",ADMIN,Administrative coverage,443056,143563,32.4
COUNTRIES,EGY,Egypt,2011,ROTAC,"Rotavirus, last dose",WUENIC,WHO/UNICEF Estimates of National Immunization Coverage,994353,436952,43.9
COUNTRIES,EGY,Egypt,2012,BCG,BCG vaccine,ADMIN,Administrative coverage,1101341,694325,63.0
COUNTRIES,EGY,Egypt,2012,DTPCV1,"DTP-containing vaccine, 1st dose",WUENIC,WHO/UNICEF Estimates of National Immunization Coverage,2016849,1207345,59.9
COUNTRIES,EGY,Egypt,2012,DTPCV3,"DTP-containing vaccine, 3rd dose",ADMIN,Administrative coverage,4917920,3197575,65.0
COUNTRIES,EGY,Egypt,2012,MCV1,"Measles-containing vaccine, 1st dose",WUENIC,WHO/UNICEF Estimates of National Immunization Coverage,3614701,2638072,73.0
COUNTRIES,EGY,Egypt,2012,MCV2,"Measles-containing vaccine, 2nd dose",ADMIN,Administrative coverage,4026173,1702008,42.3
COUNTRIES,EGY,Egypt,2012,POL3,"Polio, 3rd dose",OFFICIAL,Official coverage,3141287,2231786,71.0
COUNTRIES,EGY,Egypt,2012,HEPB3,"Hepatitis B, 3rd dose",ADMIN,Administrative coverage,1031271,602554,58.4
COUNTRIES,EGY,Egypt,2012,HIB3,"Hib, 3rd dose",WUENIC,WHO/UNICEF Estimates of National Immunization Coverage,2588076,1702252,65.8
COUNTRIES,EGY,Egypt,2012,PCV3,"Pneumococcal conjugate vaccine, final dose",OFFICIAL,Official coverage,4775965,2074889,43.4
COUNTRIES,EGY,Egypt,2012,ROTAC,"Rotavirus, last dose",OFFICIAL,Official coverage,1216572,571884,47.0
COUNTRIES,EGY,Egypt,2013,BCG,BCG vaccine,OFFICIAL,Official coverage,4776234,3616198,75.7
COUNTRIES,EGY,Egypt,2013,DTPCV1,"DTP-containing vaccine, 1st dose",WUENIC,WHO/UNICEF Estimates of National Immunization Coverage,4430088,2018741,45.6
COUNTRIES,EGY,Egypt,2013,DTPCV3,"DTP-containing vaccine, 3rd dose",ADMIN,Administrative coverage,1249110,840501,67.3
COUNTRIES,EGY,Egypt,2013,MCV1,"Measles-containing vaccine, 1st dose",ADMIN,Administrative coverage,1494315,1185395,79.3
COUNTRIES,EGY,Egypt,2013,MCV2,"Measles-containing vaccine, 2nd dose",OFFICIAL,Official coverage,2878340,1305441,45.4
COUNTRIES,EGY,Egypt,2013,POL3,"Polio, 3rd dose",OFFICIAL,Official coverage,280596,238793,85.1
COUNTRIES,EGY,Egypt,2013,HEPB3,"Hepatitis B, 3rd dose",ADMIN,Administrative coverage,2929198,1819071,62.1
COUNTRIES,EGY,Egypt,2013,HIB3,"Hib, 3rd dose",OFFICIAL,Official coverage,2792651,1643741,58.9
COUNTRIES,EGY,Egypt,2013,PCV3,"Pneumococcal conjugate vaccine, final dose",WUENIC,WHO/UNICEF Estimates of National Immunization Coverage,344358,173154,50.3
COUNTRIES,EGY,Egypt,2013,ROTAC,"Rotavirus, last dose",OFFICIAL,Official coverage,4634751,1960865,42.3
COUNTRIES,EGY,Egypt,2014,BCG,BCG vaccine,WUENIC,WHO/UNICEF Estimates of National Immunization Coverage,3364479,2589535,77.0
COUNTRIES,EGY,Egypt,2014,DTPCV1,"DTP-containing vaccine, 1st dose",ADMIN,Administrative coverage,287902,155610,54.0
COUNTRIES,EGY,Egypt,2014,DTPCV3,"DTP-containing vaccine, 3rd dose",ADMIN,Administrative coverage,2210231,1633341,73.9
COUNTRIES,EGY,Egypt,2014,MCV1,"Measles-containing vaccine, 1st dose",WUENIC,WHO/UNICEF Estimates of National Immunization Coverage,1569598,1079078,68.7
COUNTRIES,EGY,Egypt,2014,MCV2,"Measles-containing vaccine, 2nd dose",WUENIC,WHO/UNICEF Estimates of National Immunization Coverage,95807,48885,51.0
COUNTRIES,EGY,Egypt,2014,POL3,"Polio, 3rd dose",ADMIN,Administrative coverage,4791882,4113347,85.8
COUNTRIES,EGY,Egypt,2014,HEPB3,"Hepatitis B, 3rd dose",OFFICIAL,Official coverage,1757229,1240293,70.6
COUNTRIES,EGY,Egypt,2014,HIB3,"Hib, 3rd dose",WUENIC,WHO/UNICEF Estimates of National Immunization Coverage,4441649,3151692,71.0
COUNTRIES,EGY,Egypt,2014,PCV3,"Pneumococcal conjugate vaccine, final dose",ADMIN,Administrative coverage,3670597,2172634,59.2
COUNTRIES,EGY,Egypt,2014,ROTAC,"Rotavirus, last dose",WUENIC,WHO/UNICEF Estimates of National Immunization Coverage,3039159,1451882,47.8
COUNTRIES,EGY,Egypt,2015,BCG,BCG vaccine,ADMIN,Administrative coverage,4657455,3903848,83.8
COUNTRIES,EGY,Egypt,2015,DTPCV1,"DTP-containing vaccine, 1st dose",ADMIN,Administrative coverage,1997175,1403146,70.3
COUNTRIES,EGY,Egypt,2015,DTPCV3,"DTP-containing vaccine, 3rd dose",OFFICIAL,Official coverage,4060768,3302847,81.3
COUNTRIES,EGY,Egypt,2015,MCV1,"Measles-containing vaccine, 1st dose",WUENIC,WHO/UNICEF Estimates of National Immunization Coverage,941255,724220,76.9
COUNTRIES,EGY,Egypt,2015,MCV2,"Measles-containing vaccine, 2nd dose",OFFICIAL,Official coverage,2328598,1021886,43.9
COUNTRIES,EGY,Egypt,2015,POL3,"Polio, 3rd dose",WUENIC,WHO/UNICEF Estimates of National Immunization Coverage,4280061,3671739,85.8
COUNTRIES,EGY,Egypt,2015,HEPB3,"Hepatitis B, 3rd dose",ADMIN,Administrative coverage,4196477,2638785,62.9
COUNTRIES,EGY,Egypt,2015,HIB3,"Hib, 3rd dose",OFFICIAL,Official coverage,4990935,3050011,61.1
COUNTRIES,EGY,Egypt,2015,PCV3,"Pneumococcal conjugate vaccine, final dose",WUENIC,WHO/UNICEF Estimates of National Immunization Coverage,707191,440940,62.4
COUNTRIES,EGY,Egypt,2015,ROTAC,"Rotavirus, last dose",OFFICIAL,Official coverage,3559934,1393239,39.1
COUNTRIES,EGY,Egypt,2016,BCG,BCG vaccine,WUENIC,WHO/UNICEF Estimates of National Immunization Coverage,257580,209397,81.3
COUNTRIES,EGY,Egypt,2016,DTPCV1,"DTP-containing vaccine, 1st dose",ADMIN,Administrative coverage,4408548,2769553,62.8
COUNTRIES,EGY,Egypt,2016,DTPCV3,"DTP-containing vaccine, 3rd dose",OFFICIAL,Official coverage,1710100,1362485,79.7
COUNTRIES,EGY,Egypt,2016,MCV1,"Measles-containing vaccine, 1st dose",ADMIN,Administrative coverage,3605392,2751575,76.3
COUNTRIES,EGY,Egypt,2016,MCV2,"Measles-containing vaccine, 2nd dose",OFFICIAL,Official coverage,2268222,1204008,53.1
COUNTRIES,EGY,Egypt,2016,POL3,"Polio, 3rd dose",WUENIC,WHO/UNICEF Estimates of National Immunization Coverage,2012160,1680841,83.5
COUNTRIES,EGY,Egypt,2016,HEPB3,"Hepatitis B, 3rd dose",ADMIN,Administrative coverage,4281797,2555775,59.7
COUNTRIES,EGY,Egypt,2016,HIB3,"Hib, 3rd dose",ADMIN,Administrative coverage,3081863,1578457,51.2
COUNTRIES,EGY,Egypt,2016,PCV3,"Pneumococcal conjugate vaccine, final dose",OFFICIAL,Official coverage,2118535,1203195,56.8
COUNTRIES,EGY,Egypt,2016,ROTAC,"Rotavirus, last dose",OFFICIAL,Official coverage,3083932,1721807,55.8
COUNTRIES,EGY,Egypt,2017,BCG,BCG vaccine,ADMIN,Administrative coverage,2894517,2257990,78.0
COUNTRIES,EGY,Egypt,2017,DTPCV1,"DTP-containing vaccine, 1st dose",OFFICIAL,Official coverage,1033061,778126,75.3
COUNTRIES,EGY,Egypt,2017,DTPCV3,"DTP-containing vaccine, 3rd dose",ADMIN,Administrative coverage,2621703,2445696,93.3
COUNTRIES,EGY,Egypt,2017,MCV1,"Measles-containing vaccine, 1st dose",ADMIN,Administrative coverage,2745563,2371298,86.4
COUNTRIES,EGY,Egypt,2017,MCV2,"Measles-containing vaccine, 2nd dose",WUENIC,WHO/UNICEF Estimates of National Immunization Coverage,1644362,1016192,61.8
COUNTRIES,EGY,Egypt,2017,POL3,"Polio, 3rd dose",OFFICIAL,Official coverage,2832540,2309548,81.5
COUNTRIES,EGY,Egypt,2017,HEPB3,"Hepatitis B, 3rd dose",ADMIN,Administrative coverage,1966195,1629653,82.9
COUNTRIES,EGY,Egypt,2017,HIB3,"Hib, 3rd dose",ADMIN,Administrative coverage,142091,101008,71.1
COUNTRIES,EGY,Egypt,2017,PCV3,"Pneumococcal conjugate vaccine, final dose",WUENIC,WHO/UNICEF Estimates of National Immunization Coverage,943150,469450,49.8
COUNTRIES,EGY,Egypt,2017,ROTAC,"Rotavirus, last dose",ADMIN,Administrative coverage,982196,545567,55.5
COUNTRIES,EGY,Egypt,2018,BCG,BCG vaccine,OFFICIAL,Official coverage,3990063,3346062,83.9
COUNTRIES,EGY,Egypt,2018,DTPCV1,"DTP-containing vaccine, 1st dose",OFFICIAL,Official coverage,2185896,1622196,74.2
COUNTRIES,EGY,Egypt,2018,DTPCV3,"DTP-containing vaccine, 3rd dose",WUENIC,WHO/UNICEF Estimates of National Immunization Coverage,2757430,2274914,82.5
COUNTRIES,EGY,Egypt,2018,MCV1,"Measles-containing vaccine, 1st dose",ADMIN,Administrative coverage,2124278,2038693,96.0
COUNTRIES,EGY,Egypt,2018,MCV2,"Measles-containing vaccine, 2nd dose",WUENIC,WHO/UNICEF Estimates of National Immunization Coverage,2195265,1582414,72.1
COUNTRIES,EGY,Egypt,2018,POL3,"Polio, 3rd dose",OFFICIAL,Official coverage,4094064,3053184,74.6
COUNTRIES,EGY,Egypt,2018,HEPB3,"Hepatitis B, 3rd dose",WUENIC,WHO/UNICEF Estimates of National Immunization Coverage,1803897,1491241,82.7
COUNTRIES,EGY,Egypt,2018,HIB3,"Hib, 3rd dose",OFFICIAL,Official coverage,1279959,671358,52.5
COUNTRIES,EGY,Egypt,2018,PCV3,"Pneumococcal conjugate vaccine, final dose",ADMIN,Administrative coverage,4006092,2517128,62.8
COUNTRIES,EGY,Egypt,2018,ROTAC,"Rotavirus, last dose",WUENIC,WHO/UNICEF Estimates of National Immunization Coverage,1399651,837121,59.8
COUNTRIES,EGY,Egypt,2019,BCG,BCG vaccine,ADMIN,Administrative coverage,821279,664366,80.9
COUNTRIES,EGY,Egypt,2019,DTPCV1,"DTP-containing vaccine, 1st dose",ADMIN,Administrative coverage,1638404,1219371,74.4
COUNTRIES,EGY,Egypt,2019,DTPCV3,"DTP-containing vaccine, 3rd dose",WUENIC,WHO/UNICEF Estimates of National Immunization Coverage,302515,249247,82.4
COUNTRIES,EGY,Egypt,2019,MCV1,"Measles-containing vaccine, 1st dose",ADMIN,Administrative coverage,2694046,2158170,80.1
COUNTRIES,EGY,Egypt,2019,MCV2,"Measles-containing vaccine, 2nd dose",WUENIC,WHO/UNICEF Estimates of National Immunization Coverage,4199161,2546882,60.7
COUNTRIES,EGY,Egypt,2019,POL3,"Polio, 3rd dose",OFFICIAL,Official coverage,2033438,1759351,86.5
COUNTRIES,EGY,Egypt,2019,HEPB3,"Hepatitis B, 3rd dose",ADMIN,Administrative coverage,433609,329401,76.0
COUNTRIES,EGY,Egypt,2019,HIB3,"Hib, 3rd dose",ADMIN,Administrative coverage,1336353,727143,54.4
COUNTRIES,EGY,Egypt,2019,PCV3,"Pneumococcal conjugate vaccine, final dose",WUENIC,WHO/UNICEF Estimates of National Immunization Coverage,3095471,1479144,47.8
COUNTRIES,EGY,Egypt,2019,ROTAC,"Rotavirus, last dose",WUENIC,WHO/UNICEF Estimates of National Immunization Coverage,869593,506637,58.3
COUNTRIES,EGY,Egypt,2020,BCG,BCG vaccine,ADMIN,Administrative coverage,2966933,2935454,98.9
COUNTRIES,EGY,Egypt,2020,DTPCV1,"DTP-containing vaccine, 1st dose",WUENIC,WHO/UNICEF Estimates of National Immunization Coverage,4936202,4266650,86.4
COUNTRIES,EGY,Egypt,2020,DTPCV3,"DTP-containing vaccine, 3rd dose",WUENIC,WHO/UNICEF Estimates of National Immunization Coverage,3956997,3666171,92.7
COUNTRIES,EGY,Egypt,2020,MCV1,"Measles-containing vaccine, 1st dose",ADMIN,Administrative coverage,4780654,4732847,99.0
COUNTRIES,EGY,Egypt,2020,MCV2,"Measles-containing vaccine, 2nd dose",WUENIC,WHO/UNICEF Estimates of National Immunization Coverage,1788667,812661,45.4
COUNTRIES,EGY,Egypt,2020,POL3,"Polio, 3rd dose",WUENIC,WHO/UNICEF Estimates of National Immunization Coverage,885544,702712,79.4
COUNTRIES,EGY,Egypt,2020,HEPB3,"Hepatitis B, 3rd dose",WUENIC,WHO/UNICEF Estimates of National Immunization Coverage,336629,254616,75.6
COUNTRIES,EGY,Egypt,2020,HIB3,"Hib, 3rd dose",WUENIC,WHO/UNICEF Estimates of National Immunization Coverage,1866418,1358965,72.8
COUNTRIES,EGY,Egypt,2020,PCV3,"Pneumococcal conjugate vaccine, final dose",ADMIN,Administrative coverage,2937569,1669669,56.8
COUNTRIES,EGY,Egypt,2020,ROTAC,"Rotavirus, last dose",WUENIC,WHO/UNICEF Estimates of National Immunization Coverage,3169331,2147548,67.8
COUNTRIES,EGY,Egypt,2021,BCG,BCG vaccine,WUENIC,WHO/UNICEF Estimates of National Immunization Coverage,4053487,3662998,90.4
COUNTRIES,EGY,Egypt,2021,DTPCV1,"DTP-containing vaccine, 1st dose",OFFICIAL,Official coverage,4634125,3706815,80.0
COUNTRIES,EGY,Egypt,2021,DTPCV3,"DTP-containing vaccine, 3rd dose",ADMIN,Administrative coverage,3981792,3468273,87.1
COUNTRIES,EGY,Egypt,2021,MCV1,"Measles-containing vaccine, 1st dose",OFFICIAL,Official coverage,3041890,2381817,78.3
COUNTRIES,EGY,Egypt,2021,MCV2,"Measles-containing vaccine, 2nd dose",WUENIC,WHO/UNICEF Estimates of National Immunization Coverage,1829892,1119543,61.2
COUNTRIES,EGY,Egypt,2021,POL3,"Polio, 3rd dose",WUENIC,WHO/UNICEF Estimates of National Immunization Coverage,3471103,2612563,75.3
COUNTRIES,EGY,Egypt,2021,HEPB3,"Hepatitis B, 3rd dose",ADMIN,Administrative coverage,1240283,903729,72.9
COUNTRIES,EGY,Egypt,2021,HIB3,"Hib, 3rd dose",WUENIC,WHO/UNICEF Estimates of National Immunization Coverage,62336,42776,68.6
COUNTRIES,EGY,Egypt,2021,PCV3,"Pneumococcal conjugate vaccine, final dose",ADMIN,Administrative coverage,3008963,1788498,59.4
COUNTRIES,EGY,Egypt,2021,ROTAC,"Rotavirus, last dose",ADMIN,Administrative coverage,339372,206823,60.9
COUNTRIES,EGY,Egypt,2022,BCG,BCG vaccine,ADMIN,Administrative coverage,4196118,3600695,85.8
COUNTRIES,EGY,Egypt,2022,DTPCV1,"DTP-containing vaccine, 1st dose",ADMIN,Administrative coverage,4281614,3120690,72.9
COUNTRIES,EGY,Egypt,2022,DTPCV3,"DTP-containing vaccine, 3rd dose",WUENIC,WHO/UNICEF Estimates of National Immunization Coverage,4444203,3791062,85.3
COUNTRIES,EGY,Egypt,2022,MCV1,"Measles-containing vaccine, 1st dose",ADMIN,Administrative coverage,1141014,1016681,89.1
COUNTRIES,EGY,Egypt,2022,MCV2,"Measles-containing vaccine, 2nd dose",ADMIN,Administrative coverage,2111439,1557969,73.8
COUNTRIES,EGY,Egypt,2022,POL3,"Polio, 3rd dose",ADMIN,Administrative coverage,3877233,3632822,93.7
COUNTRIES,EGY,Egypt,2022,HEPB3,"Hepatitis B, 3rd dose",OFFICIAL,Official coverage,3746458,2906200,77.6
COUNTRIES,EGY,Egypt,2022,HIB3,"Hib, 3rd dose",WUENIC,WHO/UNICEF Estimates of National Immunization Coverage,2257312,1641485,72.7
COUNTRIES,EGY,Egypt,2022,PCV3,"Pneumococcal conjugate vaccine, final dose",WUENIC,WHO/UNICEF Estimates of National Immunization Coverage,4725195,2816254,59.6
COUNTRIES,EGY,Egypt,2022,ROTAC,"Rotavirus, last dose",WUENIC,WHO/UNICEF Estimates of National Immunization Coverage,831608,594301,71.5
COUNTRIES,EGY,Egypt,2023,BCG,BCG vaccine,WUENIC,WHO/UNICEF Estimates of National Immunization Coverage,1818407,1467778,80.7
COUNTRIES,EGY,Egypt,2023,DTPCV1,"DTP-containing vaccine, 1st dose",OFFICIAL,Official coverage,3396386,2344772,69.0
COUNTRIES,EGY,Egypt,2023,DTPCV3,"DTP-containing vaccine, 3rd dose",ADMIN,Administrative coverage,3473082,3438351,99.0
COUNTRIES,EGY,Egypt,2023,MCV1,"Measles-containing vaccine, 1st dose",OFFICIAL,Official coverage,1249728,1033302,82.7
COUNTRIES,EGY,Egypt,2023,MCV2,"Measles-containing vaccine, 2nd dose",ADMIN,Administrative coverage,2009484,1289809,64.2
COUNTRIES,EGY,Egypt,2023,POL3,"Polio, 3rd dose",OFFICIAL,Official coverage,2381774,1797326,75.5
COUNTRIES,EGY,Egypt,2023,HEPB3,"Hepatitis B, 3rd dose",ADMIN,Administrative coverage,1970773,1439193,73.0
COUNTRIES,EGY,Egypt,2023,HIB3,"Hib, 3rd dose",OFFICIAL,Official coverage,1538204,1006886,65.5
COUNTRIES,EGY,Egypt,2023,PCV3,"Pneumococcal conjugate vaccine, final dose",ADMIN,Administrative coverage,2983811,2029546,68.0
COUNTRIES,EGY,Egypt,2023,ROTAC,"Rotavirus, last dose",WUENIC,WHO/UNICEF Estimates of National Immunization Coverage,118515,59846,50.5
COUNTRIES,EGY,Egypt,2024,BCG,BCG vaccine,ADMIN,Administrative coverage,1943884,1817126,93.5
COUNTRIES,EGY,Egypt,2024,DTPCV1,"DTP-containing vaccine, 1st dose",WUENIC,WHO/UNICEF Estimates of National Immunization Coverage,3164659,2082703,65.8
COUNTRIES,EGY,Egypt,2024,DTPCV3,"DTP-containing vaccine, 3rd dose",OFFICIAL,Official coverage,1457576,1364394,93.6
COUNTRIES,EGY,Egypt,2024,MCV1,"Measles-containing vaccine, 1st dose",OFFICIAL,Official coverage,1762355,1744731,99.0
COUNTRIES,EGY,Egypt,2024,MCV2,"Measles-containing vaccine, 2nd dose",ADMIN,Administrative coverage,739197,515075,69.7
COUNTRIES,EGY,Egypt,2024,POL3,"Polio, 3rd dose",OFFICIAL,Official coverage,2463911,2286806,92.8
COUNTRIES,EGY,Egypt,2024,HEPB3,"Hepatitis B, 3rd dose",OFFICIAL,Official coverage,60514,47222,78.0
COUNTRIES,EGY,Egypt,2024,HIB3,"Hib, 3rd dose",ADMIN,Administrative coverage,1207260,857466,71.0
COUNTRIES,EGY,Egypt,2024,PCV3,"Pneumococcal conjugate vaccine, final dose",ADMIN,Administrative coverage,3405000,1744293,51.2
COUNTRIES,EGY,Egypt,2024,ROTAC,"Rotavirus, last dose",OFFICIAL,Official coverage,3846286,2406650,62.6
COUNTRIES,VNM,Viet Nam,2010,BCG,BCG vaccine,OFFICIAL,Official coverage,3619199,2621081,72.4
COUNTRIES,VNM,Viet Nam,2010,DTPCV1,"DTP-containing vaccine, 1st dose",WUENIC,WHO/UNICEF Estimates of National Immunization Coverage,3015560,1707453,56.6
COUNTRIES,VNM,Viet Nam,2010,DTPCV3,"DTP-containing vaccine, 3rd dose",ADMIN,Administrative coverage,2053146,1011944,49.3
COUNTRIES,VNM,Viet Nam,2010,MCV1,"Measles-containing vaccine, 1st dose",OFFICIAL,Official coverage,1054411,912041,86.5
COUNTRIES,VNM,Viet Nam,2010,MCV2,"Measles-containing vaccine, 2nd dose",ADMIN,Administrative coverage,4445223,1775142,39.9
COUNTRIES,VNM,Viet Nam,2010,POL3,"Polio, 3rd dose",ADMIN,Administrative coverage,2000500,1494146,74.7
COUNTRIES,VNM,Viet Nam,2010,HEPB3,"Hepatitis B, 3rd dose",OFFICIAL,Official coverage,1273045,910644,71.5
COUNTRIES,VNM,Viet Nam,2010,HIB3,"Hib, 3rd dose",OFFICIAL,Official coverage,3604382,2093783,58.1
COUNTRIES,VNM,Viet Nam,2010,PCV3,"Pneumococcal conjugate vaccine, final dose",OFFICIAL,Official coverage,3738498,1754775,46.9
COUNTRIES,VNM,Viet Nam,2010,ROTAC,"Rotavirus, last dose",OFFICIAL,Official coverage,849458,251704,29.6
COUNTRIES,VNM,Viet Nam,2011,BCG,BCG vaccine,WUENIC,WHO/UNICEF Estimates of National Immunization Coverage,55435,38722,69.9
COUNTRIES,VNM,Viet Nam,2011,DTPCV1,"DTP-containing vaccine, 1st dose",OFFICIAL,Official coverage,2677014,1389925,51.9
COUNTRIES,VNM,Viet Nam,2011,DTPCV3,"DTP-containing vaccine, 3rd dose",OFFICIAL,Official coverage,2189934,1619733,74.0
COUNTRIES,VNM,Viet Nam,2011,MCV1,"Measles-containing vaccine, 1st dose",OFFICIAL,Official coverage,514535,453026,88.0
COUNTRIES,VNM,Viet Nam,2011,MCV2,"Measles-containing vaccine, 2nd dose",OFFICIAL,Official coverage,1398894,561367,40.1
COUNTRIES,VNM,Viet Nam,2011,POL3,"Polio, 3rd dose",ADMIN,Administrative coverage,2183221,1590312,72.8
COUNTRIES,VNM,Viet Nam,2011,HEPB3,"Hepatitis B, 3rd dose",ADMIN,Administrative coverage,1848954,1188442,64.3
COUNTRIES,VNM,Viet Nam,2011,HIB3,"Hib, 3rd dose",ADMIN,Administrative coverage,1950302,1099844,56.4
COUNTRIES,VNM,Viet Nam,2011,PCV3,"Pneumococcal conjugate vaccine, final dose",ADMIN,Administrative coverage,489717,259819,53.1
COUNTRIES,VNM,Viet Nam,2011,ROTAC,"Rotavirus, last dose",ADMIN,Administrative coverage,2291105,1143057,49.9
COUNTRIES,VNM,Viet Nam,2012,BCG,BCG vaccine,OFFICIAL,Official coverage,2614695,2303230,88.1
COUNTRIES,VNM,Viet Nam,2012,DTPCV1,"DTP-containing vaccine, 1st dose",ADMIN,Administrative coverage,1145589,520848,45.5
COUNTRIES,VNM,Viet Nam,2012,DTPCV3,"DTP-containing vaccine, 3rd dose",OFFICIAL,Official coverage,3914708,3049398,77.9
COUNTRIES,VNM,Viet Nam,2012,MCV1,"Measles-containing vaccine, 1st dose",ADMIN,Administrative coverage,4412113,2611732,59.2
COUNTRIES,VNM,Viet Nam,2012,MCV2,"Measles-containing vaccine, 2nd dose",ADMIN,Administrative coverage,4530572,2273412,50.2
COUNTRIES,VNM,Viet Nam,2012,POL3,"Polio, 3rd dose",ADMIN,Administrative coverage,1345125,1026864,76.3
COUNTRIES,VNM,Viet Nam,2012,HEPB3,"Hepatitis B, 3rd dose",OFFICIAL,Official coverage,4610141,2771133,60.1
COUNTRIES,VNM,Viet Nam,2012,HIB3,"Hib, 3rd dose",ADMIN,Administrative coverage,2662761,1804761,67.8
COUNTRIES,VNM,Viet Nam,2012,PCV3,"Pneumococcal conjugate vaccine, final dose",ADMIN,Administrative coverage,4942397,2511435,50.8
COUNTRIES,VNM,Viet Nam,2012,ROTAC,"Rotavirus, last dose",OFFICIAL,Official coverage,3366900,1757200,52.2
COUNTRIES,VNM,Viet Nam,2013,BCG,BCG vaccine,OFFICIAL,Official coverage,2161029,1355744,62.7
COUNTRIES,VNM,Viet Nam,2013,DTPCV1,"DTP-containing vaccine, 1st dose",WUENIC,WHO/UNICEF Estimates of National Immunization Coverage,2071363,1023208,49.4
COUNTRIES,VNM,Viet Nam,2013,DTPCV3,"DTP-containing vaccine, 3rd dose",WUENIC,WHO/UNICEF Estimates of National Immunization Coverage,1350457,1079253,79.9
COUNTRIES,VNM,Viet Nam,2013,MCV1,"Measles-containing vaccine, 1st dose",WUENIC,WHO/UNICEF Estimates of National Immunization Coverage,2836719,1868365,65.9
COUNTRIES,VNM,Viet Nam,2013,MCV2,"Measles-containing vaccine, 2nd dose",ADMIN,Administrative coverage,312199,115724,37.1
COUNTRIES,VNM,Viet Nam,2013,POL3,"Polio, 3rd dose",ADMIN,Administrative coverage,83734,72130,86.1
COUNTRIES,VNM,Viet Nam,2013,HEPB3,"Hepatitis B, 3rd dose",WUENIC,WHO/UNICEF Estimates of National Immunization Coverage,192728,131496,68.2
COUNTRIES,VNM,Viet Nam,2013,HIB3,"Hib, 3rd dose",ADMIN,Administrative coverage,743812,425267,57.2
COUNTRIES,VNM,Viet Nam,2013,PCV3,"Pneumococcal conjugate vaccine, final dose",WUENIC,WHO/UNICEF Estimates of National Immunization Coverage,3312331,1842180,55.6
COUNTRIES,VNM,Viet Nam,2013,ROTAC,"Rotavirus, last dose",OFFICIAL,Official coverage,3739638,1557792,41.7
COUNTRIES,VNM,Viet Nam,2014,BCG,BCG vaccine,ADMIN,Administrative coverage,1245055,796788,64.0
COUNTRIES,VNM,Viet Nam,2014,DTPCV1,"DTP-containing vaccine, 1st dose",WUENIC,WHO/UNICEF Estimates of National Immunization Coverage,3413712,1987679,58.2
COUNTRIES,VNM,Viet Nam,2014,DTPCV3,"DTP-containing vaccine, 3rd dose",OFFICIAL,Official coverage,836918,617818,73.8
COUNTRIES,VNM,Viet Nam,2014,MCV1,"Measles-containing vaccine, 1st dose",WUENIC,WHO/UNICEF Estimates of National Immunization Coverage,3728588,3201730,85.9
COUNTRIES,VNM,Viet Nam,2014,MCV2,"Measles-containing vaccine, 2nd dose",ADMIN,Administrative coverage,2717293,1349794,49.7
COUNTRIES,VNM,Viet Nam,2014,POL3,"Polio, 3rd dose",ADMIN,Administrative coverage,2714649,2061253,75.9
COUNTRIES,VNM,Viet Nam,2014,HEPB3,"Hepatitis B, 3rd dose",ADMIN,Administrative coverage,3606995,2560677,71.0
COUNTRIES,VNM,Viet Nam,2014,HIB3,"Hib, 3rd dose",WUENIC,WHO/UNICEF Estimates of National Immunization Coverage,2204327,1518113,68.9
COUNTRIES,VNM,Viet Nam,2014,PCV3,"Pneumococcal conjugate vaccine, final dose",WUENIC,WHO/UNICEF Estimates of National Immunization Coverage,2539913,1330949,52.4
COUNTRIES,VNM,Viet Nam,2014,ROTAC,"Rotavirus, last dose",WUENIC,WHO/UNICEF Estimates of National Immunization Coverage,2400716,1038976,43.3
COUNTRIES,VNM,Viet Nam,2015,BCG,BCG vaccine,OFFICIAL,Official coverage,1314008,849162,64.6
COUNTRIES,VNM,Viet Nam,2015,DTPCV1,"DTP-containing vaccine, 1st dose",ADMIN,Administrative coverage,2283414,1299754,56.9
COUNTRIES,VNM,Viet Nam,2015,DTPCV3,"DTP-containing vaccine, 3rd dose",OFFICIAL,Official coverage,54331,47433,87.3
COUNTRIES,VNM,Viet Nam,2015,MCV1,"Measles-containing vaccine, 1st dose",ADMIN,Administrative coverage,1603416,1219120,76.0
COUNTRIES,VNM,Viet Nam,2015,MCV2,"Measles-containing vaccine, 2nd dose",ADMIN,Administrative coverage,2331696,1168728,50.1
COUNTRIES,VNM,Viet Nam,2015,POL3,"Polio, 3rd dose",WUENIC,WHO/UNICEF Estimates of National Immunization Coverage,4607885,3460200,75.1
COUNTRIES,VNM,Viet Nam,2015,HEPB3,"Hepatitis B, 3rd dose",ADMIN,Administrative coverage,2102109,1717930,81.7
COUNTRIES,VNM,Viet Nam,2015,HIB3,"Hib, 3rd dose",ADMIN,Administrative coverage,616819,407052,66.0
COUNTRIES,VNM,Viet Nam,2015,PCV3,"Pneumococcal conjugate vaccine, final dose",ADMIN,Administrative coverage,3848043,2404882,62.5
COUNTRIES,VNM,Viet Nam,2015,ROTAC,"Rotavirus, last dose",ADMIN,Administrative coverage,1300844,726773,55.9
COUNTRIES,VNM,Viet Nam,2016,BCG,BCG vaccine,OFFICIAL,Official coverage,1136985,883794,77.7
COUNTRIES,VNM,Viet Nam,2016,DTPCV1,"DTP-containing vaccine, 1st dose",WUENIC,WHO/UNICEF Estimates of National Immunization Coverage,4234251,2544962,60.1
COUNTRIES,VNM,Viet Nam,2016,DTPCV3,"DTP-containing vaccine, 3rd dose",WUENIC,WHO/UNICEF Estimates of National Immunization Coverage,4325542,3475164,80.3
COUNTRIES,VNM,Viet Nam,2016,MCV1,"Measles-containing vaccine, 1st dose",ADMIN,Administrative coverage,3355141,2962524,88.3
COUNTRIES,VNM,Viet Nam,2016,MCV2,"Measles-containing vaccine, 2nd dose",ADMIN,Administrative coverage,4699292,2406487,51.2
COUNTRIES,VNM,Viet Nam,2016,POL3,"Polio, 3rd dose",WUENIC,WHO/UNICEF Estimates of National Immunization Coverage,2944558,1864923,63.3
COUNTRIES,VNM,Viet Nam,2016,HEPB3,"Hepatitis B, 3rd dose",ADMIN,Administrative coverage,1879484,1212174,64.5
COUNTRIES,VNM,Viet Nam,2016,HIB3,"Hib, 3rd dose",ADMIN,Administrative coverage,3961451,2241372,56.6
COUNTRIES,VNM,Viet Nam,2016,PCV3,"Pneumococcal conjugate vaccine, final dose",WUENIC,WHO/UNICEF Estimates of National Immunization Coverage,1154188,749135,64.9
COUNTRIES,VNM,Viet Nam,2016,ROTAC,"Rotavirus, last dose",WUENIC,WHO/UNICEF Estimates of National Immunization Coverage,2356569,1215305,51.6
COUNTRIES,VNM,Viet Nam,2017,BCG,BCG vaccine,ADMIN,Administrative coverage,1717788,1530132,89.1
COUNTRIES,VNM,Viet Nam,2017,DTPCV1,"DTP-containing vaccine, 1st dose",OFFICIAL,Official coverage,4786912,2860452,59.8
COUNTRIES,VNM,Viet Nam,2017,DTPCV3,"DTP-containing vaccine, 3rd dose",ADMIN,Administrative coverage,3896703,2795114,71.7
COUNTRIES,VNM,Viet Nam,2017,MCV1,"Measles-containing vaccine, 1st dose",WUENIC,WHO/UNICEF Estimates of National Immunization Coverage,3757957,3004750,80.0
COUNTRIES,VNM,Viet Nam,2017,MCV2,"Measles-containing vaccine, 2nd dose",WUENIC,WHO/UNICEF Estimates of National Immunization Coverage,3488856,2085987,59.8
COUNTRIES,VNM,Viet Nam,2017,POL3,"Polio, 3rd dose",WUENIC,WHO/UNICEF Estimates of National Immunization Coverage,3045785,2586559,84.9
COUNTRIES,VNM,Viet Nam,2017,HEPB3,"Hepatitis B, 3rd dose",WUENIC,WHO/UNICEF Estimates of National Immunization Coverage,1876629,1069050,57.0
COUNTRIES,VNM,Viet Nam,2017,HIB3,"Hib, 3rd dose",WUENIC,WHO/UNICEF Estimates of National Immunization Coverage,3753367,2473464,65.9
COUNTRIES,VNM,Viet Nam,2017,PCV3,"Pneumococcal conjugate vaccine, final dose",WUENIC,WHO/UNICEF Estimates of National Immunization Coverage,4856540,2083728,42.9
COUNTRIES,VNM,Viet Nam,2017,ROTAC,"Rotavirus, last dose",ADMIN,Administrative coverage,227476,108040,47.5
COUNTRIES,VNM,Viet Nam,2018,BCG,BCG vaccine,WUENIC,WHO/UNICEF Estimates of National Immunization Coverage,2725877,2000091,73.4
COUNTRIES,VNM,Viet Nam,2018,DTPCV1,"DTP-containing vaccine, 1st dose",OFFICIAL,Official coverage,2999908,2100437,70.0
COUNTRIES,VNM,Viet Nam,2018,DTPCV3,"DTP-containing vaccine, 3rd dose",OFFICIAL,Official coverage,1981441,1413844,71.4
COUNTRIES,VNM,Viet Nam,2018,MCV1,"Measles-containing vaccine, 1st dose",OFFICIAL,Official coverage,892329,576232,64.6
COUNTRIES,VNM,Viet Nam,2018,MCV2,"Measles-containing vaccine, 2nd dose",ADMIN,Administrative coverage,938976,600637,64.0
COUNTRIES,VNM,Viet Nam,2018,POL3,"Polio, 3rd dose",OFFICIAL,Official coverage,1580332,1499899,94.9
COUNTRIES,VNM,Viet Nam,2018,HEPB3,"Hepatitis B, 3rd dose",WUENIC,WHO/UNICEF Estimates of National Immunization Coverage,1083290,671288,62.0
COUNTRIES,VNM,Viet Nam,2018,HIB3,"Hib, 3rd dose",WUENIC,WHO/UNICEF Estimates of National Immunization Coverage,3208546,2200226,68.6
COUNTRIES,VNM,Viet Nam,2018,PCV3,"Pneumococcal conjugate vaccine, final dose",ADMIN,Administrative coverage,4818424,2994869,62.2
COUNTRIES,VNM,Viet Nam,2018,ROTAC,"Rotavirus, last dose",ADMIN,Administrative coverage,4122091,2053927,49.8
COUNTRIES,VNM,Viet Nam,2019,BCG,BCG vaccine,ADMIN,Administrative coverage,3843868,2944121,76.6
COUNTRIES,VNM,Viet Nam,2019,DTPCV1,"DTP-containing vaccine, 1st dose",OFFICIAL,Official coverage,4707448,3687113,78.3
COUNTRIES,VNM,Viet Nam,2019,DTPCV3,"DTP-containing vaccine, 3rd dose",ADMIN,Administrative coverage,4126773,3639581,88.2
COUNTRIES,VNM,Viet Nam,2019,MCV1,"Measles-containing vaccine, 1st dose",ADMIN,Administrative coverage,109072,85190,78.1
COUNTRIES,VNM,Viet Nam,2019,MCV2,"Measles-containing vaccine, 2nd dose",WUENIC,WHO/UNICEF Estimates of National Immunization Coverage,2213843,1416188,64.0
COUNTRIES,VNM,Viet Nam,2019,POL3,"Polio, 3rd dose",ADMIN,Administrative coverage,3527899,2930768,83.1
COUNTRIES,VNM,Viet Nam,2019,HEPB3,"Hepatitis B, 3rd dose",OFFICIAL,Official coverage,4181279,3573663,85.5
COUNTRIES,VNM,Viet Nam,2019,HIB3,"Hib, 3rd dose",WUENIC,WHO/UNICEF Estimates of National Immunization Coverage,2136172,1424279,66.7
COUNTRIES,VNM,Viet Nam,2019,PCV3,"Pneumococcal conjugate vaccine, final dose",ADMIN,Administrative coverage,3292222,1898087,57.7
COUNTRIES,VNM,Viet Nam,2019,ROTAC,"Rotavirus, last dose",ADMIN,Administrative coverage,774071,553827,71.5
COUNTRIES,VNM,Viet Nam,2020,BCG,BCG vaccine,ADMIN,Administrative coverage,452641,331996,73.3
COUNTRIES,VNM,Viet Nam,2020,DTPCV1,"DTP-containing vaccine, 1st dose",OFFICIAL,Official coverage,2949675,1965287,66.6
COUNTRIES,VNM,Viet Nam,2020,DTPCV3,"DTP-containing vaccine, 3rd dose",WUENIC,WHO/UNICEF Estimates of National Immunization Coverage,4899666,4434367,90.5
COUNTRIES,VNM,Viet Nam,2020,MCV1,"Measles-containing vaccine, 1st dose",WUENIC,WHO/UNICEF Estimates of National Immunization Coverage,2817549,2256747,80.1
COUNTRIES,VNM,Viet Nam,2020,MCV2,"Measles-containing vaccine, 2nd dose",WUENIC,WHO/UNICEF Estimates of National Immunization Coverage,2264178,1134738,50.1
COUNTRIES,VNM,Viet Nam,2020,POL3,"Polio, 3rd dose",WUENIC,WHO/UNICEF Estimates of National Immunization Coverage,1990483,1934467,97.2
COUNTRIES,VNM,Viet Nam,2020,HEPB3,"Hepatitis B, 3rd dose",WUENIC,WHO/UNICEF Estimates of National Immunization Coverage,537335,368566,68.6
COUNTRIES,VNM,Viet Nam,2020,HIB3,"Hib, 3rd dose",OFFICIAL,Official coverage,3890507,2784531,71.6
COUNTRIES,VNM,Viet Nam,2020,PCV3,"Pneumococcal conjugate vaccine, final dose",ADMIN,Administrative coverage,2176028,1102547,50.7
COUNTRIES,VNM,Viet Nam,2020,ROTAC,"Rotavirus, last dose",ADMIN,Administrative coverage,2399465,1736646,72.4
COUNTRIES,VNM,Viet Nam,2021,BCG,BCG vaccine,WUENIC,WHO/UNICEF Estimates of National Immunization Coverage,3149449,2225600,70.7
COUNTRIES,VNM,Viet Nam,2021,DTPCV1,"DTP-containing vaccine, 1st dose",WUENIC,WHO/UNICEF Estimates of National Immunization Coverage,4177436,2896996,69.3
COUNTRIES,VNM,Viet Nam,2021,DTPCV3,"DTP-containing vaccine, 3rd dose",OFFICIAL,Official coverage,2515933,2110531,83.9
COUNTRIES,VNM,Viet Nam,2021,MCV1,"Measles-containing vaccine, 1st dose",ADMIN,Administrative coverage,2328845,2037693,87.5
COUNTRIES,VNM,Viet Nam,2021,MCV2,"Measles-containing vaccine, 2nd dose",ADMIN,Administrative coverage,3100798,1257273,40.5
COUNTRIES,VNM,Viet Nam,2021,POL3,"Polio, 3rd dose",WUENIC,WHO/UNICEF Estimates of National Immunization Coverage,4511835,3436927,76.2
COUNTRIES,VNM,Viet Nam,2021,HEPB3,"Hepatitis B, 3rd dose",WUENIC,WHO/UNICEF Estimates of National Immunization Coverage,2801821,2442591,87.2
COUNTRIES,VNM,Viet Nam,2021,HIB3,"Hib, 3rd dose",OFFICIAL,Official coverage,3923770,2946943,75.1
COUNTRIES,VNM,Viet Nam,2021,PCV3,"Pneumococcal conjugate vaccine, final dose",OFFICIAL,Official coverage,2990149,1965430,65.7
COUNTRIES,VNM,Viet Nam,2021,ROTAC,"Rotavirus, last dose",WUENIC,WHO/UNICEF Estimates of National Immunization Coverage,3303965,2001046,60.6
COUNTRIES,VNM,Viet Nam,2022,BCG,BCG vaccine,ADMIN,Administrative coverage,3572348,3035421,85.0
COUNTRIES,VNM,Viet Nam,2022,DTPCV1,"DTP-containing vaccine, 1st dose",OFFICIAL,Official coverage,583037,522758,89.7
COUNTRIES,VNM,Viet Nam,2022,DTPCV3,"DTP-containing vaccine, 3rd dose",OFFICIAL,Official coverage,263933,257767,97.7
COUNTRIES,VNM,Viet Nam,2022,MCV1,"Measles-containing vaccine, 1st dose",ADMIN,Administrative coverage,2735662,1915910,70.0
COUNTRIES,VNM,Viet Nam,2022,MCV2,"Measles-containing vaccine, 2nd dose",WUENIC,WHO/UNICEF Estimates of National Immunization Coverage,305539,196532,64.3
COUNTRIES,VNM,Viet Nam,2022,POL3,"Polio, 3rd dose",ADMIN,Administrative coverage,4226429,3251977,76.9
COUNTRIES,VNM,Viet Nam,2022,HEPB3,"Hepatitis B, 3rd dose",WUENIC,WHO/UNICEF Estimates of National Immunization Coverage,2085030,1437715,69.0
COUNTRIES,VNM,Viet Nam,2022,HIB3,"Hib, 3rd dose",ADMIN,Administrative coverage,2103902,1733900,82.4
COUNTRIES,VNM,Viet Nam,2022,PCV3,"Pneumococcal conjugate vaccine, final dose",WUENIC,WHO/UNICEF Estimates of National Immunization Coverage,2271186,1757761,77.4
COUNTRIES,VNM,Viet Nam,2022,ROTAC,"Rotavirus, last dose",OFFICIAL,Official coverage,2316598,1618633,69.9
COUNTRIES,VNM,Viet Nam,2023,BCG,BCG vaccine,ADMIN,Administrative coverage,4960662,4073666,82.1
COUNTRIES,VNM,Viet Nam,2023,DTPCV1,"DTP-containing vaccine, 1st dose",ADMIN,Administrative coverage,1085108,943302,86.9
COUNTRIES,VNM,Viet Nam,2023,DTPCV3,"DTP-containing vaccine, 3rd dose",WUENIC,WHO/UNICEF Estimates of National Immunization Coverage,528365,444645,84.2
COUNTRIES,VNM,Viet Nam,2023,MCV1,"Measles-containing vaccine, 1st dose",OFFICIAL,Official coverage,1669110,1389531,83.2
COUNTRIES,VNM,Viet Nam,2023,MCV2,"Measles-containing vaccine, 2nd dose",ADMIN,Administrative coverage,663398,487259,73.4
COUNTRIES,VNM,Viet Nam,2023,POL3,"Polio, 3rd dose",ADMIN,Administrative coverage,1816299,1627482,89.6
COUNTRIES,VNM,Viet Nam,2023,HEPB3,"Hepatitis B, 3rd dose",WUENIC,WHO/UNICEF Estimates of National Immunization Coverage,1712656,1386349,80.9
COUNTRIES,VNM,Viet Nam,2023,HIB3,"Hib, 3rd dose",ADMIN,Administrative coverage,610846,434193,71.1
COUNTRIES,VNM,Viet Nam,2023,PCV3,"Pneumococcal conjugate vaccine, final dose",OFFICIAL,Official coverage,2921712,1742368,59.6
COUNTRIES,VNM,Viet Nam,2023,ROTAC,"Rotavirus, last dose",OFFICIAL,Official coverage,4729020,3345479,70.7
COUNTRIES,VNM,Viet Nam,2024,BCG,BCG vaccine,OFFICIAL,Official coverage,827867,793148,95.8
COUNTRIES,VNM,Viet Nam,2024,DTPCV1,"DTP-containing vaccine, 1st dose",ADMIN,Administrative coverage,1810968,1152083,63.6
COUNTRIES,VNM,Viet Nam,2024,DTPCV3,"DTP-containing vaccine, 3rd dose",WUENIC,WHO/UNICEF Estimates of National Immunization Coverage,4377101,4063666,92.8
COUNTRIES,VNM,Viet Nam,2024,MCV1,"Measles-containing vaccine, 1st dose",ADMIN,Administrative coverage,1621853,1409058,86.9
COUNTRIES,VNM,Viet Nam,2024,MCV2,"Measles-containing vaccine, 2nd dose",ADMIN,Administrative coverage,3290216,2502293,76.1
COUNTRIES,VNM,Viet Nam,2024,POL3,"Polio, 3rd dose",OFFICIAL,Official coverage,4137954,3699334,89.4
COUNTRIES,VNM,Viet Nam,2024,HEPB3,"Hepatitis B, 3rd dose",OFFICIAL,Official coverage,972229,816272,84.0
COUNTRIES,VNM,Viet Nam,2024,HIB3,"Hib, 3rd dose",OFFICIAL,Official coverage,2918921,2196547,75.3
COUNTRIES,VNM,Viet Nam,2024,PCV3,"Pneumococcal conjugate vaccine, final dose",OFFICIAL,Official coverage,3053225,1892408,62.0
COUNTRIES,VNM,Viet Nam,2024,ROTAC,"Rotavirus, last dose",OFFICIAL,Official coverage,3628478,1897480,52.3
COUNTRIES,TUR,Turkey,2010,BCG,BCG vaccine,WUENIC,WHO/UNICEF Estimates of National Immunization Coverage,4752034,2796929,58.9
COUNTRIES,TUR,Turkey,2010,DTPCV1,"DTP-containing vaccine, 1st dose",ADMIN,Administrative coverage,1161766,582761,50.2
COUNTRIES,TUR,Turkey,2010,DTPCV3,"DTP-containing vaccine, 3rd dose",ADMIN,Administrative coverage,3471147,2608692,75.2
COUNTRIES,TUR,Turkey,2010,MCV1,"Measles-containing vaccine, 1st dose",WUENIC,WHO/UNICEF Estimates of National Immunization Coverage,2995759,1956311,65.3
COUNTRIES,TUR,Turkey,2010,MCV2,"Measles-containing vaccine, 2nd dose",WUENIC,WHO/UNICEF Estimates of National Immunization Coverage,3402921,1302763,38.3
COUNTRIES,TUR,Turkey,2010,POL3,"Polio, 3rd dose",OFFICIAL,Official coverage,4888094,3897558,79.7
COUNTRIES,TUR,Turkey,2010,HEPB3,"Hepatitis B, 3rd dose",ADMIN,Administrative coverage,3502097,2258473,64.5
COUNTRIES,TUR,Turkey,2010,HIB3,"Hib, 3rd dose",ADMIN,Administrative coverage,1998058,1345144,67.3
COUNTRIES,TUR,Turkey,2010,PCV3,"Pneumococcal conjugate vaccine, final dose",ADMIN,Administrative coverage,672207,261953,39.0
COUNTRIES,TUR,Turkey,2010,ROTAC,"Rotavirus, last dose",ADMIN,Administrative coverage,2996878,1440336,48.1
COUNTRIES,TUR,Turkey,2011,BCG,BCG vaccine,ADMIN,Administrative coverage,2035500,1220313,60.0
COUNTRIES,TUR,Turkey,2011,DTPCV1,"DTP-containing vaccine, 1st dose",OFFICIAL,Official coverage,3690377,2287849,62.0
COUNTRIES,TUR,Turkey,2011,DTPCV3,"DTP-containing vaccine, 3rd dose",WUENIC,WHO/UNICEF Estimates of National Immunization Coverage,3072345,2144158,69.8
COUNTRIES,TUR,Turkey,2011,MCV1,"Measles-containing vaccine, 1st dose",ADMIN,Administrative coverage,1408454,1116376,79.3
COUNTRIES,TUR,Turkey,2011,MCV2,"Measles-containing vaccine, 2nd dose",WUENIC,WHO/UNICEF Estimates of National Immunization Coverage,3921018,1847352,47.1
COUNTRIES,TUR,Turkey,2011,POL3,"Polio, 3rd dose",ADMIN,Administrative coverage,3148350,1902378,60.4
COUNTRIES,TUR,Turkey,2011,HEPB3,"Hepatitis B, 3rd dose",ADMIN,Administrative coverage,3627643,2168453,59.8
COUNTRIES,TUR,Turkey,2011,HIB3,"Hib, 3rd dose",ADMIN,Administrative coverage,167408,113161,67.6
COUNTRIES,TUR,Turkey,2011,PCV3,"Pneumococcal conjugate vaccine, final dose",WUENIC,WHO/UNICEF Estimates of National Immunization Coverage,3485504,1259865,36.1
COUNTRIES,TUR,Turkey,2011,ROTAC,"Rotavirus, last dose",WUENIC,WHO/UNICEF Estimates of National Immunization Coverage,367798,168550,45.8
COUNTRIES,TUR,Turkey,2012,BCG,BCG vaccine,OFFICIAL,Official coverage,1157177,906893,78.4
COUNTRIES,TUR,Turkey,2012,DTPCV1,"DTP-containing vaccine, 1st dose",ADMIN,Administrative coverage,4965379,3348173,67.4
COUNTRIES,TUR,Turkey,2012,DTPCV3,"DTP-containing vaccine, 3rd dose",ADMIN,Administrative coverage,3969736,3200686,80.6
COUNTRIES,TUR,Turkey,2012,MCV1,"Measles-containing vaccine, 1st dose",OFFICIAL,Official coverage,4226852,3364990,79.6
COUNTRIES,TUR,Turkey,2012,MCV2,"Measles-containing vaccine, 2nd dose",ADMIN,Administrative coverage,1949955,746787,38.3
COUNTRIES,TUR,Turkey,2012,POL3,"Polio, 3rd dose",ADMIN,Administrative coverage,722225,569048,78.8
COUNTRIES,TUR,Turkey,2012,HEPB3,"Hepatitis B, 3rd dose",WUENIC,WHO/UNICEF Estimates of National Immunization Coverage,2174365,911539,41.9
COUNTRIES,TUR,Turkey,2012,HIB3,"Hib, 3rd dose",OFFICIAL,Official coverage,2665880,1566342,58.8
COUNTRIES,TUR,Turkey,2012,PCV3,"Pneumococcal conjugate vaccine, final dose",OFFICIAL,Official coverage,3385705,1624776,48.0
COUNTRIES,TUR,Turkey,2012,ROTAC,"Rotavirus, last dose",WUENIC,WHO/UNICEF Estimates of National Immunization Coverage,4968580,2831780,57.0
COUNTRIES,TUR,Turkey,2013,BCG,BCG vaccine,OFFICIAL,Official coverage,1657245,1118528,67.5
COUNTRIES,TUR,Turkey,2013,DTPCV1,"DTP-containing vaccine, 1st dose",ADMIN,Administrative coverage,534427,283532,53.1
COUNTRIES,TUR,Turkey,2013,DTPCV3,"DTP-containing vaccine, 3rd dose",OFFICIAL,Official coverage,4768740,3403574,71.4
COUNTRIES,TUR,Turkey,2013,MCV1,"Measles-containing vaccine, 1st dose",WUENIC,WHO/UNICEF Estimates of National Immunization Coverage,1159229,886080,76.4
COUNTRIES,TUR,Turkey,2013,MCV2,"Measles-containing vaccine, 2nd dose",WUENIC,WHO/UNICEF Estimates of National Immunization Coverage,2139884,975764,45.6
COUNTRIES,TUR,Turkey,2013,POL3,"Polio, 3rd dose",ADMIN,Administrative coverage,4871699,3069656,63.0
COUNTRIES,TUR,Turkey,2013,HEPB3,"Hepatitis B, 3rd dose",ADMIN,Administrative coverage,1546030,758437,49.1
COUNTRIES,TUR,Turkey,2013,HIB3,"Hib, 3rd dose",OFFICIAL,Official coverage,3749397,2196311,58.6
COUNTRIES,TUR,Turkey,2013,PCV3,"Pneumococcal conjugate vaccine, final dose",WUENIC,WHO/UNICEF Estimates of National Immunization Coverage,380328,212497,55.9
COUNTRIES,TUR,Turkey,2013,ROTAC,"Rotavirus, last dose",ADMIN,Administrative coverage,3248454,1814881,55.9
COUNTRIES,TUR,Turkey,2014,BCG,BCG vaccine,WUENIC,WHO/UNICEF Estimates of National Immunization Coverage,2335362,1455836,62.3
COUNTRIES,TUR,Turkey,2014,DTPCV1,"DTP-containing vaccine, 1st dose",WUENIC,WHO/UNICEF Estimates of National Immunization Coverage,3276585,1932988,59.0
COUNTRIES,TUR,Turkey,2014,DTPCV3,"DTP-containing vaccine, 3rd dose",OFFICIAL,Official coverage,3086773,2203560,71.4
COUNTRIES,TUR,Turkey,2014,MCV1,"Measles-containing vaccine, 1st dose",OFFICIAL,Official coverage,1561710,1094701,70.1
COUNTRIES,TUR,Turkey,2014,MCV2,"Measles-containing vaccine, 2nd dose",ADMIN,Administrative coverage,882230,360434,40.9
COUNTRIES,TUR,Turkey,2014,POL3,"Polio, 3rd dose",ADMIN,Administrative coverage,3238741,2417847,74.7
COUNTRIES,TUR,Turkey,2014,HEPB3,"Hepatitis B, 3rd dose",OFFICIAL,Official coverage,1456819,940210,64.5
COUNTRIES,TUR,Turkey,2014,HIB3,"Hib, 3rd dose",ADMIN,Administrative coverage,2429093,1490577,61.4
COUNTRIES,TUR,Turkey,2014,PCV3,"Pneumococcal conjugate vaccine, final dose",ADMIN,Administrative coverage,4552748,2283670,50.2
COUNTRIES,TUR,Turkey,2014,ROTAC,"Rotavirus, last dose",WUENIC,WHO/UNICEF Estimates of National Immunization Coverage,4291244,2398905,55.9
COUNTRIES,TUR,Turkey,2015,BCG,BCG vaccine,ADMIN,Administrative coverage,3954840,2973766,75.2
COUNTRIES,TUR,Turkey,2015,DTPCV1,"DTP-containing vaccine, 1st dose",WUENIC,WHO/UNICEF Estimates of National Immunization Coverage,2494149,1727606,69.3
COUNTRIES,TUR,Turkey,2015,DTPCV3,"DTP-containing vaccine, 3rd dose",OFFICIAL,Official coverage,2004702,1563928,78.0
COUNTRIES,TUR,Turkey,2015,MCV1,"Measles-containing vaccine, 1st dose",ADMIN,Administrative coverage,849717,637689,75.0
COUNTRIES,TUR,Turkey,2015,MCV2,"Measles-containing vaccine, 2nd dose",WUENIC,WHO/UNICEF Estimates of National Immunization Coverage,971806,540874,55.7
COUNTRIES,TUR,Turkey,2015,POL3,"Polio, 3rd dose",WUENIC,WHO/UNICEF Estimates of National Immunization Coverage,1243728,921527,74.1
COUNTRIES,TUR,Turkey,2015,HEPB3,"Hepatitis B, 3rd dose",WUENIC,WHO/UNICEF Estimates of National Immunization Coverage,1554329,790557,50.9
COUNTRIES,TUR,Turkey,2015,HIB3,"Hib, 3rd dose",WUENIC,WHO/UNICEF Estimates of National Immunization Coverage,2618921,1506644,57.5
COUNTRIES,TUR,Turkey,2015,PCV3,"Pneumococcal conjugate vaccine, final dose",WUENIC,WHO/UNICEF Estimates of National Immunization Coverage,4862940,2296289,47.2
COUNTRIES,TUR,Turkey,2015,ROTAC,"Rotavirus, last dose",ADMIN,Administrative coverage,2583573,1580043,61.2
COUNTRIES,TUR,Turkey,2016,BCG,BCG vaccine,ADMIN,Administrative coverage,3162734,2417568,76.4
COUNTRIES,TUR,Turkey,2016,DTPCV1,"DTP-containing vaccine, 1st dose",ADMIN,Administrative coverage,1766548,790697,44.8
COUNTRIES,TUR,Turkey,2016,DTPCV3,"DTP-containing vaccine, 3rd dose",OFFICIAL,Official coverage,1068143,831452,77.8
COUNTRIES,TUR,Turkey,2016,MCV1,"Measles-containing vaccine, 1st dose",OFFICIAL,Official coverage,87361,69315,79.3
COUNTRIES,TUR,Turkey,2016,MCV2,"Measles-containing vaccine, 2nd dose",ADMIN,Administrative coverage,3513227,1781750,50.7
COUNTRIES,TUR,Turkey,2016,POL3,"Polio, 3rd dose",OFFICIAL,Official coverage,671531,538312,80.2
COUNTRIES,TUR,Turkey,2016,HEPB3,"Hepatitis B, 3rd dose",WUENIC,WHO/UNICEF Estimates of National Immunization Coverage,3454158,2288045,66.2
COUNTRIES,TUR,Turkey,2016,HIB3,"Hib, 3rd dose",WUENIC,WHO/UNICEF Estimates of National Immunization Coverage,2671872,1764523,66.0
COUNTRIES,TUR,Turkey,2016,PCV3,"Pneumococcal conjugate vaccine, final dose",OFFICIAL,Official coverage,2915728,1641897,56.3
COUNTRIES,TUR,Turkey,2016,ROTAC,"Rotavirus, last dose",OFFICIAL,Official coverage,2600552,1383604,53.2
COUNTRIES,TUR,Turkey,2017,BCG,BCG vaccine,WUENIC,WHO/UNICEF Estimates of National Immunization Coverage,1411968,990988,70.2
COUNTRIES,TUR,Turkey,2017,DTPCV1,"DTP-containing vaccine, 1st dose",ADMIN,Administrative coverage,3650200,2772988,76.0
COUNTRIES,TUR,Turkey,2017,DTPCV3,"DTP-containing vaccine, 3rd dose",OFFICIAL,Official coverage,2751243,2019662,73.4
COUNTRIES,TUR,Turkey,2017,MCV1,"Measles-containing vaccine, 1st dose",WUENIC,WHO/UNICEF Estimates of National Immunization Coverage,3577089,2464214,68.9
COUNTRIES,TUR,Turkey,2017,MCV2,"Measles-containing vaccine, 2nd dose",ADMIN,Administrative coverage,3038088,1081297,35.6
COUNTRIES,TUR,Turkey,2017,POL3,"Polio, 3rd dose",OFFICIAL,Official coverage,1951737,1491603,76.4
COUNTRIES,TUR,Turkey,2017,HEPB3,"Hepatitis B, 3rd dose",ADMIN,Administrative coverage,2397855,1391085,58.0
COUNTRIES,TUR,Turkey,2017,HIB3,"Hib, 3rd dose",ADMIN,Administrative coverage,2000408,1352358,67.6
COUNTRIES,TUR,Turkey,2017,PCV3,"Pneumococcal conjugate vaccine, final dose",ADMIN,Administrative coverage,3644128,1587726,43.6
COUNTRIES,TUR,Turkey,2017,ROTAC,"Rotavirus, last dose",ADMIN,Administrative coverage,3945090,2710330,68.7
COUNTRIES,TUR,Turkey,2018,BCG,BCG vaccine,ADMIN,Administrative coverage,86382,72961,84.5
COUNTRIES,TUR,Turkey,2018,DTPCV1,"DTP-containing vaccine, 1st dose",ADMIN,Administrative coverage,1324856,749566,56.6
COUNTRIES,TUR,Turkey,2018,DTPCV3,"DTP-containing vaccine, 3rd dose",WUENIC,WHO/UNICEF Estimates of National Immunization Coverage,3979268,3272370,82.2
COUNTRIES,TUR,Turkey,2018,MCV1,"Measles-containing vaccine, 1st dose",OFFICIAL,Official coverage,883142,642347,72.7
COUNTRIES,TUR,Turkey,2018,MCV2,"Measles-containing vaccine, 2nd dose",WUENIC,WHO/UNICEF Estimates of National Immunization Coverage,3732796,2584435,69.2
COUNTRIES,TUR,Turkey,2018,POL3,"Polio, 3rd dose",ADMIN,Administrative coverage,227946,205914,90.3
COUNTRIES,TUR,Turkey,2018,HEPB3,"Hepatitis B, 3rd dose",ADMIN,Administrative coverage,914899,629371,68.8
COUNTRIES,TUR,Turkey,2018,HIB3,"Hib, 3rd dose",WUENIC,WHO/UNICEF Estimates of National Immunization Coverage,3968198,2490111,62.8
COUNTRIES,TUR,Turkey,2018,PCV3,"Pneumococcal conjugate vaccine, final dose",WUENIC,WHO/UNICEF Estimates of National Immunization Coverage,493035,356473,72.3
COUNTRIES,TUR,Turkey,2018,ROTAC,"Rotavirus, last dose",ADMIN,Administrative coverage,739317,292842,39.6
COUNTRIES,TUR,Turkey,2019,BCG,BCG vaccine,WUENIC,WHO/UNICEF Estimates of National Immunization Coverage,801240,586280,73.2
COUNTRIES,TUR,Turkey,2019,DTPCV1,"DTP-containing vaccine, 1st dose",OFFICIAL,Official coverage,1591121,1131741,71.1
COUNTRIES,TUR,Turkey,2019,DTPCV3,"DTP-containing vaccine, 3rd dose",ADMIN,Administrative coverage,2903501,2204718,75.9
COUNTRIES,TUR,Turkey,2019,MCV1,"Measles-containing vaccine, 1st dose",ADMIN,Administrative coverage,1947459,1666628,85.6
COUNTRIES,TUR,Turkey,2019,MCV2,"Measles-containing vaccine, 2nd dose",WUENIC,WHO/UNICEF Estimates of National Immunization Coverage,1265442,613757,48.5
COUNTRIES,TUR,Turkey,2019,POL3,"Polio, 3rd dose",OFFICIAL,Official coverage,2641318,2149454,81.4
COUNTRIES,TUR,Turkey,2019,HEPB3,"Hepatitis B, 3rd dose",ADMIN,Administrative coverage,4297328,3391397,78.9
COUNTRIES,TUR,Turkey,2019,HIB3,"Hib, 3rd dose",WUENIC,WHO/UNICEF Estimates of National Immunization Coverage,3801387,2333607,61.4
COUNTRIES,TUR,Turkey,2019,PCV3,"Pneumococcal conjugate vaccine, final dose",ADMIN,Administrative coverage,533791,265158,49.7
COUNTRIES,TUR,Turkey,2019,ROTAC,"Rotavirus, last dose",OFFICIAL,Official coverage,711259,462776,65.1
COUNTRIES,TUR,Turkey,2020,BCG,BCG vaccine,OFFICIAL,Official coverage,1006277,996214,99.0
COUNTRIES,TUR,Turkey,2020,DTPCV1,"DTP-containing vaccine, 1st dose",ADMIN,Administrative coverage,3068967,2182203,71.1
COUNTRIES,TUR,Turkey,2020,DTPCV3,"DTP-containing vaccine, 3rd dose",OFFICIAL,Official coverage,1583017,1098979,69.4
COUNTRIES,TUR,Turkey,2020,MCV1,"Measles-containing vaccine, 1st dose",OFFICIAL,Official coverage,697122,542687,77.8
COUNTRIES,TUR,Turkey,2020,MCV2,"Measles-containing vaccine, 2nd dose",ADMIN,Administrative coverage,1927329,1092360,56.7
COUNTRIES,TUR,Turkey,2020,POL3,"Polio, 3rd dose",WUENIC,WHO/UNICEF Estimates of National Immunization Coverage,4113903,3744151,91.0
COUNTRIES,TUR,Turkey,2020,HEPB3,"Hepatitis B, 3rd dose",OFFICIAL,Official coverage,4009015,2380137,59.4
COUNTRIES,TUR,Turkey,2020,HIB3,"Hib, 3rd dose",OFFICIAL,Official coverage,246211,167637,68.1
COUNTRIES,TUR,Turkey,2020,PCV3,"Pneumococcal conjugate vaccine, final dose",ADMIN,Administrative coverage,2287699,1687848,73.8
COUNTRIES,TUR,Turkey,2020,ROTAC,"Rotavirus, last dose",ADMIN,Administrative coverage,4637281,2856430,61.6
COUNTRIES,TUR,Turkey,2021,BCG,BCG vaccine,WUENIC,WHO/UNICEF Estimates of National Immunization Coverage,427332,413539,96.8
COUNTRIES,TUR,Turkey,2021,DTPCV1,"DTP-containing vaccine, 1st dose",ADMIN,Administrative coverage,4022162,2786931,69.3
COUNTRIES,TUR,Turkey,2021,DTPCV3,"DTP-containing vaccine, 3rd dose",OFFICIAL,Official coverage,4222060,3688243,87.4
COUNTRIES,TUR,Turkey,2021,MCV1,"Measles-containing vaccine, 1st dose",WUENIC,WHO/UNICEF Estimates of National Immunization Coverage,1018410,893971,87.8
COUNTRIES,TUR,Turkey,2021,MCV2,"Measles-containing vaccine, 2nd dose",ADMIN,Administrative coverage,2649087,1732629,65.4
COUNTRIES,TUR,Turkey,2021,POL3,"Polio, 3rd dose",WUENIC,WHO/UNICEF Estimates of National Immunization Coverage,1928292,1909009,99.0
COUNTRIES,TUR,Turkey,2021,HEPB3,"Hepatitis B, 3rd dose",OFFICIAL,Official coverage,192617,112270,58.3
COUNTRIES,TUR,Turkey,2021,HIB3,"Hib, 3rd dose",ADMIN,Administrative coverage,1080120,733643,67.9
COUNTRIES,TUR,Turkey,2021,PCV3,"Pneumococcal conjugate vaccine, final dose",ADMIN,Administrative coverage,1514123,973110,64.3
COUNTRIES,TUR,Turkey,2021,ROTAC,"Rotavirus, last dose",ADMIN,Administrative coverage,4586363,3216093,70.1
COUNTRIES,TUR,Turkey,2022,BCG,BCG vaccine,WUENIC,WHO/UNICEF Estimates of National Immunization Coverage,3151004,2796328,88.7
COUNTRIES,TUR,Turkey,2022,DTPCV1,"DTP-containing vaccine, 1st dose",ADMIN,Administrative coverage,3950838,2916500,73.8
COUNTRIES,TUR,Turkey,2022,DTPCV3,"DTP-containing vaccine, 3rd dose",OFFICIAL,Official coverage,1006740,684756,68.0
COUNTRIES,TUR,Turkey,2022,MCV1,"Measles-containing vaccine, 1st dose",OFFICIAL,Official coverage,4545433,4113797,90.5
COUNTRIES,TUR,Turkey,2022,MCV2,"Measles-containing vaccine, 2nd dose",ADMIN,Administrative coverage,890268,419151,47.1
COUNTRIES,TUR,Turkey,2022,POL3,"Polio, 3rd dose",ADMIN,Administrative coverage,102635,84777,82.6
COUNTRIES,TUR,Turkey,2022,HEPB3,"Hepatitis B, 3rd dose",WUENIC,WHO/UNICEF Estimates of National Immunization Coverage,4025904,2995418,74.4
COUNTRIES,TUR,Turkey,2022,HIB3,"Hib, 3rd dose",WUENIC,WHO/UNICEF Estimates of National Immunization Coverage,4128140,3083432,74.7
COUNTRIES,TUR,Turkey,2022,PCV3,"Pneumococcal conjugate vaccine, final dose",ADMIN,Administrative coverage,3515685,1963455,55.8
COUNTRIES,TUR,Turkey,2022,ROTAC,"Rotavirus, last dose",OFFICIAL,Official coverage,965767,648938,67.2
COUNTRIES,TUR,Turkey,2023,BCG,BCG vaccine,WUENIC,WHO/UNICEF Estimates of National Immunization Coverage,3092244,2809975,90.9
COUNTRIES,TUR,Turkey,2023,DTPCV1,"DTP-containing vaccine, 1st dose",ADMIN,Administrative coverage,3693512,1992634,53.9
COUNTRIES,TUR,Turkey,2023,DTPCV3,"DTP-containing vaccine, 3rd dose",ADMIN,Administrative coverage,813361,774310,95.2
COUNTRIES,TUR,Turkey,2023,MCV1,"Measles-containing vaccine, 1st dose",OFFICIAL,Official coverage,4005199,3239044,80.9
COUNTRIES,TUR,Turkey,2023,MCV2,"Measles-containing vaccine, 2nd dose",OFFICIAL,Official coverage,3318896,1992305,60.0
COUNTRIES,TUR,Turkey,2023,POL3,"Polio, 3rd dose",ADMIN,Administrative coverage,2904135,2451256,84.4
COUNTRIES,TUR,Turkey,2023,HEPB3,"Hepatitis B, 3rd dose",OFFICIAL,Official coverage,448422,258249,57.6
COUNTRIES,TUR,Turkey,2023,HIB3,"Hib, 3rd dose",WUENIC,WHO/UNICEF Estimates of National Immunization Coverage,1398416,1024785,73.3
COUNTRIES,TUR,Turkey,2023,PCV3,"Pneumococcal conjugate vaccine, final dose",OFFICIAL,Official coverage,1725259,1126996,65.3
COUNTRIES,TUR,Turkey,2023,ROTAC,"Rotavirus, last dose",WUENIC,WHO/UNICEF Estimates of National Immunization Coverage,477479,219581,46.0
COUNTRIES,TUR,Turkey,2024,BCG,BCG vaccine,OFFICIAL,Official coverage,1410764,1396656,99.0
COUNTRIES,TUR,Turkey,2024,DTPCV1,"DTP-containing vaccine, 1st dose",ADMIN,Administrative coverage,3297727,2978947,90.3
COUNTRIES,TUR,Turkey,2024,DTPCV3,"DTP-containing vaccine, 3rd dose",OFFICIAL,Official coverage,612834,545786,89.1
COUNTRIES,TUR,Turkey,2024,MCV1,"Measles-containing vaccine, 1st dose",WUENIC,WHO/UNICEF Estimates of National Immunization Coverage,780559,724790,92.9
COUNTRIES,TUR,Turkey,2024,MCV2,"Measles-containing vaccine, 2nd dose",ADMIN,Administrative coverage,1912015,1093878,57.2
COUNTRIES,TUR,Turkey,2024,POL3,"Polio, 3rd dose",WUENIC,WHO/UNICEF Estimates of National Immunization Coverage,2055464,1588104,77.3
COUNTRIES,TUR,Turkey,2024,HEPB3,"Hepatitis B, 3rd dose",ADMIN,Administrative coverage,1332322,1027124,77.1
COUNTRIES,TUR,Turkey,2024,HIB3,"Hib, 3rd dose",ADMIN,Administrative coverage,1058507,806614,76.2
COUNTRIES,TUR,Turkey,2024,PCV3,"Pneumococcal conjugate vaccine, final dose",WUENIC,WHO/UNICEF Estimates of National Immunization Coverage,1811987,1272869,70.2
COUNTRIES,TUR,Turkey,2024,ROTAC,"Rotavirus, last dose",OFFICIAL,Official coverage,3160041,2302567,72.9
COUNTRIES,IRN,Iran (Islamic Republic of),2010,BCG,BCG vaccine,OFFICIAL,Official coverage,566031,496224,87.7
COUNTRIES,IRN,Iran (Islamic Republic of),2010,DTPCV1,"DTP-containing vaccine, 1st dose",OFFICIAL,Official coverage,4912944,2468518,50.2
COUNTRIES,IRN,Iran (Islamic Republic of),2010,DTPCV3,"DTP-containing vaccine, 3rd dose",WUENIC,WHO/UNICEF Estimates of National Immunization Coverage,2724691,2205491,80.9
COUNTRIES,IRN,Iran (Islamic Republic of),2010,MCV1,"Measles-containing vaccine, 1st dose",ADMIN,Administrative coverage,504623,358318,71.0
COUNTRIES,IRN,Iran (Islamic Republic of),2010,MCV2,"Measles-containing vaccine, 2nd dose",WUENIC,WHO/UNICEF Estimates of National Immunization Coverage,1360646,435699,32.0
COUNTRIES,IRN,Iran (Islamic Republic of),2010,POL3,"Polio, 3rd dose",WUENIC,WHO/UNICEF Estimates of National Immunization Coverage,1463285,895173,61.2
COUNTRIES,IRN,Iran (Islamic Republic of),2010,HEPB3,"Hepatitis B, 3rd dose",ADMIN,Administrative coverage,1380657,835116,60.5
COUNTRIES,IRN,Iran (Islamic Republic of),2010,HIB3,"Hib, 3rd dose",ADMIN,Administrative coverage,995161,375873,37.8
COUNTRIES,IRN,Iran (Islamic Republic of),2010,PCV3,"Pneumococcal conjugate vaccine, final dose",WUENIC,WHO/UNICEF Estimates of National Immunization Coverage,2757133,1749161,63.4
COUNTRIES,IRN,Iran (Islamic Republic of),2010,ROTAC,"Rotavirus, last dose",ADMIN,Administrative coverage,103010,44622,43.3
COUNTRIES,IRN,Iran (Islamic Republic of),2011,BCG,BCG vaccine,OFFICIAL,Official coverage,957272,691669,72.3
COUNTRIES,IRN,Iran (Islamic Republic of),2011,DTPCV1,"DTP-containing vaccine, 1st dose",WUENIC,WHO/UNICEF Estimates of National Immunization Coverage,953057,459460,48.2
COUNTRIES,IRN,Iran (Islamic Republic of),2011,DTPCV3,"DTP-containing vaccine, 3rd dose",WUENIC,WHO/UNICEF Estimates of National Immunization Coverage,4036464,3047079,75.5
COUNTRIES,IRN,Iran (Islamic Republic of),2011,MCV1,"Measles-containing vaccine, 1st dose",WUENIC,WHO/UNICEF Estimates of National Immunization Coverage,1638049,1269977,77.5
COUNTRIES,IRN,Iran (Islamic Republic of),2011,MCV2,"Measles-containing vaccine, 2nd dose",WUENIC,WHO/UNICEF Estimates of National Immunization Coverage,1863948,671544,36.0
COUNTRIES,IRN,Iran (Islamic Republic of),2011,POL3,"Polio, 3rd dose",ADMIN,Administrative coverage,267767,178335,66.6
COUNTRIES,IRN,Iran (Islamic Republic of),2011,HEPB3,"Hepatitis B, 3rd dose",WUENIC,WHO/UNICEF Estimates of National Immunization Coverage,696004,424451,61.0
COUNTRIES,IRN,Iran (Islamic Republic of),2011,HIB3,"Hib, 3rd dose",WUENIC,WHO/UNICEF Estimates of National Immunization Coverage,1783391,971445,54.5
COUNTRIES,IRN,Iran (Islamic Republic of),2011,PCV3,"Pneumococcal conjugate vaccine, final dose",ADMIN,Administrative coverage,144702,54389,37.6
COUNTRIES,IRN,Iran (Islamic Republic of),2011,ROTAC,"Rotavirus, last dose",WUENIC,WHO/UNICEF Estimates of National Immunization Coverage,4803214,1991054,41.5
COUNTRIES,IRN,Iran (Islamic Republic of),2012,BCG,BCG vaccine,OFFICIAL,Official coverage,3313647,2038461,61.5
COUNTRIES,IRN,Iran (Islamic Republic of),2012,DTPCV1,"DTP-containing vaccine, 1st dose",ADMIN,Administrative coverage,1010655,539337,53.4
COUNTRIES,IRN,Iran (Islamic Republic of),2012,DTPCV3,"DTP-containing vaccine, 3rd dose",WUENIC,WHO/UNICEF Estimates of National Immunization Coverage,2191924,1589807,72.5
COUNTRIES,IRN,Iran (Islamic Republic of),2012,MCV1,"Measles-containing vaccine, 1st dose",ADMIN,Administrative coverage,2077787,1591009,76.6
COUNTRIES,IRN,Iran (Islamic Republic of),2012,MCV2,"Measles-containing vaccine, 2nd dose",OFFICIAL,Official coverage,977281,390715,40.0
COUNTRIES,IRN,Iran (Islamic Republic of),2012,POL3,"Polio, 3rd dose",OFFICIAL,Official coverage,2923382,2049975,70.1
COUNTRIES,IRN,Iran (Islamic Republic of),2012,HEPB3,"Hepatitis B, 3rd dose",WUENIC,WHO/UNICEF Estimates of National Immunization Coverage,3821414,2266054,59.3
COUNTRIES,IRN,Iran (Islamic Republic of),2012,HIB3,"Hib, 3rd dose",ADMIN,Administrative coverage,2880095,1426839,49.5
COUNTRIES,IRN,Iran (Islamic Republic of),2012,PCV3,"Pneumococcal conjugate vaccine, final dose",OFFICIAL,Official coverage,1361414,574646,42.2
COUNTRIES,IRN,Iran (Islamic Republic of),2012,ROTAC,"Rotavirus, last dose",ADMIN,Administrative coverage,3912230,1717533,43.9
COUNTRIES,IRN,Iran (Islamic Republic of),2013,BCG,BCG vaccine,ADMIN,Administrative coverage,4775296,3887107,81.4
COUNTRIES,IRN,Iran (Islamic Republic of),2013,DTPCV1,"DTP-containing vaccine, 1st dose",WUENIC,WHO/UNICEF Estimates of National Immunization Coverage,4210244,1934195,45.9
COUNTRIES,IRN,Iran (Islamic Republic of),2013,DTPCV3,"DTP-containing vaccine, 3rd dose",WUENIC,WHO/UNICEF Estimates of National Immunization Coverage,4009978,3176266,79.2
COUNTRIES,IRN,Iran (Islamic Republic of),2013,MCV1,"Measles-containing vaccine, 1st dose",OFFICIAL,Official coverage,3473604,2790233,80.3
COUNTRIES,IRN,Iran (Islamic Republic of),2013,MCV2,"Measles-containing vaccine, 2nd dose",WUENIC,WHO/UNICEF Estimates of National Immunization Coverage,1894348,967805,51.1
COUNTRIES,IRN,Iran (Islamic Republic of),2013,POL3,"Polio, 3rd dose",WUENIC,WHO/UNICEF Estimates of National Immunization Coverage,172366,125723,72.9
COUNTRIES,IRN,Iran (Islamic Republic of),2013,HEPB3,"Hepatitis B, 3rd dose",ADMIN,Administrative coverage,1589152,1089628,68.6
COUNTRIES,IRN,Iran (Islamic Republic of),2013,HIB3,"Hib, 3rd dose",ADMIN,Administrative coverage,4779124,2379446,49.8
COUNTRIES,IRN,Iran (Islamic Republic of),2013,PCV3,"Pneumococcal conjugate vaccine, final dose",WUENIC,WHO/UNICEF Estimates of National Immunization Coverage,1085340,491721,45.3
COUNTRIES,IRN,Iran (Islamic Republic of),2013,ROTAC,"Rotavirus, last dose",OFFICIAL,Official coverage,50209,20998,41.8
COUNTRIES,IRN,Iran (Islamic Republic of),2014,BCG,BCG vaccine,OFFICIAL,Official coverage,2953561,2256361,76.4
COUNTRIES,IRN,Iran (Islamic Republic of),2014,DTPCV1,"DTP-containing vaccine, 1st dose",WUENIC,WHO/UNICEF Estimates of National Immunization Coverage,57399,38330,66.8
COUNTRIES,IRN,Iran (Islamic Republic of),2014,DTPCV3,"DTP-containing vaccine, 3rd dose",OFFICIAL,Official coverage,2245814,1568157,69.8
COUNTRIES,IRN,Iran (Islamic Republic of),2014,MCV1,"Measles-containing vaccine, 1st dose",WUENIC,WHO/UNICEF Estimates of National Immunization Coverage,1084023,777757,71.7
COUNTRIES,IRN,Iran (Islamic Republic of),2014,MCV2,"Measles-containing vaccine, 2nd dose",WUENIC,WHO/UNICEF Estimates of National Immunization Coverage,443545,203343,45.8
COUNTRIES,IRN,Iran (Islamic Republic of),2014,POL3,"Polio, 3rd dose",WUENIC,WHO/UNICEF Estimates of National Immunization Coverage,1614458,1282323,79.4
COUNTRIES,IRN,Iran (Islamic Republic of),2014,HEPB3,"Hepatitis B, 3rd dose",WUENIC,WHO/UNICEF Estimates of National Immunization Coverage,1716984,1212465,70.6
COUNTRIES,IRN,Iran (Islamic Republic of),2014,HIB3,"Hib, 3rd dose",ADMIN,Administrative coverage,4248880,2546698,59.9
COUNTRIES,IRN,Iran (Islamic Republic of),2014,PCV3,"Pneumococcal conjugate vaccine, final dose",WUENIC,WHO/UNICEF Estimates of National Immunization Coverage,2582000,1690458,65.5
COUNTRIES,IRN,Iran (Islamic Republic of),2014,ROTAC,"Rotavirus, last dose",OFFICIAL,Official coverage,1649826,915425,55.5
COUNTRIES,IRN,Iran (Islamic Republic of),2015,BCG,BCG vaccine,ADMIN,Administrative coverage,1398483,1044256,74.7
COUNTRIES,IRN,Iran (Islamic Republic of),2015,DTPCV1,"DTP-containing vaccine, 1st dose",ADMIN,Administrative coverage,2271132,1416739,62.4
COUNTRIES,IRN,Iran (Islamic Republic of),2015,DTPCV3,"DTP-containing vaccine, 3rd dose",ADMIN,Administrative coverage,3238027,2666034,82.3
COUNTRIES,IRN,Iran (Islamic Republic of),2015,MCV1,"Measles-containing vaccine, 1st dose",ADMIN,Administrative coverage,258150,166442,64.5
COUNTRIES,IRN,Iran (Islamic Republic of),2015,MCV2,"Measles-containing vaccine, 2nd dose",ADMIN,Administrative coverage,1908777,1059141,55.5
COUNTRIES,IRN,Iran (Islamic Republic of),2015,POL3,"Polio, 3rd dose",WUENIC,WHO/UNICEF Estimates of National Immunization Coverage,4913099,3431801,69.9
COUNTRIES,IRN,Iran (Islamic Republic of),2015,HEPB3,"Hepatitis B, 3rd dose",ADMIN,Administrative coverage,1172207,769994,65.7
COUNTRIES,IRN,Iran (Islamic Republic of),2015,HIB3,"Hib, 3rd dose",OFFICIAL,Official coverage,1865599,1202625,64.5
COUNTRIES,IRN,Iran (Islamic Republic of),2015,PCV3,"Pneumococcal conjugate vaccine, final dose",OFFICIAL,Official coverage,2215456,1175902,53.1
COUNTRIES,IRN,Iran (Islamic Republic of),2015,ROTAC,"Rotavirus, last dose",WUENIC,WHO/UNICEF Estimates of National Immunization Coverage,2202259,1286249,58.4
COUNTRIES,IRN,Iran (Islamic Republic of),2016,BCG,BCG vaccine,ADMIN,Administrative coverage,1755096,1485686,84.6
COUNTRIES,IRN,Iran (Islamic Republic of),2016,DTPCV1,"DTP-containing vaccine, 1st dose",ADMIN,Administrative coverage,2513501,1654485,65.8
COUNTRIES,IRN,Iran (Islamic Republic of),2016,DTPCV3,"DTP-containing vaccine, 3rd dose",ADMIN,Administrative coverage,1636987,1360005,83.1
COUNTRIES,IRN,Iran (Islamic Republic of),2016,MCV1,"Measles-containing vaccine, 1st dose",ADMIN,Administrative coverage,2199151,1609539,73.2
COUNTRIES,IRN,Iran (Islamic Republic of),2016,MCV2,"Measles-containing vaccine, 2nd dose",ADMIN,Administrative coverage,313356,195307,62.3
COUNTRIES,IRN,Iran (Islamic Republic of),2016,POL3,"Polio, 3rd dose",WUENIC,WHO/UNICEF Estimates of National Immunization Coverage,2702808,1861638,68.9
COUNTRIES,IRN,Iran (Islamic Republic of),2016,HEPB3,"Hepatitis B, 3rd dose",WUENIC,WHO/UNICEF Estimates of National Immunization Coverage,2828366,1462879,51.7
COUNTRIES,IRN,Iran (Islamic Republic of),2016,HIB3,"Hib, 3rd dose",WUENIC,WHO/UNICEF Estimates of National Immunization Coverage,1408293,850250,60.4
COUNTRIES,IRN,Iran (Islamic Republic of),2016,PCV3,"Pneumococcal conjugate vaccine, final dose",OFFICIAL,Official coverage,4806497,2551491,53.1
COUNTRIES,IRN,Iran (Islamic Republic of),2016,ROTAC,"Rotavirus, last dose",ADMIN,Administrative coverage,4343900,2397052,55.2
COUNTRIES,IRN,Iran (Islamic Republic of),2017,BCG,BCG vaccine,WUENIC,WHO/UNICEF Estimates of National Immunization Coverage,1901579,1754799,92.3
COUNTRIES,IRN,Iran (Islamic Republic of),2017,DTPCV1,"DTP-containing vaccine, 1st dose",ADMIN,Administrative coverage,1221758,814165,66.6
COUNTRIES,IRN,Iran (Islamic Republic of),2017,DTPCV3,"DTP-containing vaccine, 3rd dose",ADMIN,Administrative coverage,2176869,1612676,74.1
COUNTRIES,IRN,Iran (Islamic Republic of),2017,MCV1,"Measles-containing vaccine, 1st dose",WUENIC,WHO/UNICEF Estimates of National Immunization Coverage,1560902,1113277,71.3
COUNTRIES,IRN,Iran (Islamic Republic of),2017,MCV2,"Measles-containing vaccine, 2nd dose",WUENIC,WHO/UNICEF Estimates of National Immunization Coverage,2498966,1307592,52.3
COUNTRIES,IRN,Iran (Islamic Republic of),2017,POL3,"Polio, 3rd dose",OFFICIAL,Official coverage,1330280,1239121,93.1
COUNTRIES,IRN,Iran (Islamic Republic of),2017,HEPB3,"Hepatitis B, 3rd dose",WUENIC,WHO/UNICEF Estimates of National Immunization Coverage,2900310,1403375,48.4
COUNTRIES,IRN,Iran (Islamic Republic of),2017,HIB3,"Hib, 3rd dose",OFFICIAL,Official coverage,4145228,2666728,64.3
COUNTRIES,IRN,Iran (Islamic Republic of),2017,PCV3,"Pneumococcal conjugate vaccine, final dose",ADMIN,Administrative coverage,498402,302798,60.8
COUNTRIES,IRN,Iran (Islamic Republic of),2017,ROTAC,"Rotavirus, last dose",WUENIC,WHO/UNICEF Estimates of National Immunization Coverage,1810027,1027264,56.8
COUNTRIES,IRN,Iran (Islamic Republic of),2018,BCG,BCG vaccine,ADMIN,Administrative coverage,2038022,1510608,74.1
COUNTRIES,IRN,Iran (Islamic Republic of),2018,DTPCV1,"DTP-containing vaccine, 1st dose",OFFICIAL,Official coverage,72551,51908,71.5
COUNTRIES,IRN,Iran (Islamic Republic of),2018,DTPCV3,"DTP-containing vaccine, 3rd dose",ADMIN,Administrative coverage,2707001,2064382,76.3
COUNTRIES,IRN,Iran (Islamic Republic of),2018,MCV1,"Measles-containing vaccine, 1st dose",ADMIN,Administrative coverage,3099307,2455993,79.2
COUNTRIES,IRN,Iran (Islamic Republic of),2018,MCV2,"Measles-containing vaccine, 2nd dose",ADMIN,Administrative coverage,2614113,1456889,55.7
COUNTRIES,IRN,Iran (Islamic Republic of),2018,POL3,"Polio, 3rd dose",OFFICIAL,Official coverage,1428148,1066195,74.7
COUNTRIES,IRN,Iran (Islamic Republic of),2018,HEPB3,"Hepatitis B, 3rd dose",OFFICIAL,Official coverage,4706480,2938490,62.4
COUNTRIES,IRN,Iran (Islamic Republic of),2018,HIB3,"Hib, 3rd dose",ADMIN,Administrative coverage,531809,364973,68.6
COUNTRIES,IRN,Iran (Islamic Republic of),2018,PCV3,"Pneumococcal conjugate vaccine, final dose",WUENIC,WHO/UNICEF Estimates of National Immunization Coverage,1868182,1010520,54.1
COUNTRIES,IRN,Iran (Islamic Republic of),2018,ROTAC,"Rotavirus, last dose",ADMIN,Administrative coverage,3208562,2268095,70.7
COUNTRIES,IRN,Iran (Islamic Republic of),2019,BCG,BCG vaccine,ADMIN,Administrative coverage,683976,490285,71.7
COUNTRIES,IRN,Iran (Islamic Republic of),2019,DTPCV1,"DTP-containing vaccine, 1st dose",ADMIN,Administrative coverage,4842030,2667070,55.1
COUNTRIES,IRN,Iran (Islamic Republic of),2019,DTPCV3,"DTP-containing vaccine, 3rd dose",OFFICIAL,Official coverage,3841860,3159691,82.2
COUNTRIES,IRN,Iran (Islamic Republic of),2019,MCV1,"Measles-containing vaccine, 1st dose",WUENIC,WHO/UNICEF Estimates of National Immunization Coverage,2015629,1487911,73.8
COUNTRIES,IRN,Iran (Islamic Republic of),2019,MCV2,"Measles-containing vaccine, 2nd dose",OFFICIAL,Official coverage,1684685,1011809,60.1
COUNTRIES,IRN,Iran (Islamic Republic of),2019,POL3,"Polio, 3rd dose",ADMIN,Administrative coverage,3633650,3340196,91.9
COUNTRIES,IRN,Iran (Islamic Republic of),2019,HEPB3,"Hepatitis B, 3rd dose",WUENIC,WHO/UNICEF Estimates of National Immunization Coverage,2413319,1733593,71.8
COUNTRIES,IRN,Iran (Islamic Republic of),2019,HIB3,"Hib, 3rd dose",ADMIN,Administrative coverage,565729,440346,77.8
COUNTRIES,IRN,Iran (Islamic Republic of),2019,PCV3,"Pneumococcal conjugate vaccine, final dose",WUENIC,WHO/UNICEF Estimates of National Immunization Coverage,2133805,1030141,48.3
COUNTRIES,IRN,Iran (Islamic Republic of),2019,ROTAC,"Rotavirus, last dose",OFFICIAL,Official coverage,2548002,1642498,64.5
COUNTRIES,IRN,Iran (Islamic Republic of),2020,BCG,BCG vaccine,ADMIN,Administrative coverage,2966585,2182022,73.6
COUNTRIES,IRN,Iran (Islamic Republic of),2020,DTPCV1,"DTP-containing vaccine, 1st dose",ADMIN,Administrative coverage,2819785,1866347,66.2
COUNTRIES,IRN,Iran (Islamic Republic of),2020,DTPCV3,"DTP-containing vaccine, 3rd dose",ADMIN,Administrative coverage,3671609,2958652,80.6
COUNTRIES,IRN,Iran (Islamic Republic of),2020,MCV1,"Measles-containing vaccine, 1st dose",OFFICIAL,Official coverage,2794454,2130012,76.2
COUNTRIES,IRN,Iran (Islamic Republic of),2020,MCV2,"Measles-containing vaccine, 2nd dose",OFFICIAL,Official coverage,4758415,2888637,60.7
COUNTRIES,IRN,Iran (Islamic Republic of),2020,POL3,"Polio, 3rd dose",ADMIN,Administrative coverage,855231,793579,92.8
COUNTRIES,IRN,Iran (Islamic Republic of),2020,HEPB3,"Hepatitis B, 3rd dose",WUENIC,WHO/UNICEF Estimates of National Immunization Coverage,3219283,1903027,59.1
COUNTRIES,IRN,Iran (Islamic Republic of),2020,HIB3,"Hib, 3rd dose",OFFICIAL,Official coverage,358697,199321,55.6
COUNTRIES,IRN,Iran (Islamic Republic of),2020,PCV3,"Pneumococcal conjugate vaccine, final dose",WUENIC,WHO/UNICEF Estimates of National Immunization Coverage,4769707,2762823,57.9
COUNTRIES,IRN,Iran (Islamic Republic of),2020,ROTAC,"Rotavirus, last dose",ADMIN,Administrative coverage,4253726,3522349,82.8
COUNTRIES,IRN,Iran (Islamic Republic of),2021,BCG,BCG vaccine,WUENIC,WHO/UNICEF Estimates of National Immunization Coverage,892606,883679,99.0
COUNTRIES,IRN,Iran (Islamic Republic of),2021,DTPCV1,"DTP-containing vaccine, 1st dose",ADMIN,Administrative coverage,3749446,2475207,66.0
COUNTRIES,IRN,Iran (Islamic Republic of),2021,DTPCV3,"DTP-containing vaccine, 3rd dose",WUENIC,WHO/UNICEF Estimates of National Immunization Coverage,3282940,3154721,96.1
COUNTRIES,IRN,Iran (Islamic Republic of),2021,MCV1,"Measles-containing vaccine, 1st dose",ADMIN,Administrative coverage,995032,858133,86.2
COUNTRIES,IRN,Iran (Islamic Republic of),2021,MCV2,"Measles-containing vaccine, 2nd dose",WUENIC,WHO/UNICEF Estimates of National Immunization Coverage,742019,355186,47.9
COUNTRIES,IRN,Iran (Islamic Republic of),2021,POL3,"Polio, 3rd dose",OFFICIAL,Official coverage,1762460,1398486,79.3
COUNTRIES,IRN,Iran (Islamic Republic of),2021,HEPB3,"Hepatitis B, 3rd dose",ADMIN,Administrative coverage,4197036,3098655,73.8
COUNTRIES,IRN,Iran (Islamic Republic of),2021,HIB3,"Hib, 3rd dose",WUENIC,WHO/UNICEF Estimates of National Immunization Coverage,173182,118787,68.6
COUNTRIES,IRN,Iran (Islamic Republic of),2021,PCV3,"Pneumococcal conjugate vaccine, final dose",OFFICIAL,Official coverage,3493749,2015384,57.7
COUNTRIES,IRN,Iran (Islamic Republic of),2021,ROTAC,"Rotavirus, last dose",WUENIC,WHO/UNICEF Estimates of National Immunization Coverage,2881455,2148992,74.6
COUNTRIES,IRN,Iran (Islamic Republic of),2022,BCG,BCG vaccine,ADMIN,Administrative coverage,785062,777211,99.0
COUNTRIES,IRN,Iran (Islamic Republic of),2022,DTPCV1,"DTP-containing vaccine, 1st dose",WUENIC,WHO/UNICEF Estimates of National Immunization Coverage,3046038,2123084,69.7
COUNTRIES,IRN,Iran (Islamic Republic of),2022,DTPCV3,"DTP-containing vaccine, 3rd dose",ADMIN,Administrative coverage,3126511,2738791,87.6
COUNTRIES,IRN,Iran (Islamic Republic of),2022,MCV1,"Measles-containing vaccine, 1st dose",WUENIC,WHO/UNICEF Estimates of National Immunization Coverage,2848658,2478106,87.0
COUNTRIES,IRN,Iran (Islamic Republic of),2022,MCV2,"Measles-containing vaccine, 2nd dose",ADMIN,Administrative coverage,952810,541638,56.8
COUNTRIES,IRN,Iran (Islamic Republic of),2022,POL3,"Polio, 3rd dose",WUENIC,WHO/UNICEF Estimates of National Immunization Coverage,4430268,3985172,90.0
COUNTRIES,IRN,Iran (Islamic Republic of),2022,HEPB3,"Hepatitis B, 3rd dose",OFFICIAL,Official coverage,1096094,750193,68.4
COUNTRIES,IRN,Iran (Islamic Republic of),2022,HIB3,"Hib, 3rd dose",ADMIN,Administrative coverage,804108,563980,70.1
COUNTRIES,IRN,Iran (Islamic Republic of),2022,PCV3,"Pneumococcal conjugate vaccine, final dose",OFFICIAL,Official coverage,3269919,2082050,63.7
COUNTRIES,IRN,Iran (Islamic Republic of),2022,ROTAC,"Rotavirus, last dose",ADMIN,Administrative coverage,2413304,1404437,58.2
COUNTRIES,IRN,Iran (Islamic Republic of),2023,BCG,BCG vaccine,ADMIN,Administrative coverage,2409792,1920179,79.7
COUNTRIES,IRN,Iran (Islamic Republic of),2023,DTPCV1,"DTP-containing vaccine, 1st dose",OFFICIAL,Official coverage,3724777,3162527,84.9
COUNTRIES,IRN,Iran (Islamic Republic of),2023,DTPCV3,"DTP-containing vaccine, 3rd dose",WUENIC,WHO/UNICEF Estimates of National Immunization Coverage,2163527,2035171,94.1
COUNTRIES,IRN,Iran (Islamic Republic of),2023,MCV1,"Measles-containing vaccine, 1st dose",WUENIC,WHO/UNICEF Estimates of National Immunization Coverage,4445102,4155435,93.5
COUNTRIES,IRN,Iran (Islamic Republic of),2023,MCV2,"Measles-containing vaccine, 2nd dose",OFFICIAL,Official coverage,2292019,1336345,58.3
COUNTRIES,IRN,Iran (Islamic Republic of),2023,POL3,"Polio, 3rd dose",ADMIN,Administrative coverage,2841004,2454899,86.4
COUNTRIES,IRN,Iran (Islamic Republic of),2023,HEPB3,"Hepatitis B, 3rd dose",WUENIC,WHO/UNICEF Estimates of National Immunization Coverage,3347334,2737507,81.8
COUNTRIES,IRN,Iran (Islamic Republic of),2023,HIB3,"Hib, 3rd dose",ADMIN,Administrative coverage,1462210,1067877,73.0
COUNTRIES,IRN,Iran (Islamic Republic of),2023,PCV3,"Pneumococcal conjugate vaccine, final dose",WUENIC,WHO/UNICEF Estimates of National Immunization Coverage,3213257,1761713,54.8
COUNTRIES,IRN,Iran (Islamic Republic of),2023,ROTAC,"Rotavirus, last dose",WUENIC,WHO/UNICEF Estimates of National Immunization Coverage,3458168,2246216,65.0
COUNTRIES,IRN,Iran (Islamic Republic of),2024,BCG,BCG vaccine,WUENIC,WHO/UNICEF Estimates of National Immunization Coverage,893214,845963,94.7
COUNTRIES,IRN,Iran (Islamic Republic of),2024,DTPCV1,"DTP-containing vaccine, 1st dose",ADMIN,Administrative coverage,4227927,3627098,85.8
COUNTRIES,IRN,Iran (Islamic Republic of),2024,DTPCV3,"DTP-containing vaccine, 3rd dose",OFFICIAL,Official coverage,1717391,1654826,96.4
COUNTRIES,IRN,Iran (Islamic Republic of),2024,MCV1,"Measles-containing vaccine, 1st dose",ADMIN,Administrative coverage,3190380,3072979,96.3
COUNTRIES,IRN,Iran (Islamic Republic of),2024,MCV2,"Measles-containing vaccine, 2nd dose",WUENIC,WHO/UNICEF Estimates of National Immunization Coverage,2516507,1890424,75.1
COUNTRIES,IRN,Iran (Islamic Republic of),2024,POL3,"Polio, 3rd dose",ADMIN,Administrative coverage,1954514,1934968,99.0
COUNTRIES,IRN,Iran (Islamic Republic of),2024,HEPB3,"Hepatitis B, 3rd dose",WUENIC,WHO/UNICEF Estimates of National Immunization Coverage,1126419,949024,84.3
COUNTRIES,IRN,Iran (Islamic Republic of),2024,HIB3,"Hib, 3rd dose",OFFICIAL,Official coverage,3322145,2247631,67.7
COUNTRIES,IRN,Iran (Islamic Republic of),2024,PCV3,"Pneumococcal conjugate vaccine, final dose",WUENIC,WHO/UNICEF Estimates of National Immunization Coverage,269356,163795,60.8
COUNTRIES,IRN,Iran (Islamic Republic of),2024,ROTAC,"Rotavirus, last dose",OFFICIAL,Official coverage,2407761,1561889,64.9
COUNTRIES,THA,Thailand,2010,BCG,BCG vaccine,WUENIC,WHO/UNICEF Estimates of National Immunization Coverage,2836202,2021881,71.3
COUNTRIES,THA,Thailand,2010,DTPCV1,"DTP-containing vaccine, 1st dose",ADMIN,Administrative coverage,1699379,878482,51.7
COUNTRIES,THA,Thailand,2010,DTPCV3,"DTP-containing vaccine, 3rd dose",OFFICIAL,Official coverage,4993999,3435035,68.8
COUNTRIES,THA,Thailand,2010,MCV1,"Measles-containing vaccine, 1st dose",WUENIC,WHO/UNICEF Estimates of National Immunization Coverage,1283387,1057072,82.4
COUNTRIES,THA,Thailand,2010,MCV2,"Measles-containing vaccine, 2nd dose",OFFICIAL,Official coverage,100818,53040,52.6
COUNTRIES,THA,Thailand,2010,POL3,"Polio, 3rd dose",OFFICIAL,Official coverage,4362946,2445013,56.0
COUNTRIES,THA,Thailand,2010,HEPB3,"Hepatitis B, 3rd dose",WUENIC,WHO/UNICEF Estimates of National Immunization Coverage,245428,104391,42.5
COUNTRIES,THA,Thailand,2010,HIB3,"Hib, 3rd dose",OFFICIAL,Official coverage,3340633,2216557,66.4
COUNTRIES,THA,Thailand,2010,PCV3,"Pneumococcal conjugate vaccine, final dose",WUENIC,WHO/UNICEF Estimates of National Immunization Coverage,145494,54695,37.6
COUNTRIES,THA,Thailand,2010,ROTAC,"Rotavirus, last dose",WUENIC,WHO/UNICEF Estimates of National Immunization Coverage,3938832,1736657,44.1
COUNTRIES,THA,Thailand,2011,BCG,BCG vaccine,WUENIC,WHO/UNICEF Estimates of National Immunization Coverage,1590856,1180740,74.2
COUNTRIES,THA,Thailand,2011,DTPCV1,"DTP-containing vaccine, 1st dose",WUENIC,WHO/UNICEF Estimates of National Immunization Coverage,655502,336820,51.4
COUNTRIES,THA,Thailand,2011,DTPCV3,"DTP-containing vaccine, 3rd dose",OFFICIAL,Official coverage,4991824,3128512,62.7
COUNTRIES,THA,Thailand,2011,MCV1,"Measles-containing vaccine, 1st dose",WUENIC,WHO/UNICEF Estimates of National Immunization Coverage,4548907,3072943,67.6
COUNTRIES,THA,Thailand,2011,MCV2,"Measles-containing vaccine, 2nd dose",ADMIN,Administrative coverage,1094654,507846,46.4
COUNTRIES,THA,Thailand,2011,POL3,"Polio, 3rd dose",OFFICIAL,Official coverage,1499299,1030893,68.8
COUNTRIES,THA,Thailand,2011,HEPB3,"Hepatitis B, 3rd dose",ADMIN,Administrative coverage,231601,138192,59.7
COUNTRIES,THA,Thailand,2011,HIB3,"Hib, 3rd dose",WUENIC,WHO/UNICEF Estimates of National Immunization Coverage,4904078,2503884,51.1
COUNTRIES,THA,Thailand,2011,PCV3,"Pneumococcal conjugate vaccine, final dose",ADMIN,Administrative coverage,2078217,1197511,57.6
COUNTRIES,THA,Thailand,2011,ROTAC,"Rotavirus, last dose",ADMIN,Administrative coverage,1212936,737450,60.8
COUNTRIES,THA,Thailand,2012,BCG,BCG vaccine,OFFICIAL,Official coverage,1495819,1060961,70.9
COUNTRIES,THA,Thailand,2012,DTPCV1,"DTP-containing vaccine, 1st dose",OFFICIAL,Official coverage,2503039,1414145,56.5
COUNTRIES,THA,Thailand,2012,DTPCV3,"DTP-containing vaccine, 3rd dose",OFFICIAL,Official coverage,3346581,2397042,71.6
COUNTRIES,THA,Thailand,2012,MCV1,"Measles-containing vaccine, 1st dose",ADMIN,Administrative coverage,4578458,3744623,81.8
COUNTRIES,THA,Thailand,2012,MCV2,"Measles-containing vaccine, 2nd dose",ADMIN,Administrative coverage,4377219,2626234,60.0
COUNTRIES,THA,Thailand,2012,POL3,"Polio, 3rd dose",WUENIC,WHO/UNICEF Estimates of National Immunization Coverage,3077929,2111848,68.6
COUNTRIES,THA,Thailand,2012,HEPB3,"Hepatitis B, 3rd dose",WUENIC,WHO/UNICEF Estimates of National Immunization Coverage,821469,509006,62.0
COUNTRIES,THA,Thailand,2012,HIB3,"Hib, 3rd dose",OFFICIAL,Official coverage,824456,469998,57.0
COUNTRIES,THA,Thailand,2012,PCV3,"Pneumococcal conjugate vaccine, final dose",ADMIN,Administrative coverage,577169,345292,59.8
COUNTRIES,THA,Thailand,2012,ROTAC,"Rotavirus, last dose",ADMIN,Administrative coverage,4715770,2645825,56.1
COUNTRIES,THA,Thailand,2013,BCG,BCG vaccine,WUENIC,WHO/UNICEF Estimates of National Immunization Coverage,1366461,844184,61.8
COUNTRIES,THA,Thailand,2013,DTPCV1,"DTP-containing vaccine, 1st dose",ADMIN,Administrative coverage,2778338,1505381,54.2
COUNTRIES,THA,Thailand,2013,DTPCV3,"DTP-containing vaccine, 3rd dose",ADMIN,Administrative coverage,2356456,1748184,74.2
COUNTRIES,THA,Thailand,2013,MCV1,"Measles-containing vaccine, 1st dose",WUENIC,WHO/UNICEF Estimates of National Immunization Coverage,2567626,1889487,73.6
COUNTRIES,THA,Thailand,2013,MCV2,"Measles-containing vaccine, 2nd dose",OFFICIAL,Official coverage,767884,381462,49.7
COUNTRIES,THA,Thailand,2013,POL3,"Polio, 3rd dose",WUENIC,WHO/UNICEF Estimates of National Immunization Coverage,2645301,1862197,70.4
COUNTRIES,THA,Thailand,2013,HEPB3,"Hepatitis B, 3rd dose",ADMIN,Administrative coverage,2449940,1378340,56.3
COUNTRIES,THA,Thailand,2013,HIB3,"Hib, 3rd dose",WUENIC,WHO/UNICEF Estimates of National Immunization Coverage,2161740,1341775,62.1
COUNTRIES,THA,Thailand,2013,PCV3,"Pneumococcal conjugate vaccine, final dose",OFFICIAL,Official coverage,3357657,1601648,47.7
COUNTRIES,THA,Thailand,2013,ROTAC,"Rotavirus, last dose",ADMIN,Administrative coverage,4564057,2623847,57.5
COUNTRIES,THA,Thailand,2014,BCG,BCG vaccine,WUENIC,WHO/UNICEF Estimates of National Immunization Coverage,3135689,2296616,73.2
COUNTRIES,THA,Thailand,2014,DTPCV1,"DTP-containing vaccine, 1st dose",ADMIN,Administrative coverage,2992318,1661726,55.5
COUNTRIES,THA,Thailand,2014,DTPCV3,"DTP-containing vaccine, 3rd dose",WUENIC,WHO/UNICEF Estimates of National Immunization Coverage,4419202,2989514,67.6
COUNTRIES,THA,Thailand,2014,MCV1,"Measles-containing vaccine, 1st dose",WUENIC,WHO/UNICEF Estimates of National Immunization Coverage,606831,489971,80.7
COUNTRIES,THA,Thailand,2014,MCV2,"Measles-containing vaccine, 2nd dose",OFFICIAL,Official coverage,4647577,2643424,56.9
COUNTRIES,THA,Thailand,2014,POL3,"Polio, 3rd dose",WUENIC,WHO/UNICEF Estimates of National Immunization Coverage,3092398,2798955,90.5
COUNTRIES,THA,Thailand,2014,HEPB3,"Hepatitis B, 3rd dose",ADMIN,Administrative coverage,1087904,534676,49.1
COUNTRIES,THA,Thailand,2014,HIB3,"Hib, 3rd dose",OFFICIAL,Official coverage,3260557,1639546,50.3
COUNTRIES,THA,Thailand,2014,PCV3,"Pneumococcal conjugate vaccine, final dose",OFFICIAL,Official coverage,941712,518343,55.0
COUNTRIES,THA,Thailand,2014,ROTAC,"Rotavirus, last dose",OFFICIAL,Official coverage,4977094,2748486,55.2
COUNTRIES,THA,Thailand,2015,BCG,BCG vaccine,ADMIN,Administrative coverage,4528597,3364021,74.3
COUNTRIES,THA,Thailand,2015,DTPCV1,"DTP-containing vaccine, 1st dose",ADMIN,Administrative coverage,2615513,1785605,68.3
COUNTRIES,THA,Thailand,2015,DTPCV3,"DTP-containing vaccine, 3rd dose",ADMIN,Administrative coverage,3617008,2385783,66.0
COUNTRIES,THA,Thailand,2015,MCV1,"Measles-containing vaccine, 1st dose",ADMIN,Administrative coverage,1035979,812414,78.4
COUNTRIES,THA,Thailand,2015,MCV2,"Measles-containing vaccine, 2nd dose",ADMIN,Administrative coverage,1529995,853499,55.8
COUNTRIES,THA,Thailand,2015,POL3,"Polio, 3rd dose",ADMIN,Administrative coverage,1190441,849515,71.4
COUNTRIES,THA,Thailand,2015,HEPB3,"Hepatitis B, 3rd dose",OFFICIAL,Official coverage,1244447,825292,66.3
COUNTRIES,THA,Thailand,2015,HIB3,"Hib, 3rd dose",ADMIN,Administrative coverage,2653087,1975010,74.4
COUNTRIES,THA,Thailand,2015,PCV3,"Pneumococcal conjugate vaccine, final dose",ADMIN,Administrative coverage,3868362,2234273,57.8
COUNTRIES,THA,Thailand,2015,ROTAC,"Rotavirus, last dose",WUENIC,WHO/UNICEF Estimates of National Immunization Coverage,99892,51330,51.4
COUNTRIES,THA,Thailand,2016,BCG,BCG vaccine,WUENIC,WHO/UNICEF Estimates of National Immunization Coverage,395535,310955,78.6
COUNTRIES,THA,Thailand,2016,DTPCV1,"DTP-containing vaccine, 1st dose",ADMIN,Administrative coverage,1257935,871589,69.3
COUNTRIES,THA,Thailand,2016,DTPCV3,"DTP-containing vaccine, 3rd dose",ADMIN,Administrative coverage,4317831,3138649,72.7
COUNTRIES,THA,Thailand,2016,MCV1,"Measles-containing vaccine, 1st dose",ADMIN,Administrative coverage,4967970,4470539,90.0
COUNTRIES,THA,Thailand,2016,MCV2,"Measles-containing vaccine, 2nd dose",WUENIC,WHO/UNICEF Estimates of National Immunization Coverage,853083,481774,56.5
COUNTRIES,THA,Thailand,2016,POL3,"Polio, 3rd dose",ADMIN,Administrative coverage,4367729,3507631,80.3
COUNTRIES,THA,Thailand,2016,HEPB3,"Hepatitis B, 3rd dose",ADMIN,Administrative coverage,345182,240059,69.5
COUNTRIES,THA,Thailand,2016,HIB3,"Hib, 3rd dose",WUENIC,WHO/UNICEF Estimates of National Immunization Coverage,3496010,1670343,47.8
COUNTRIES,THA,Thailand,2016,PCV3,"Pneumococcal conjugate vaccine, final dose",WUENIC,WHO/UNICEF Estimates of National Immunization Coverage,2619395,1366694,52.2
COUNTRIES,THA,Thailand,2016,ROTAC,"Rotavirus, last dose",ADMIN,Administrative coverage,2551212,1090494,42.7
COUNTRIES,THA,Thailand,2017,BCG,BCG vaccine,ADMIN,Administrative coverage,4974191,4149252,83.4
COUNTRIES,THA,Thailand,2017,DTPCV1,"DTP-containing vaccine, 1st dose",ADMIN,Administrative coverage,1443749,920274,63.7
COUNTRIES,THA,Thailand,2017,DTPCV3,"DTP-containing vaccine, 3rd dose",ADMIN,Administrative coverage,1040391,831984,80.0
COUNTRIES,THA,Thailand,2017,MCV1,"Measles-containing vaccine, 1st dose",ADMIN,Administrative coverage,2365138,1836183,77.6
COUNTRIES,THA,Thailand,2017,MCV2,"Measles-containing vaccine, 2nd dose",WUENIC,WHO/UNICEF Estimates of National Immunization Coverage,4465972,2439086,54.6
COUNTRIES,THA,Thailand,2017,POL3,"Polio, 3rd dose",WUENIC,WHO/UNICEF Estimates of National Immunization Coverage,1216747,934194,76.8
COUNTRIES,THA,Thailand,2017,HEPB3,"Hepatitis B, 3rd dose",WUENIC,WHO/UNICEF Estimates of National Immunization Coverage,3934817,2372438,60.3
COUNTRIES,THA,Thailand,2017,HIB3,"Hib, 3rd dose",WUENIC,WHO/UNICEF Estimates of National Immunization Coverage,4238432,2517991,59.4
COUNTRIES,THA,Thailand,2017,PCV3,"Pneumococcal conjugate vaccine, final dose",OFFICIAL,Official coverage,1882760,882419,46.9
COUNTRIES,THA,Thailand,2017,ROTAC,"Rotavirus, last dose",WUENIC,WHO/UNICEF Estimates of National Immunization Coverage,2589065,1304039,50.4
COUNTRIES,THA,Thailand,2018,BCG,BCG vaccine,OFFICIAL,Official coverage,2076091,1850942,89.2
COUNTRIES,THA,Thailand,2018,DTPCV1,"DTP-containing vaccine, 1st dose",WUENIC,WHO/UNICEF Estimates of National Immunization Coverage,766079,411127,53.7
COUNTRIES,THA,Thailand,2018,DTPCV3,"DTP-containing vaccine, 3rd dose",ADMIN,Administrative coverage,1004227,762281,75.9
COUNTRIES,THA,Thailand,2018,MCV1,"Measles-containing vaccine, 1st dose",WUENIC,WHO/UNICEF Estimates of National Immunization Coverage,4539929,3611599,79.6
COUNTRIES,THA,Thailand,2018,MCV2,"Measles-containing vaccine, 2nd dose",OFFICIAL,Official coverage,3448499,1984500,57.5
COUNTRIES,THA,Thailand,2018,POL3,"Polio, 3rd dose",ADMIN,Administrative coverage,4586672,4385015,95.6
COUNTRIES,THA,Thailand,2018,HEPB3,"Hepatitis B, 3rd dose",WUENIC,WHO/UNICEF Estimates of National Immunization Coverage,2234847,1647931,73.7
COUNTRIES,THA,Thailand,2018,HIB3,"Hib, 3rd dose",OFFICIAL,Official coverage,2691532,1933591,71.8
COUNTRIES,THA,Thailand,2018,PCV3,"Pneumococcal conjugate vaccine, final dose",OFFICIAL,Official coverage,1680969,1051564,62.6
COUNTRIES,THA,Thailand,2018,ROTAC,"Rotavirus, last dose",ADMIN,Administrative coverage,2642859,1570077,59.4
COUNTRIES,THA,Thailand,2019,BCG,BCG vaccine,OFFICIAL,Official coverage,1968715,1702424,86.5
COUNTRIES,THA,Thailand,2019,DTPCV1,"DTP-containing vaccine, 1st dose",ADMIN,Administrative coverage,4317905,3330289,77.1
COUNTRIES,THA,Thailand,2019,DTPCV3,"DTP-containing vaccine, 3rd dose",WUENIC,WHO/UNICEF Estimates of National Immunization Coverage,3267196,2548889,78.0
COUNTRIES,THA,Thailand,2019,MCV1,"Measles-containing vaccine, 1st dose",ADMIN,Administrative coverage,96638,87034,90.1
COUNTRIES,THA,Thailand,2019,MCV2,"Measles-containing vaccine, 2nd dose",ADMIN,Administrative coverage,1212496,658004,54.3
COUNTRIES,THA,Thailand,2019,POL3,"Polio, 3rd dose",WUENIC,WHO/UNICEF Estimates of National Immunization Coverage,2114798,1682638,79.6
COUNTRIES,THA,Thailand,2019,HEPB3,"Hepatitis B, 3rd dose",ADMIN,Administrative coverage,871929,584718,67.1
COUNTRIES,THA,Thailand,2019,HIB3,"Hib, 3rd dose",ADMIN,Administrative coverage,1526075,1125001,73.7
COUNTRIES,THA,Thailand,2019,PCV3,"Pneumococcal conjugate vaccine, final dose",OFFICIAL,Official coverage,358710,194614,54.3
COUNTRIES,THA,Thailand,2019,ROTAC,"Rotavirus, last dose",ADMIN,Administrative coverage,3247860,1626318,50.1
COUNTRIES,THA,Thailand,2020,BCG,BCG vaccine,OFFICIAL,Official coverage,4730018,4477956,94.7
COUNTRIES,THA,Thailand,2020,DTPCV1,"DTP-containing vaccine, 1st dose",ADMIN,Administrative coverage,1027469,803155,78.2
COUNTRIES,THA,Thailand,2020,DTPCV3,"DTP-containing vaccine, 3rd dose",WUENIC,WHO/UNICEF Estimates of National Immunization Coverage,4046228,3341250,82.6
COUNTRIES,THA,Thailand,2020,MCV1,"Measles-containing vaccine, 1st dose",OFFICIAL,Official coverage,341799,327336,95.8
COUNTRIES,THA,Thailand,2020,MCV2,"Measles-containing vaccine, 2nd dose",OFFICIAL,Official coverage,2358436,1524941,64.7
COUNTRIES,THA,Thailand,2020,POL3,"Polio, 3rd dose",ADMIN,Administrative coverage,523818,466879,89.1
COUNTRIES,THA,Thailand,2020,HEPB3,"Hepatitis B, 3rd dose",WUENIC,WHO/UNICEF Estimates of National Immunization Coverage,3085865,2689147,87.1
COUNTRIES,THA,Thailand,2020,HIB3,"Hib, 3rd dose",WUENIC,WHO/UNICEF Estimates of National Immunization Coverage,1963514,1300668,66.2
COUNTRIES,THA,Thailand,2020,PCV3,"Pneumococcal conjugate vaccine, final dose",ADMIN,Administrative coverage,3710880,2045884,55.1
COUNTRIES,THA,Thailand,2020,ROTAC,"Rotavirus, last dose",OFFICIAL,Official coverage,3934485,2043455,51.9
COUNTRIES,THA,Thailand,2021,BCG,BCG vaccine,ADMIN,Administrative coverage,879119,731620,83.2
COUNTRIES,THA,Thailand,2021,DTPCV1,"DTP-containing vaccine, 1st dose",WUENIC,WHO/UNICEF Estimates of National Immunization Coverage,3436243,2736661,79.6
COUNTRIES,THA,Thailand,2021,DTPCV3,"DTP-containing vaccine, 3rd dose",OFFICIAL,Official coverage,336885,272285,80.8
COUNTRIES,THA,Thailand,2021,MCV1,"Measles-containing vaccine, 1st dose",OFFICIAL,Official coverage,1789549,1536071,85.8
COUNTRIES,THA,Thailand,2021,MCV2,"Measles-containing vaccine, 2nd dose",ADMIN,Administrative coverage,4463905,2088119,46.8
COUNTRIES,THA,Thailand,2021,POL3,"Polio, 3rd dose",OFFICIAL,Official coverage,1229418,1194076,97.1
COUNTRIES,THA,Thailand,2021,HEPB3,"Hepatitis B, 3rd dose",ADMIN,Administrative coverage,1969398,1490312,75.7
COUNTRIES,THA,Thailand,2021,HIB3,"Hib, 3rd dose",ADMIN,Administrative coverage,3472578,1739571,50.1
COUNTRIES,THA,Thailand,2021,PCV3,"Pneumococcal conjugate vaccine, final dose",WUENIC,WHO/UNICEF Estimates of National Immunization Coverage,595501,456240,76.6
COUNTRIES,THA,Thailand,2021,ROTAC,"Rotavirus, last dose",OFFICIAL,Official coverage,2062236,1382093,67.0
COUNTRIES,THA,Thailand,2022,BCG,BCG vaccine,ADMIN,Administrative coverage,1561602,1141429,73.1
COUNTRIES,THA,Thailand,2022,DTPCV1,"DTP-containing vaccine, 1st dose",WUENIC,WHO/UNICEF Estimates of National Immunization Coverage,2499711,2028311,81.1
COUNTRIES,THA,Thailand,2022,DTPCV3,"DTP-containing vaccine, 3rd dose",WUENIC,WHO/UNICEF Estimates of National Immunization Coverage,4299012,4079163,94.9
COUNTRIES,THA,Thailand,2022,MCV1,"Measles-containing vaccine, 1st dose",OFFICIAL,Official coverage,3906397,3296977,84.4
COUNTRIES,THA,Thailand,2022,MCV2,"Measles-containing vaccine, 2nd dose",ADMIN,Administrative coverage,1353027,825992,61.0
COUNTRIES,THA,Thailand,2022,POL3,"Polio, 3rd dose",OFFICIAL,Official coverage,4575605,4438454,97.0
COUNTRIES,THA,Thailand,2022,HEPB3,"Hepatitis B, 3rd dose",ADMIN,Administrative coverage,1447955,930718,64.3
COUNTRIES,THA,Thailand,2022,HIB3,"Hib, 3rd dose",ADMIN,Administrative coverage,131147,94244,71.9
COUNTRIES,THA,Thailand,2022,PCV3,"Pneumococcal conjugate vaccine, final dose",OFFICIAL,Official coverage,4083743,2348193,57.5
COUNTRIES,THA,Thailand,2022,ROTAC,"Rotavirus, last dose",ADMIN,Administrative coverage,4856085,3598757,74.1
COUNTRIES,THA,Thailand,2023,BCG,BCG vaccine,ADMIN,Administrative coverage,2946355,2852504,96.8
COUNTRIES,THA,Thailand,2023,DTPCV1,"DTP-containing vaccine, 1st dose",ADMIN,Administrative coverage,1825823,1203958,65.9
COUNTRIES,THA,Thailand,2023,DTPCV3,"DTP-containing vaccine, 3rd dose",ADMIN,Administrative coverage,2715880,2362399,87.0
COUNTRIES,THA,Thailand,2023,MCV1,"Measles-containing vaccine, 1st dose",OFFICIAL,Official coverage,416042,319251,76.7
COUNTRIES,THA,Thailand,2023,MCV2,"Measles-containing vaccine, 2nd dose",OFFICIAL,Official coverage,2314381,1183803,51.1
COUNTRIES,THA,Thailand,2023,POL3,"Polio, 3rd dose",WUENIC,WHO/UNICEF Estimates of National Immunization Coverage,2709245,2489482,91.9
COUNTRIES,THA,Thailand,2023,HEPB3,"Hepatitis B, 3rd dose",OFFICIAL,Official coverage,4922367,3768467,76.6
COUNTRIES,THA,Thailand,2023,HIB3,"Hib, 3rd dose",OFFICIAL,Official coverage,974914,699444,71.7
COUNTRIES,THA,Thailand,2023,PCV3,"Pneumococcal conjugate vaccine, final dose",WUENIC,WHO/UNICEF Estimates of National Immunization Coverage,4286343,2489990,58.1
COUNTRIES,THA,Thailand,2023,ROTAC,"Rotavirus, last dose",ADMIN,Administrative coverage,2846175,1980019,69.6
COUNTRIES,THA,Thailand,2024,BCG,BCG vaccine,WUENIC,WHO/UNICEF Estimates of National Immunization Coverage,291324,258644,88.8
COUNTRIES,THA,Thailand,2024,DTPCV1,"DTP-containing vaccine, 1st dose",ADMIN,Administrative coverage,887876,709213,79.9
COUNTRIES,THA,Thailand,2024,DTPCV3,"DTP-containing vaccine, 3rd dose",ADMIN,Administrative coverage,1138894,865653,76.0
COUNTRIES,THA,Thailand,2024,MCV1,"Measles-containing vaccine, 1st dose",ADMIN,Administrative coverage,4623483,4275581,92.5
COUNTRIES,THA,Thailand,2024,MCV2,"Measles-containing vaccine, 2nd dose",OFFICIAL,Official coverage,1082203,795782,73.5
COUNTRIES,THA,Thailand,2024,POL3,"Polio, 3rd dose",OFFICIAL,Official coverage,3067721,3037043,99.0
COUNTRIES,THA,Thailand,2024,HEPB3,"Hepatitis B, 3rd dose",ADMIN,Administrative coverage,4959358,3678775,74.2
COUNTRIES,THA,Thailand,2024,HIB3,"Hib, 3rd dose",ADMIN,Administrative coverage,2168670,1221139,56.3
COUNTRIES,THA,Thailand,2024,PCV3,"Pneumococcal conjugate vaccine, final dose",OFFICIAL,Official coverage,1879210,1199943,63.9
COUNTRIES,THA,Thailand,2024,ROTAC,"Rotavirus, last dose",WUENIC,WHO/UNICEF Estimates of National Immunization Coverage,4835613,3259026,67.4
COUNTRIES,ZAF,South Africa,2010,BCG,BCG vaccine,OFFICIAL,Official coverage,2142195,1445507,67.5
COUNTRIES,ZAF,South Africa,2010,DTPCV1,"DTP-containing vaccine, 1st dose",WUENIC,WHO/UNICEF Estimates of National Immunization Coverage,4681004,2674931,57.1
COUNTRIES,ZAF,South Africa,2010,DTPCV3,"DTP-containing vaccine, 3rd dose",ADMIN,Administrative coverage,1942608,1165516,60.0
COUNTRIES,ZAF,South Africa,2010,MCV1,"Measles-containing vaccine, 1st dose",OFFICIAL,Official coverage,2904891,2082415,71.7
COUNTRIES,ZAF,South Africa,2010,MCV2,"Measles-containing vaccine, 2nd dose",ADMIN,Administrative coverage,4592709,2240560,48.8
COUNTRIES,ZAF,South Africa,2010,POL3,"Polio, 3rd dose",ADMIN,Administrative coverage,2109636,1358114,64.4
COUNTRIES,ZAF,South Africa,2010,HEPB3,"Hepatitis B, 3rd dose",ADMIN,Administrative coverage,3592140,2301627,64.1
COUNTRIES,ZAF,South Africa,2010,HIB3,"Hib, 3rd dose",ADMIN,Administrative coverage,393275,211514,53.8
COUNTRIES,ZAF,South Africa,2010,PCV3,"Pneumococcal conjugate vaccine, final dose",ADMIN,Administrative coverage,3660680,1142586,31.2
COUNTRIES,ZAF,South Africa,2010,ROTAC,"Rotavirus, last dose",OFFICIAL,Official coverage,2913564,1282893,44.0
COUNTRIES,ZAF,South Africa,2011,BCG,BCG vaccine,ADMIN,Administrative coverage,2459021,1877941,76.4
COUNTRIES,ZAF,South Africa,2011,DTPCV1,"DTP-containing vaccine, 1st dose",OFFICIAL,Official coverage,4430655,2896208,65.4
COUNTRIES,ZAF,South Africa,2011,DTPCV3,"DTP-containing vaccine, 3rd dose",OFFICIAL,Official coverage,2620202,2016960,77.0
COUNTRIES,ZAF,South Africa,2011,MCV1,"Measles-containing vaccine, 1st dose",ADMIN,Administrative coverage,1999428,1600728,80.1
COUNTRIES,ZAF,South Africa,2011,MCV2,"Measles-containing vaccine, 2nd dose",ADMIN,Administrative coverage,1578362,760451,48.2
COUNTRIES,ZAF,South Africa,2011,POL3,"Polio, 3rd dose",WUENIC,WHO/UNICEF Estimates of National Immunization Coverage,931037,774410,83.2
COUNTRIES,ZAF,South Africa,2011,HEPB3,"Hepatitis B, 3rd dose",WUENIC,WHO/UNICEF Estimates of National Immunization Coverage,304547,192862,63.3
COUNTRIES,ZAF,South Africa,2011,HIB3,"Hib, 3rd dose",WUENIC,WHO/UNICEF Estimates of National Immunization Coverage,2727221,1810473,66.4
COUNTRIES,ZAF,South Africa,2011,PCV3,"Pneumococcal conjugate vaccine, final dose",WUENIC,WHO/UNICEF Estimates of National Immunization Coverage,4140602,1360700,32.9
COUNTRIES,ZAF,South Africa,2011,ROTAC,"Rotavirus, last dose",WUENIC,WHO/UNICEF Estimates of National Immunization Coverage,2641661,1435843,54.4
COUNTRIES,ZAF,South Africa,2012,BCG,BCG vaccine,OFFICIAL,Official coverage,1267756,951254,75.0
COUNTRIES,ZAF,South Africa,2012,DTPCV1,"DTP-containing vaccine, 1st dose",OFFICIAL,Official coverage,2813049,1473643,52.4
COUNTRIES,ZAF,South Africa,2012,DTPCV3,"DTP-containing vaccine, 3rd dose",ADMIN,Administrative coverage,3002718,1866247,62.2
COUNTRIES,ZAF,South Africa,2012,MCV1,"Measles-containing vaccine, 1st dose",ADMIN,Administrative coverage,437688,287369,65.7
COUNTRIES,ZAF,South Africa,2012,MCV2,"Measles-containing vaccine, 2nd dose",ADMIN,Administrative coverage,4064398,1733480,42.7
COUNTRIES,ZAF,South Africa,2012,POL3,"Polio, 3rd dose",OFFICIAL,Official coverage,601556,484481,80.5
COUNTRIES,ZAF,South Africa,2012,HEPB3,"Hepatitis B, 3rd dose",ADMIN,Administrative coverage,4238136,2432872,57.4
COUNTRIES,ZAF,South Africa,2012,HIB3,"Hib, 3rd dose",ADMIN,Administrative coverage,4351313,2733229,62.8
COUNTRIES,ZAF,South Africa,2012,PCV3,"Pneumococcal conjugate vaccine, final dose",ADMIN,Administrative coverage,1911317,771465,40.4
COUNTRIES,ZAF,South Africa,2012,ROTAC,"Rotavirus, last dose",ADMIN,Administrative coverage,4328483,2257119,52.1
COUNTRIES,ZAF,South Africa,2013,BCG,BCG vaccine,ADMIN,Administrative coverage,1914273,1489329,77.8
COUNTRIES,ZAF,South Africa,2013,DTPCV1,"DTP-containing vaccine, 1st dose",WUENIC,WHO/UNICEF Estimates of National Immunization Coverage,2872704,1775376,61.8
COUNTRIES,ZAF,South Africa,2013,DTPCV3,"DTP-containing vaccine, 3rd dose",OFFICIAL,Official coverage,2319590,1852398,79.9
COUNTRIES,ZAF,South Africa,2013,MCV1,"Measles-containing vaccine, 1st dose",WUENIC,WHO/UNICEF Estimates of National Immunization Coverage,4723794,3754020,79.5
COUNTRIES,ZAF,South Africa,2013,MCV2,"Measles-containing vaccine, 2nd dose",WUENIC,WHO/UNICEF Estimates of National Immunization Coverage,2098613,1176438,56.1
COUNTRIES,ZAF,South Africa,2013,POL3,"Polio, 3rd dose",ADMIN,Administrative coverage,1543156,1125519,72.9
COUNTRIES,ZAF,South Africa,2013,HEPB3,"Hepatitis B, 3rd dose",WUENIC,WHO/UNICEF Estimates of National Immunization Coverage,4298949,3125832,72.7
COUNTRIES,ZAF,South Africa,2013,HIB3,"Hib, 3rd dose",OFFICIAL,Official coverage,2157719,1280560,59.3
COUNTRIES,ZAF,South Africa,2013,PCV3,"Pneumococcal conjugate vaccine, final dose",WUENIC,WHO/UNICEF Estimates of National Immunization Coverage,2278553,1088629,47.8
COUNTRIES,ZAF,South Africa,2013,ROTAC,"Rotavirus, last dose",OFFICIAL,Official coverage,4242896,2437274,57.4
COUNTRIES,ZAF,South Africa,2014,BCG,BCG vaccine,ADMIN,Administrative coverage,2338786,2002362,85.6
COUNTRIES,ZAF,South Africa,2014,DTPCV1,"DTP-containing vaccine, 1st dose",WUENIC,WHO/UNICEF Estimates of National Immunization Coverage,4230513,2583587,61.1
COUNTRIES,ZAF,South Africa,2014,DTPCV3,"DTP-containing vaccine, 3rd dose",OFFICIAL,Official coverage,4374155,3162622,72.3
COUNTRIES,ZAF,South Africa,2014,MCV1,"Measles-containing vaccine, 1st dose",WUENIC,WHO/UNICEF Estimates of National Immunization Coverage,3444837,2177551,63.2
COUNTRIES,ZAF,South Africa,2014,MCV2,"Measles-containing vaccine, 2nd dose",OFFICIAL,Official coverage,4544463,2550649,56.1
COUNTRIES,ZAF,South Africa,2014,POL3,"Polio, 3rd dose",OFFICIAL,Official coverage,1715418,1314675,76.6
COUNTRIES,ZAF,South Africa,2014,HEPB3,"Hepatitis B, 3rd dose",OFFICIAL,Official coverage,4286026,2189426,51.1
COUNTRIES,ZAF,South Africa,2014,HIB3,"Hib, 3rd dose",OFFICIAL,Official coverage,3296536,1526281,46.3
COUNTRIES,ZAF,South Africa,2014,PCV3,"Pneumococcal conjugate vaccine, final dose",OFFICIAL,Official coverage,2917492,1522911,52.2
COUNTRIES,ZAF,South Africa,2014,ROTAC,"Rotavirus, last dose",ADMIN,Administrative coverage,3427300,1946150,56.8
COUNTRIES,ZAF,South Africa,2015,BCG,BCG vaccine,ADMIN,Administrative coverage,2837186,2198692,77.5
COUNTRIES,ZAF,South Africa,2015,DTPCV1,"DTP-containing vaccine, 1st dose",OFFICIAL,Official coverage,2003923,1344153,67.1
COUNTRIES,ZAF,South Africa,2015,DTPCV3,"DTP-containing vaccine, 3rd dose",OFFICIAL,Official coverage,1813190,1480932,81.7
COUNTRIES,ZAF,South Africa,2015,MCV1,"Measles-containing vaccine, 1st dose",OFFICIAL,Official coverage,4878626,3733661,76.5
COUNTRIES,ZAF,South Africa,2015,MCV2,"Measles-containing vaccine, 2nd dose",ADMIN,Administrative coverage,2008074,1131510,56.3
COUNTRIES,ZAF,South Africa,2015,POL3,"Polio, 3rd dose",WUENIC,WHO/UNICEF Estimates of National Immunization Coverage,4813090,3334706,69.3
COUNTRIES,ZAF,South Africa,2015,HEPB3,"Hepatitis B, 3rd dose",ADMIN,Administrative coverage,3146750,1590231,50.5
COUNTRIES,ZAF,South Africa,2015,HIB3,"Hib, 3rd dose",OFFICIAL,Official coverage,4815257,3004798,62.4
COUNTRIES,ZAF,South Africa,2015,PCV3,"Pneumococcal conjugate vaccine, final dose",WUENIC,WHO/UNICEF Estimates of National Immunization Coverage,2293227,1355736,59.1
COUNTRIES,ZAF,South Africa,2015,ROTAC,"Rotavirus, last dose",ADMIN,Administrative coverage,3856762,1960942,50.8
COUNTRIES,ZAF,South Africa,2016,BCG,BCG vaccine,OFFICIAL,Official coverage,3262174,2995518,91.8
COUNTRIES,ZAF,South Africa,2016,DTPCV1,"DTP-containing vaccine, 1st dose",ADMIN,Administrative coverage,434533,246634,56.8
COUNTRIES,ZAF,South Africa,2016,DTPCV3,"DTP-containing vaccine, 3rd dose",ADMIN,Administrative coverage,1311668,1092794,83.3
COUNTRIES,ZAF,South Africa,2016,MCV1,"Measles-containing vaccine, 1st dose",ADMIN,Administrative coverage,626395,615627,98.3
COUNTRIES,ZAF,South Africa,2016,MCV2,"Measles-containing vaccine, 2nd dose",WUENIC,WHO/UNICEF Estimates of National Immunization Coverage,853995,627940,73.5
COUNTRIES,ZAF,South Africa,2016,POL3,"Polio, 3rd dose",OFFICIAL,Official coverage,2066211,1704562,82.5
COUNTRIES,ZAF,South Africa,2016,HEPB3,"Hepatitis B, 3rd dose",ADMIN,Administrative coverage,2246432,1236361,55.0
COUNTRIES,ZAF,South Africa,2016,HIB3,"Hib, 3rd dose",WUENIC,WHO/UNICEF Estimates of National Immunization Coverage,2260980,1310488,58.0
COUNTRIES,ZAF,South Africa,2016,PCV3,"Pneumococcal conjugate vaccine, final dose",WUENIC,WHO/UNICEF Estimates of National Immunization Coverage,1189391,569637,47.9
COUNTRIES,ZAF,South Africa,2016,ROTAC,"Rotavirus, last dose",ADMIN,Administrative coverage,1010875,546332,54.0
COUNTRIES,ZAF,South Africa,2017,BCG,BCG vaccine,WUENIC,WHO/UNICEF Estimates of National Immunization Coverage,321609,272231,84.6
COUNTRIES,ZAF,South Africa,2017,DTPCV1,"DTP-containing vaccine, 1st dose",ADMIN,Administrative coverage,227696,162092,71.2
COUNTRIES,ZAF,South Africa,2017,DTPCV3,"DTP-containing vaccine, 3rd dose",ADMIN,Administrative coverage,3005227,2416439,80.4
COUNTRIES,ZAF,South Africa,2017,MCV1,"Measles-containing vaccine, 1st dose",ADMIN,Administrative coverage,513723,455904,88.7
COUNTRIES,ZAF,South Africa,2017,MCV2,"Measles-containing vaccine, 2nd dose",OFFICIAL,Official coverage,2166811,1273410,58.8
COUNTRIES,ZAF,South Africa,2017,POL3,"Polio, 3rd dose",ADMIN,Administrative coverage,3699175,3303381,89.3
COUNTRIES,ZAF,South Africa,2017,HEPB3,"Hepatitis B, 3rd dose",WUENIC,WHO/UNICEF Estimates of National Immunization Coverage,3919883,2209005,56.4
COUNTRIES,ZAF,South Africa,2017,HIB3,"Hib, 3rd dose",OFFICIAL,Official coverage,2117911,1345189,63.5
COUNTRIES,ZAF,South Africa,2017,PCV3,"Pneumococcal conjugate vaccine, final dose",OFFICIAL,Official coverage,4747927,2574255,54.2
COUNTRIES,ZAF,South Africa,2017,ROTAC,"Rotavirus, last dose",OFFICIAL,Official coverage,1484636,609089,41.0
COUNTRIES,ZAF,South Africa,2018,BCG,BCG vaccine,ADMIN,Administrative coverage,755314,522632,69.2
COUNTRIES,ZAF,South Africa,2018,DTPCV1,"DTP-containing vaccine, 1st dose",ADMIN,Administrative coverage,4007874,2073498,51.7
COUNTRIES,ZAF,South Africa,2018,DTPCV3,"DTP-containing vaccine, 3rd dose",ADMIN,Administrative coverage,1232200,887727,72.0
COUNTRIES,ZAF,South Africa,2018,MCV1,"Measles-containing vaccine, 1st dose",WUENIC,WHO/UNICEF Estimates of National Immunization Coverage,322667,276198,85.6
COUNTRIES,ZAF,South Africa,2018,MCV2,"Measles-containing vaccine, 2nd dose",WUENIC,WHO/UNICEF Estimates of National Immunization Coverage,4782361,2528249,52.9
COUNTRIES,ZAF,South Africa,2018,POL3,"Polio, 3rd dose",ADMIN,Administrative coverage,1440502,1032721,71.7
COUNTRIES,ZAF,South Africa,2018,HEPB3,"Hepatitis B, 3rd dose",ADMIN,Administrative coverage,915144,652446,71.3
COUNTRIES,ZAF,South Africa,2018,HIB3,"Hib, 3rd dose",ADMIN,Administrative coverage,3945972,2173067,55.1
COUNTRIES,ZAF,South Africa,2018,PCV3,"Pneumococcal conjugate vaccine, final dose",WUENIC,WHO/UNICEF Estimates of National Immunization Coverage,572797,367296,64.1
COUNTRIES,ZAF,South Africa,2018,ROTAC,"Rotavirus, last dose",OFFICIAL,Official coverage,960906,554108,57.7
COUNTRIES,ZAF,South Africa,2019,BCG,BCG vaccine,ADMIN,Administrative coverage,464399,362266,78.0
COUNTRIES,ZAF,South Africa,2019,DTPCV1,"DTP-containing vaccine, 1st dose",ADMIN,Administrative coverage,2057091,1600560,77.8
COUNTRIES,ZAF,South Africa,2019,DTPCV3,"DTP-containing vaccine, 3rd dose",ADMIN,Administrative coverage,2851516,2012306,70.6
COUNTRIES,ZAF,South Africa,2019,MCV1,"Measles-containing vaccine, 1st dose",OFFICIAL,Official coverage,1364530,902218,66.1
COUNTRIES,ZAF,South Africa,2019,MCV2,"Measles-containing vaccine, 2nd dose",ADMIN,Administrative coverage,4978784,3840336,77.1
COUNTRIES,ZAF,South Africa,2019,POL3,"Polio, 3rd dose",OFFICIAL,Official coverage,1114641,945742,84.8
COUNTRIES,ZAF,South Africa,2019,HEPB3,"Hepatitis B, 3rd dose",ADMIN,Administrative coverage,298924,203705,68.1
COUNTRIES,ZAF,South Africa,2019,HIB3,"Hib, 3rd dose",WUENIC,WHO/UNICEF Estimates of National Immunization Coverage,1873334,1522375,81.3
COUNTRIES,ZAF,South Africa,2019,PCV3,"Pneumococcal conjugate vaccine, final dose",ADMIN,Administrative coverage,4789693,2483883,51.9
COUNTRIES,ZAF,South Africa,2019,ROTAC,"Rotavirus, last dose",ADMIN,Administrative coverage,1985272,1314283,66.2
COUNTRIES,ZAF,South Africa,2020,BCG,BCG vaccine,WUENIC,WHO/UNICEF Estimates of National Immunization Coverage,2617375,2134807,81.6
COUNTRIES,ZAF,South Africa,2020,DTPCV1,"DTP-containing vaccine, 1st dose",OFFICIAL,Official coverage,2467741,1470554,59.6
COUNTRIES,ZAF,South Africa,2020,DTPCV3,"DTP-containing vaccine, 3rd dose",ADMIN,Administrative coverage,1467003,1266236,86.3
COUNTRIES,ZAF,South Africa,2020,MCV1,"Measles-containing vaccine, 1st dose",ADMIN,Administrative coverage,2692159,2231922,82.9
COUNTRIES,ZAF,South Africa,2020,MCV2,"Measles-containing vaccine, 2nd dose",ADMIN,Administrative coverage,1613159,1098232,68.1
COUNTRIES,ZAF,South Africa,2020,POL3,"Polio, 3rd dose",WUENIC,WHO/UNICEF Estimates of National Immunization Coverage,3611669,2685169,74.3
COUNTRIES,ZAF,South Africa,2020,HEPB3,"Hepatitis B, 3rd dose",OFFICIAL,Official coverage,4387074,3631762,82.8
COUNTRIES,ZAF,South Africa,2020,HIB3,"Hib, 3rd dose",OFFICIAL,Official coverage,934094,605488,64.8
COUNTRIES,ZAF,South Africa,2020,PCV3,"Pneumococcal conjugate vaccine, final dose",WUENIC,WHO/UNICEF Estimates of National Immunization Coverage,874255,711077,81.3
COUNTRIES,ZAF,South Africa,2020,ROTAC,"Rotavirus, last dose",ADMIN,Administrative coverage,1469056,892851,60.8
COUNTRIES,ZAF,South Africa,2021,BCG,BCG vaccine,WUENIC,WHO/UNICEF Estimates of National Immunization Coverage,563676,468199,83.1
COUNTRIES,ZAF,South Africa,2021,DTPCV1,"DTP-containing vaccine, 1st dose",ADMIN,Administrative coverage,190689,145326,76.2
COUNTRIES,ZAF,South Africa,2021,DTPCV3,"DTP-containing vaccine, 3rd dose",ADMIN,Administrative coverage,1335801,1074887,80.5
COUNTRIES,ZAF,South Africa,2021,MCV1,"Measles-containing vaccine, 1st dose",OFFICIAL,Official coverage,874356,865612,99.0
COUNTRIES,ZAF,South Africa,2021,MCV2,"Measles-containing vaccine, 2nd dose",ADMIN,Administrative coverage,2418524,1281134,53.0
COUNTRIES,ZAF,South Africa,2021,POL3,"Polio, 3rd dose",OFFICIAL,Official coverage,211298,181901,86.1
COUNTRIES,ZAF,South Africa,2021,HEPB3,"Hepatitis B, 3rd dose",WUENIC,WHO/UNICEF Estimates of National Immunization Coverage,4068920,2398652,59.0
COUNTRIES,ZAF,South Africa,2021,HIB3,"Hib, 3rd dose",OFFICIAL,Official coverage,3127165,2167161,69.3
COUNTRIES,ZAF,South Africa,2021,PCV3,"Pneumococcal conjugate vaccine, final dose",ADMIN,Administrative coverage,4507005,3053179,67.7
COUNTRIES,ZAF,South Africa,2021,ROTAC,"Rotavirus, last dose",OFFICIAL,Official coverage,3794795,2493034,65.7
COUNTRIES,ZAF,South Africa,2022,BCG,BCG vaccine,ADMIN,Administrative coverage,2743974,2716534,99.0
COUNTRIES,ZAF,South Africa,2022,DTPCV1,"DTP-containing vaccine, 1st dose",ADMIN,Administrative coverage,3393473,2715178,80.0
COUNTRIES,ZAF,South Africa,2022,DTPCV3,"DTP-containing vaccine, 3rd dose",WUENIC,WHO/UNICEF Estimates of National Immunization Coverage,3584666,2818877,78.6
COUNTRIES,ZAF,South Africa,2022,MCV1,"Measles-containing vaccine, 1st dose",ADMIN,Administrative coverage,3775614,3383986,89.6
COUNTRIES,ZAF,South Africa,2022,MCV2,"Measles-containing vaccine, 2nd dose",ADMIN,Administrative coverage,4371613,2263666,51.8
COUNTRIES,ZAF,South Africa,2022,POL3,"Polio, 3rd dose",OFFICIAL,Official coverage,3239291,3206898,99.0
COUNTRIES,ZAF,South Africa,2022,HEPB3,"Hepatitis B, 3rd dose",ADMIN,Administrative coverage,1173045,846054,72.1
COUNTRIES,ZAF,South Africa,2022,HIB3,"Hib, 3rd dose",ADMIN,Administrative coverage,4861071,3286030,67.6
COUNTRIES,ZAF,South Africa,2022,PCV3,"Pneumococcal conjugate vaccine, final dose",ADMIN,Administrative coverage,3580202,2254064,63.0
COUNTRIES,ZAF,South Africa,2022,ROTAC,"Rotavirus, last dose",ADMIN,Administrative coverage,3872270,2563059,66.2
COUNTRIES,ZAF,South Africa,2023,BCG,BCG vaccine,ADMIN,Administrative coverage,2027165,1821242,89.8
COUNTRIES,ZAF,South Africa,2023,DTPCV1,"DTP-containing vaccine, 1st dose",ADMIN,Administrative coverage,2089436,1672641,80.1
COUNTRIES,ZAF,South Africa,2023,DTPCV3,"DTP-containing vaccine, 3rd dose",OFFICIAL,Official coverage,4260563,4015260,94.2
COUNTRIES,ZAF,South Africa,2023,MCV1,"Measles-containing vaccine, 1st dose",OFFICIAL,Official coverage,1141723,1130305,99.0
COUNTRIES,ZAF,South Africa,2023,MCV2,"Measles-containing vaccine, 2nd dose",ADMIN,Administrative coverage,418921,225508,53.8
COUNTRIES,ZAF,South Africa,2023,POL3,"Polio, 3rd dose",ADMIN,Administrative coverage,1456085,1266500,87.0
COUNTRIES,ZAF,South Africa,2023,HEPB3,"Hepatitis B, 3rd dose",WUENIC,WHO/UNICEF Estimates of National Immunization Coverage,2676301,2474276,92.5
COUNTRIES,ZAF,South Africa,2023,HIB3,"Hib, 3rd dose",WUENIC,WHO/UNICEF Estimates of National Immunization Coverage,1871936,986365,52.7
COUNTRIES,ZAF,South Africa,2023,PCV3,"Pneumococcal conjugate vaccine, final dose",OFFICIAL,Official coverage,4811515,2889111,60.0
COUNTRIES,ZAF,South Africa,2023,ROTAC,"Rotavirus, last dose",ADMIN,Administrative coverage,1431880,927301,64.8
COUNTRIES,ZAF,South Africa,2024,BCG,BCG vaccine,ADMIN,Administrative coverage,2548544,2236155,87.7
COUNTRIES,ZAF,South Africa,2024,DTPCV1,"DTP-containing vaccine, 1st dose",ADMIN,Administrative coverage,4153308,3484970,83.9
COUNTRIES,ZAF,South Africa,2024,DTPCV3,"DTP-containing vaccine, 3rd dose",ADMIN,Administrative coverage,4217973,4175793,99.0
COUNTRIES,ZAF,South Africa,2024,MCV1,"Measles-containing vaccine, 1st dose",OFFICIAL,Official coverage,4157964,4116384,99.0
COUNTRIES,ZAF,South Africa,2024,MCV2,"Measles-containing vaccine, 2nd dose",WUENIC,WHO/UNICEF Estimates of National Immunization Coverage,3784049,2393751,63.3
COUNTRIES,ZAF,South Africa,2024,POL3,"Polio, 3rd dose",WUENIC,WHO/UNICEF Estimates of National Immunization Coverage,2340860,1996938,85.3
COUNTRIES,ZAF,South Africa,2024,HEPB3,"Hepatitis B, 3rd dose",ADMIN,Administrative coverage,1223077,762081,62.3
COUNTRIES,ZAF,South Africa,2024,HIB3,"Hib, 3rd dose",ADMIN,Administrative coverage,945318,751610,79.5
COUNTRIES,ZAF,South Africa,2024,PCV3,"Pneumococcal conjugate vaccine, final dose",ADMIN,Administrative coverage,1622102,1127730,69.5
COUNTRIES,ZAF,South Africa,2024,ROTAC,"Rotavirus, last dose",WUENIC,WHO/UNICEF Estimates of National Immunization Coverage,4513593,3094890,68.6
COUNTRIES,KEN,Kenya,2010,BCG,BCG vaccine,OFFICIAL,Official coverage,4023883,2982042,74.1
COUNTRIES,KEN,Kenya,2010,DTPCV1,"DTP-containing vaccine, 1st dose",OFFICIAL,Official coverage,4211460,1931112,45.9
COUNTRIES,KEN,Kenya,2010,DTPCV3,"DTP-containing vaccine, 3rd dose",OFFICIAL,Official coverage,3918784,3224708,82.3
COUNTRIES,KEN,Kenya,2010,MCV1,"Measles-containing vaccine, 1st dose",OFFICIAL,Official coverage,1527482,1142255,74.8
COUNTRIES,KEN,Kenya,2010,MCV2,"Measles-containing vaccine, 2nd dose",ADMIN,Administrative coverage,2991507,974445,32.6
COUNTRIES,KEN,Kenya,2010,POL3,"Polio, 3rd dose",OFFICIAL,Official coverage,1175664,885599,75.3
COUNTRIES,KEN,Kenya,2010,HEPB3,"Hepatitis B, 3rd dose",ADMIN,Administrative coverage,2717107,1791025,65.9
COUNTRIES,KEN,Kenya,2010,HIB3,"Hib, 3rd dose",WUENIC,WHO/UNICEF Estimates of National Immunization Coverage,3009532,1910185,63.5
COUNTRIES,KEN,Kenya,2010,PCV3,"Pneumococcal conjugate vaccine, final dose",OFFICIAL,Official coverage,1156136,497517,43.0
COUNTRIES,KEN,Kenya,2010,ROTAC,"Rotavirus, last dose",OFFICIAL,Official coverage,2080603,1188629,57.1
COUNTRIES,KEN,Kenya,2011,BCG,BCG vaccine,OFFICIAL,Official coverage,4524445,3416072,75.5
COUNTRIES,KEN,Kenya,2011,DTPCV1,"DTP-containing vaccine, 1st dose",OFFICIAL,Official coverage,1032912,657332,63.6
COUNTRIES,KEN,Kenya,2011,DTPCV3,"DTP-containing vaccine, 3rd dose",ADMIN,Administrative coverage,579983,400352,69.0
COUNTRIES,KEN,Kenya,2011,MCV1,"Measles-containing vaccine, 1st dose",ADMIN,Administrative coverage,2599684,1421074,54.7
COUNTRIES,KEN,Kenya,2011,MCV2,"Measles-containing vaccine, 2nd dose",ADMIN,Administrative coverage,4990560,2721402,54.5
COUNTRIES,KEN,Kenya,2011,POL3,"Polio, 3rd dose",OFFICIAL,Official coverage,961345,532401,55.4
COUNTRIES,KEN,Kenya,2011,HEPB3,"Hepatitis B, 3rd dose",OFFICIAL,Official coverage,1342348,847750,63.2
COUNTRIES,KEN,Kenya,2011,HIB3,"Hib, 3rd dose",ADMIN,Administrative coverage,3841343,2308057,60.1
COUNTRIES,KEN,Kenya,2011,PCV3,"Pneumococcal conjugate vaccine, final dose",WUENIC,WHO/UNICEF Estimates of National Immunization Coverage,500067,314075,62.8
COUNTRIES,KEN,Kenya,2011,ROTAC,"Rotavirus, last dose",ADMIN,Administrative coverage,1209149,510667,42.2
COUNTRIES,KEN,Kenya,2012,BCG,BCG vaccine,ADMIN,Administrative coverage,1162762,979466,84.2
COUNTRIES,KEN,Kenya,2012,DTPCV1,"DTP-containing vaccine, 1st dose",ADMIN,Administrative coverage,1336793,953228,71.3
COUNTRIES,KEN,Kenya,2012,DTPCV3,"DTP-containing vaccine, 3rd dose",ADMIN,Administrative coverage,1991042,1467258,73.7
COUNTRIES,KEN,Kenya,2012,MCV1,"Measles-containing vaccine, 1st dose",OFFICIAL,Official coverage,4768648,3099463,65.0
COUNTRIES,KEN,Kenya,2012,MCV2,"Measles-containing vaccine, 2nd dose",ADMIN,Administrative coverage,3907469,2286361,58.5
COUNTRIES,KEN,Kenya,2012,POL3,"Polio, 3rd dose",OFFICIAL,Official coverage,1142924,747586,65.4
COUNTRIES,KEN,Kenya,2012,HEPB3,"Hepatitis B, 3rd dose",WUENIC,WHO/UNICEF Estimates of National Immunization Coverage,3522108,2419273,68.7
COUNTRIES,KEN,Kenya,2012,HIB3,"Hib, 3rd dose",WUENIC,WHO/UNICEF Estimates of National Immunization Coverage,3396953,1460719,43.0
COUNTRIES,KEN,Kenya,2012,PCV3,"Pneumococcal conjugate vaccine, final dose",ADMIN,Administrative coverage,262628,116021,44.2
COUNTRIES,KEN,Kenya,2012,ROTAC,"Rotavirus, last dose",OFFICIAL,Official coverage,4377261,2085464,47.6
COUNTRIES,KEN,Kenya,2013,BCG,BCG vaccine,ADMIN,Administrative coverage,4821873,3511983,72.8
COUNTRIES,KEN,Kenya,2013,DTPCV1,"DTP-containing vaccine, 1st dose",WUENIC,WHO/UNICEF Estimates of National Immunization Coverage,2434333,1538588,63.2
COUNTRIES,KEN,Kenya,2013,DTPCV3,"DTP-containing vaccine, 3rd dose",ADMIN,Administrative coverage,1609284,1148654,71.4
COUNTRIES,KEN,Kenya,2013,MCV1,"Measles-containing vaccine, 1st dose",OFFICIAL,Official coverage,54694,43005,78.6
COUNTRIES,KEN,Kenya,2013,MCV2,"Measles-containing vaccine, 2nd dose",ADMIN,Administrative coverage,3787486,1999335,52.8
COUNTRIES,KEN,Kenya,2013,POL3,"Polio, 3rd dose",ADMIN,Administrative coverage,2087775,1643460,78.7
COUNTRIES,KEN,Kenya,2013,HEPB3,"Hepatitis B, 3rd dose",ADMIN,Administrative coverage,2036373,1217225,59.8
COUNTRIES,KEN,Kenya,2013,HIB3,"Hib, 3rd dose",WUENIC,WHO/UNICEF Estimates of National Immunization Coverage,4134488,1904057,46.1
COUNTRIES,KEN,Kenya,2013,PCV3,"Pneumococcal conjugate vaccine, final dose",OFFICIAL,Official coverage,2663456,1218393,45.7
COUNTRIES,KEN,Kenya,2013,ROTAC,"Rotavirus, last dose",WUENIC,WHO/UNICEF Estimates of National Immunization Coverage,3736207,2307225,61.8
COUNTRIES,KEN,Kenya,2014,BCG,BCG vaccine,WUENIC,WHO/UNICEF Estimates of National Immunization Coverage,4276479,3041441,71.1
COUNTRIES,KEN,Kenya,2014,DTPCV1,"DTP-containing vaccine, 1st dose",ADMIN,Administrative coverage,1817052,1112935,61.2
COUNTRIES,KEN,Kenya,2014,DTPCV3,"DTP-containing vaccine, 3rd dose",OFFICIAL,Official coverage,4754863,3864002,81.3
COUNTRIES,KEN,Kenya,2014,MCV1,"Measles-containing vaccine, 1st dose",ADMIN,Administrative coverage,165064,135784,82.3
COUNTRIES,KEN,Kenya,2014,MCV2,"Measles-containing vaccine, 2nd dose",ADMIN,Administrative coverage,1590850,660070,41.5
COUNTRIES,KEN,Kenya,2014,POL3,"Polio, 3rd dose",WUENIC,WHO/UNICEF Estimates of National Immunization Coverage,4312551,3963689,91.9
COUNTRIES,KEN,Kenya,2014,HEPB3,"Hepatitis B, 3rd dose",ADMIN,Administrative coverage,2988324,1729718,57.9
COUNTRIES,KEN,Kenya,2014,HIB3,"Hib, 3rd dose",OFFICIAL,Official coverage,4425446,2942748,66.5
COUNTRIES,KEN,Kenya,2014,PCV3,"Pneumococcal conjugate vaccine, final dose",ADMIN,Administrative coverage,423921,262817,62.0
COUNTRIES,KEN,Kenya,2014,ROTAC,"Rotavirus, last dose",ADMIN,Administrative coverage,3779046,2036053,53.9
COUNTRIES,KEN,Kenya,2015,BCG,BCG vaccine,ADMIN,Administrative coverage,1244497,935613,75.2
COUNTRIES,KEN,Kenya,2015,DTPCV1,"DTP-containing vaccine, 1st dose",WUENIC,WHO/UNICEF Estimates of National Immunization Coverage,1890220,755753,40.0
COUNTRIES,KEN,Kenya,2015,DTPCV3,"DTP-containing vaccine, 3rd dose",OFFICIAL,Official coverage,2727678,1681614,61.7
COUNTRIES,KEN,Kenya,2015,MCV1,"Measles-containing vaccine, 1st dose",OFFICIAL,Official coverage,1186263,877273,74.0
COUNTRIES,KEN,Kenya,2015,MCV2,"Measles-containing vaccine, 2nd dose",OFFICIAL,Official coverage,2547838,1320922,51.8
COUNTRIES,KEN,Kenya,2015,POL3,"Polio, 3rd dose",WUENIC,WHO/UNICEF Estimates of National Immunization Coverage,2349820,2007440,85.4
COUNTRIES,KEN,Kenya,2015,HEPB3,"Hepatitis B, 3rd dose",OFFICIAL,Official coverage,1867765,1153874,61.8
COUNTRIES,KEN,Kenya,2015,HIB3,"Hib, 3rd dose",WUENIC,WHO/UNICEF Estimates of National Immunization Coverage,3573319,2374720,66.5
COUNTRIES,KEN,Kenya,2015,PCV3,"Pneumococcal conjugate vaccine, final dose",OFFICIAL,Official coverage,2092896,1420165,67.9
COUNTRIES,KEN,Kenya,2015,ROTAC,"Rotavirus, last dose",WUENIC,WHO/UNICEF Estimates of National Immunization Coverage,1449433,802180,55.3
COUNTRIES,KEN,Kenya,2016,BCG,BCG vaccine,OFFICIAL,Official coverage,4307450,2965123,68.8
COUNTRIES,KEN,Kenya,2016,DTPCV1,"DTP-containing vaccine, 1st dose",WUENIC,WHO/UNICEF Estimates of National Immunization Coverage,766177,561129,73.2
COUNTRIES,KEN,Kenya,2016,DTPCV3,"DTP-containing vaccine, 3rd dose",OFFICIAL,Official coverage,3165209,2941027,92.9
COUNTRIES,KEN,Kenya,2016,MCV1,"Measles-containing vaccine, 1st dose",OFFICIAL,Official coverage,1558797,1242084,79.7
COUNTRIES,KEN,Kenya,2016,MCV2,"Measles-containing vaccine, 2nd dose",ADMIN,Administrative coverage,4317132,2492988,57.7
COUNTRIES,KEN,Kenya,2016,POL3,"Polio, 3rd dose",WUENIC,WHO/UNICEF Estimates of National Immunization Coverage,136569,113898,83.4
COUNTRIES,KEN,Kenya,2016,HEPB3,"Hepatitis B, 3rd dose",WUENIC,WHO/UNICEF Estimates of National Immunization Coverage,1034131,657095,63.5
COUNTRIES,KEN,Kenya,2016,HIB3,"Hib, 3rd dose",WUENIC,WHO/UNICEF Estimates of National Immunization Coverage,1271793,808778,63.6
COUNTRIES,KEN,Kenya,2016,PCV3,"Pneumococcal conjugate vaccine, final dose",ADMIN,Administrative coverage,995424,517058,51.9
COUNTRIES,KEN,Kenya,2016,ROTAC,"Rotavirus, last dose",ADMIN,Administrative coverage,2070148,1163845,56.2
COUNTRIES,KEN,Kenya,2017,BCG,BCG vaccine,ADMIN,Administrative coverage,4086589,3228208,79.0
COUNTRIES,KEN,Kenya,2017,DTPCV1,"DTP-containing vaccine, 1st dose",WUENIC,WHO/UNICEF Estimates of National Immunization Coverage,2066142,1295027,62.7
COUNTRIES,KEN,Kenya,2017,DTPCV3,"DTP-containing vaccine, 3rd dose",ADMIN,Administrative coverage,2741207,2106446,76.8
COUNTRIES,KEN,Kenya,2017,MCV1,"Measles-containing vaccine, 1st dose",WUENIC,WHO/UNICEF Estimates of National Immunization Coverage,345863,266693,77.1
COUNTRIES,KEN,Kenya,2017,MCV2,"Measles-containing vaccine, 2nd dose",OFFICIAL,Official coverage,866445,472868,54.6
COUNTRIES,KEN,Kenya,2017,POL3,"Polio, 3rd dose",WUENIC,WHO/UNICEF Estimates of National Immunization Coverage,2246856,2036861,90.7
COUNTRIES,KEN,Kenya,2017,HEPB3,"Hepatitis B, 3rd dose",WUENIC,WHO/UNICEF Estimates of National Immunization Coverage,1422407,1013512,71.3
COUNTRIES,KEN,Kenya,2017,HIB3,"Hib, 3rd dose",OFFICIAL,Official coverage,4583027,3669087,80.1
COUNTRIES,KEN,Kenya,2017,PCV3,"Pneumococcal conjugate vaccine, final dose",WUENIC,WHO/UNICEF Estimates of National Immunization Coverage,2164253,1544607,71.4
COUNTRIES,KEN,Kenya,2017,ROTAC,"Rotavirus, last dose",ADMIN,Administrative coverage,4290843,2385496,55.6
COUNTRIES,KEN,Kenya,2018,BCG,BCG vaccine,ADMIN,Administrative coverage,820569,651538,79.4
COUNTRIES,KEN,Kenya,2018,DTPCV1,"DTP-containing vaccine, 1st dose",WUENIC,WHO/UNICEF Estimates of National Immunization Coverage,1128562,750127,66.5
COUNTRIES,KEN,Kenya,2018,DTPCV3,"DTP-containing vaccine, 3rd dose",OFFICIAL,Official coverage,3705847,3205787,86.5
COUNTRIES,KEN,Kenya,2018,MCV1,"Measles-containing vaccine, 1st dose",ADMIN,Administrative coverage,3777904,3464702,91.7
COUNTRIES,KEN,Kenya,2018,MCV2,"Measles-containing vaccine, 2nd dose",ADMIN,Administrative coverage,2072307,1331243,64.2
COUNTRIES,KEN,Kenya,2018,POL3,"Polio, 3rd dose",ADMIN,Administrative coverage,2148984,1723346,80.2
COUNTRIES,KEN,Kenya,2018,HEPB3,"Hepatitis B, 3rd dose",ADMIN,Administrative coverage,3833938,3086042,80.5
COUNTRIES,KEN,Kenya,2018,HIB3,"Hib, 3rd dose",ADMIN,Administrative coverage,677475,436013,64.4
COUNTRIES,KEN,Kenya,2018,PCV3,"Pneumococcal conjugate vaccine, final dose",ADMIN,Administrative coverage,590027,325447,55.2
COUNTRIES,KEN,Kenya,2018,ROTAC,"Rotavirus, last dose",ADMIN,Administrative coverage,3532837,1729490,49.0
COUNTRIES,KEN,Kenya,2019,BCG,BCG vaccine,OFFICIAL,Official coverage,2851133,2375571,83.3
COUNTRIES,KEN,Kenya,2019,DTPCV1,"DTP-containing vaccine, 1st dose",OFFICIAL,Official coverage,746084,562569,75.4
COUNTRIES,KEN,Kenya,2019,DTPCV3,"DTP-containing vaccine, 3rd dose",ADMIN,Administrative coverage,2531498,2138557,84.5
COUNTRIES,KEN,Kenya,2019,MCV1,"Measles-containing vaccine, 1st dose",ADMIN,Administrative coverage,2418029,1938008,80.1
COUNTRIES,KEN,Kenya,2019,MCV2,"Measles-containing vaccine, 2nd dose",WUENIC,WHO/UNICEF Estimates of National Immunization Coverage,86051,44228,51.4
COUNTRIES,KEN,Kenya,2019,POL3,"Polio, 3rd dose",OFFICIAL,Official coverage,4617994,3538425,76.6
COUNTRIES,KEN,Kenya,2019,HEPB3,"Hepatitis B, 3rd dose",WUENIC,WHO/UNICEF Estimates of National Immunization Coverage,2072862,1510044,72.8
COUNTRIES,KEN,Kenya,2019,HIB3,"Hib, 3rd dose",ADMIN,Administrative coverage,727551,460059,63.2
COUNTRIES,KEN,Kenya,2019,PCV3,"Pneumococcal conjugate vaccine, final dose",WUENIC,WHO/UNICEF Estimates of National Immunization Coverage,547165,350071,64.0
COUNTRIES,KEN,Kenya,2019,ROTAC,"Rotavirus, last dose",ADMIN,Administrative coverage,1323871,659861,49.8
COUNTRIES,KEN,Kenya,2020,BCG,BCG vaccine,WUENIC,WHO/UNICEF Estimates of National Immunization Coverage,3143348,2336140,74.3
COUNTRIES,KEN,Kenya,2020,DTPCV1,"DTP-containing vaccine, 1st dose",OFFICIAL,Official coverage,3007135,2314160,77.0
COUNTRIES,KEN,Kenya,2020,DTPCV3,"DTP-containing vaccine, 3rd dose",WUENIC,WHO/UNICEF Estimates of National Immunization Coverage,4785332,3893167,81.4
COUNTRIES,KEN,Kenya,2020,MCV1,"Measles-containing vaccine, 1st dose",OFFICIAL,Official coverage,4779244,4156014,87.0
COUNTRIES,KEN,Kenya,2020,MCV2,"Measles-containing vaccine, 2nd dose",OFFICIAL,Official coverage,2456967,1203789,49.0
COUNTRIES,KEN,Kenya,2020,POL3,"Polio, 3rd dose",OFFICIAL,Official coverage,108541,88147,81.2
COUNTRIES,KEN,Kenya,2020,HEPB3,"Hepatitis B, 3rd dose",OFFICIAL,Official coverage,2715748,2321475,85.5
COUNTRIES,KEN,Kenya,2020,HIB3,"Hib, 3rd dose",WUENIC,WHO/UNICEF Estimates of National Immunization Coverage,1148053,745411,64.9
COUNTRIES,KEN,Kenya,2020,PCV3,"Pneumococcal conjugate vaccine, final dose",ADMIN,Administrative coverage,345215,188506,54.6
COUNTRIES,KEN,Kenya,2020,ROTAC,"Rotavirus, last dose",WUENIC,WHO/UNICEF Estimates of National Immunization Coverage,1287087,856023,66.5
COUNTRIES,KEN,Kenya,2021,BCG,BCG vaccine,ADMIN,Administrative coverage,2934112,2184007,74.4
COUNTRIES,KEN,Kenya,2021,DTPCV1,"DTP-containing vaccine, 1st dose",ADMIN,Administrative coverage,1416528,936891,66.1
COUNTRIES,KEN,Kenya,2021,DTPCV3,"DTP-containing vaccine, 3rd dose",WUENIC,WHO/UNICEF Estimates of National Immunization Coverage,2523139,2147857,85.1
COUNTRIES,KEN,Kenya,2021,MCV1,"Measles-containing vaccine, 1st dose",OFFICIAL,Official coverage,1202007,1189986,99.0
COUNTRIES,KEN,Kenya,2021,MCV2,"Measles-containing vaccine, 2nd dose",OFFICIAL,Official coverage,3401066,2268516,66.7
COUNTRIES,KEN,Kenya,2021,POL3,"Polio, 3rd dose",OFFICIAL,Official coverage,3934036,2962651,75.3
COUNTRIES,KEN,Kenya,2021,HEPB3,"Hepatitis B, 3rd dose",WUENIC,WHO/UNICEF Estimates of National Immunization Coverage,3033130,2087197,68.8
COUNTRIES,KEN,Kenya,2021,HIB3,"Hib, 3rd dose",OFFICIAL,Official coverage,3585054,2666169,74.4
COUNTRIES,KEN,Kenya,2021,PCV3,"Pneumococcal conjugate vaccine, final dose",ADMIN,Administrative coverage,734143,455424,62.0
COUNTRIES,KEN,Kenya,2021,ROTAC,"Rotavirus, last dose",WUENIC,WHO/UNICEF Estimates of National Immunization Coverage,1447636,994766,68.7
COUNTRIES,KEN,Kenya,2022,BCG,BCG vaccine,OFFICIAL,Official coverage,1579275,1563482,99.0
COUNTRIES,KEN,Kenya,2022,DTPCV1,"DTP-containing vaccine, 1st dose",ADMIN,Administrative coverage,152903,106182,69.4
COUNTRIES,KEN,Kenya,2022,DTPCV3,"DTP-containing vaccine, 3rd dose",ADMIN,Administrative coverage,1657850,1583846,95.5
COUNTRIES,KEN,Kenya,2022,MCV1,"Measles-containing vaccine, 1st dose",OFFICIAL,Official coverage,3556319,3203084,90.1
COUNTRIES,KEN,Kenya,2022,MCV2,"Measles-containing vaccine, 2nd dose",ADMIN,Administrative coverage,1190170,830343,69.8
COUNTRIES,KEN,Kenya,2022,POL3,"Polio, 3rd dose",WUENIC,WHO/UNICEF Estimates of National Immunization Coverage,552939,471451,85.3
COUNTRIES,KEN,Kenya,2022,HEPB3,"Hepatitis B, 3rd dose",ADMIN,Administrative coverage,2381499,1846532,77.5
COUNTRIES,KEN,Kenya,2022,HIB3,"Hib, 3rd dose",WUENIC,WHO/UNICEF Estimates of National Immunization Coverage,876278,585490,66.8
COUNTRIES,KEN,Kenya,2022,PCV3,"Pneumococcal conjugate vaccine, final dose",OFFICIAL,Official coverage,1393316,808721,58.0
COUNTRIES,KEN,Kenya,2022,ROTAC,"Rotavirus, last dose",WUENIC,WHO/UNICEF Estimates of National Immunization Coverage,396990,222113,55.9
COUNTRIES,KEN,Kenya,2023,BCG,BCG vaccine,OFFICIAL,Official coverage,1497839,1217013,81.3
COUNTRIES,KEN,Kenya,2023,DTPCV1,"DTP-containing vaccine, 1st dose",WUENIC,WHO/UNICEF Estimates of National Immunization Coverage,2570908,2345389,91.2
COUNTRIES,KEN,Kenya,2023,DTPCV3,"DTP-containing vaccine, 3rd dose",OFFICIAL,Official coverage,3664670,3519174,96.0
COUNTRIES,KEN,Kenya,2023,MCV1,"Measles-containing vaccine, 1st dose",ADMIN,Administrative coverage,390716,316602,81.0
COUNTRIES,KEN,Kenya,2023,MCV2,"Measles-containing vaccine, 2nd dose",ADMIN,Administrative coverage,705408,499991,70.9
COUNTRIES,KEN,Kenya,2023,POL3,"Polio, 3rd dose",WUENIC,WHO/UNICEF Estimates of National Immunization Coverage,926038,916777,99.0
COUNTRIES,KEN,Kenya,2023,HEPB3,"Hepatitis B, 3rd dose",ADMIN,Administrative coverage,1549202,1001707,64.7
COUNTRIES,KEN,Kenya,2023,HIB3,"Hib, 3rd dose",WUENIC,WHO/UNICEF Estimates of National Immunization Coverage,2500020,2114538,84.6
COUNTRIES,KEN,Kenya,2023,PCV3,"Pneumococcal conjugate vaccine, final dose",ADMIN,Administrative coverage,2156040,1257697,58.3
COUNTRIES,KEN,Kenya,2023,ROTAC,"Rotavirus, last dose",OFFICIAL,Official coverage,2426629,1843637,76.0
COUNTRIES,KEN,Kenya,2024,BCG,BCG vaccine,ADMIN,Administrative coverage,280487,201333,71.8
COUNTRIES,KEN,Kenya,2024,DTPCV1,"DTP-containing vaccine, 1st dose",ADMIN,Administrative coverage,641952,519266,80.9
COUNTRIES,KEN,Kenya,2024,DTPCV3,"DTP-containing vaccine, 3rd dose",OFFICIAL,Official coverage,3813632,3035958,79.6
COUNTRIES,KEN,Kenya,2024,MCV1,"Measles-containing vaccine, 1st dose",OFFICIAL,Official coverage,4033190,3510899,87.1
COUNTRIES,KEN,Kenya,2024,MCV2,"Measles-containing vaccine, 2nd dose",ADMIN,Administrative coverage,4896936,3134276,64.0
COUNTRIES,KEN,Kenya,2024,POL3,"Polio, 3rd dose",OFFICIAL,Official coverage,2791894,2565739,91.9
COUNTRIES,KEN,Kenya,2024,HEPB3,"Hepatitis B, 3rd dose",ADMIN,Administrative coverage,2451756,2107766,86.0
COUNTRIES,KEN,Kenya,2024,HIB3,"Hib, 3rd dose",OFFICIAL,Official coverage,655829,532653,81.2
COUNTRIES,KEN,Kenya,2024,PCV3,"Pneumococcal conjugate vaccine, final dose",ADMIN,Administrative coverage,2310100,1620660,70.2
COUNTRIES,KEN,Kenya,2024,ROTAC,"Rotavirus, last dose",WUENIC,WHO/UNICEF Estimates of National Immunization Coverage,4526952,2522829,55.7
