ISO_3_Code,Country_Name,WHO_Region,Year,Description,Intro
AFG,Afghanistan,EMRO,2010,Hepatitis B vaccine,No
AFG,Afghanistan,EMRO,2011,Hepatitis B vaccine,Yes
AFG,Afghanistan,EMRO,2012,Hepatitis B vaccine,Yes
AFG,Afghanistan,EMRO,2013,Hepatitis B vaccine,Yes
AFG,Afghanistan,EMRO,2014,Hepatitis B vaccine,Yes
AFG,Afghanistan,EMRO,2015,Hepatitis B vaccine,Yes
AFG,Afghanistan,EMRO,2016,Hepatitis B vaccine,Yes
AFG,Afghanistan,EMRO,2017,Hepatitis B vaccine,Yes
AFG,Afghanistan,EMRO,2018,Hepatitis B vaccine,Yes
AFG,Afghanistan,EMRO,2019,Hepatitis B vaccine,Yes
AFG,Afghanistan,EMRO,2020,Hepatitis B vaccine,Yes
AFG,Afghanistan,EMRO,2021,Hepatitis B vaccine,Yes
AFG,Afghanistan,EMRO,2022,Hepatitis B vaccine,Yes
AFG,Afghanistan,EMRO,2023,Hepatitis B vaccine,Yes
AFG,Afghanistan,EMRO,2024,Hepatitis B vaccine,Yes
AFG,Afghanistan,EMRO,2010,Hib vaccine,No
AFG,Afghanistan,EMRO,2011,Hib vaccine,Yes
AFG,Afghanistan,EMRO,2012,Hib vaccine,Yes
AFG,Afghanistan,EMRO,2013,Hib vaccine,Yes
AFG,Afghanistan,EMRO,2014,Hib vaccine,Yes
AFG,Afghanistan,EMRO,2015,Hib vaccine,Yes
AFG,Afghanistan,EMRO,2016,Hib vaccine,Yes
AFG,Afghanistan,EMRO,2017,Hib vaccine,Yes
AFG,Afghanistan,EMRO,2018,Hib vaccine,Yes
AFG,Afghanistan,EMRO,2019,Hib vaccine,Yes
AFG,Afghanistan,EMRO,2020,Hib vaccine,Yes
AFG,Afghanistan,EMRO,2021,Hib vaccine,Yes
AFG,Afghanistan,EMRO,2022,Hib vaccine,Yes
AFG,Afghanistan,EMRO,2023,Hib vaccine,Yes
AFG,Afghanistan,EMRO,2024,Hib vaccine,Yes
AFG,Afghanistan,EMRO,2010,Pneumococcal conjugate vaccine,Yes
AFG,Afghanistan,EMRO,2011,Pneumococcal conjugate vaccine,Yes
AFG,Afghanistan,EMRO,2012,Pneumococcal conjugate vaccine,Yes
AFG,Afghanistan,EMRO,2013,Pneumococcal conjugate vaccine,Yes
AFG,Afghanistan,EMRO,2014,Pneumococcal conjugate vaccine,Yes
AFG,Afghanistan,EMRO,2015,Pneumococcal conjugate vaccine,Yes
AFG,Afghanistan,EMRO,2016,Pneumococcal conjugate vaccine,Yes
AFG,Afghanistan,EMRO,2017,Pneumococcal conjugate vaccine,Yes
AFG,Afghanistan,EMRO,2018,Pneumococcal conjugate vaccine,Yes
AFG,Afghanistan,EMRO,2019,Pneumococcal conjugate vaccine,Yes
AFG,Afghanistan,EMRO,2020,Pneumococcal conjugate vaccine,Yes
AFG,Afghanistan,EMRO,2021,Pneumococcal conjugate vaccine,Yes
AFG,Afghanistan,EMRO,2022,Pneumococcal conjugate vaccine,Yes
AFG,Afghanistan,EMRO,2023,Pneumococcal conjugate vaccine,Yes
AFG,Afghanistan,EMRO,2024,Pneumococcal conjugate vaccine,Yes
AFG,Afghanistan,EMRO,2010,Rotavirus vaccine,Yes
AFG,Afghanistan,EMRO,2011,Rotavirus vaccine,Yes
AFG,Afghanistan,EMRO,2012,Rotavirus vaccine,Yes
AFG,Afghanistan,EMRO,2013,Rotavirus vaccine,Yes
AFG,Afghanistan,EMRO,2014,Rotavirus vaccine,Yes
AFG,Afghanistan,EMRO,2015,Rotavirus vaccine,Yes
AFG,Afghanistan,EMRO,2016,Rotavirus vaccine,Yes
AFG,Afghanistan,EMRO,2017,Rotavirus vaccine,Yes
AFG,Afghanistan,EMRO,2018,Rotavirus vaccine,Yes
AFG,Afghanistan,EMRO,2019,Rotavirus vaccine,Yes
AFG,Afghanistan,EMRO,2020,Rotavirus vaccine,Yes
AFG,Afghanistan,EMRO,2021,Rotavirus vaccine,Yes
AFG,Afghanistan,EMRO,2022,Rotavirus vaccine,Yes
AFG,Afghanistan,EMRO,2023,Rotavirus vaccine,Yes
AFG,Afghanistan,EMRO,2024,Rotavirus vaccine,Yes
AFG,Afghanistan,EMRO,2010,HPV vaccine,No
AFG,Afghanistan,EMRO,2011,HPV vaccine,No
AFG,Afghanistan,EMRO,2012,HPV vaccine,No
AFG,Afghanistan,EMRO,2013,HPV vaccine,No
AFG,Afghanistan,EMRO,2014,HPV vaccine,No
AFG,Afghanistan,EMRO,2015,HPV vaccine,No
AFG,Afghanistan,EMRO,2016,HPV vaccine,No
AFG,Afghanistan,EMRO,2017,HPV vaccine,Yes
AFG,Afghanistan,EMRO,2018,HPV vaccine,Yes
AFG,Afghanistan,EMRO,2019,HPV vaccine,Yes
AFG,Afghanistan,EMRO,2020,HPV vaccine,Yes
AFG,Afghanistan,EMRO,2021,HPV vaccine,Yes
AFG,Afghanistan,EMRO,2022,HPV vaccine,Yes
AFG,Afghanistan,EMRO,2023,HPV vaccine,Yes
AFG,Afghanistan,EMRO,2024,HPV vaccine,Yes
AFG,Afghanistan,EMRO,2010,Measles second dose,No
AFG,Afghanistan,EMRO,2011,Measles second dose,No
AFG,Afghanistan,EMRO,2012,Measles second dose,No
AFG,Afghanistan,EMRO,2013,Measles second dose,No
AFG,Afghanistan,EMRO,2014,Measles second dose,No
AFG,Afghanistan,EMRO,2015,Measles second dose,Yes
AFG,Afghanistan,EMRO,2016,Measles second dose,Yes
AFG,Afghanistan,EMRO,2017,Measles second dose,Yes
AFG,Afghanistan,EMRO,2018,Measles second dose,Yes
AFG,Afghanistan,EMRO,2019,Measles second dose,Yes
AFG,Afghanistan,EMRO,2020,Measles second dose,Yes
AFG,Afghanistan,EMRO,2021,Measles second dose,Yes
AFG,Afghanistan,EMRO,2022,Measles second dose,Yes
AFG,Afghanistan,EMRO,2023,Measles second dose,Yes
AFG,Afghanistan,EMRO,2024,Measles second dose,Yes
AFG,Afghanistan,EMRO,2010,Inactivated polio vaccine,No
AFG,Afghanistan,EMRO,2011,Inactivated polio vaccine,No
AFG,Afghanistan,EMRO,2012,Inactivated polio vaccine,No
AFG,Afghanistan,EMRO,2013,Inactivated polio vaccine,Yes
AFG,Afghanistan,EMRO,2014,Inactivated polio vaccine,Yes
AFG,Afghanistan,EMRO,2015,Inactivated polio vaccine,Yes
AFG,Afghanistan,EMRO,2016,Inactivated polio vaccine,Yes
AFG,Afghanistan,EMRO,2017,Inactivated polio vaccine,Yes
AFG,Afghanistan,EMRO,2018,Inactivated polio vaccine,Yes
AFG,Afghanistan,EMRO,2019,Inactivated polio vaccine,Yes
AFG,Afghanistan,EMRO,2020,Inactivated polio vaccine,Yes
AFG,Afghanistan,EMRO,2021,Inactivated polio vaccine,Yes
AFG,Afghanistan,EMRO,2022,Inactivated polio vaccine,Yes
AFG,Afghanistan,EMRO,2023,Inactivated polio vaccine,Yes
AFG,Afghanistan,EMRO,2024,Inactivated polio vaccine,Yes
IND,India,SEARO,2010,Hepatitis B vaccine,No
IND,India,SEARO,2011,Hepatitis B vaccine,No
IND,India,SEARO,2012,Hepatitis B vaccine,No
IND,India,SEARO,2013,Hepatitis B vaccine,No
IND,India,SEARO,2014,Hepatitis B vaccine,No
IND,India,SEARO,2015,Hepatitis B vaccine,No
IND,India,SEARO,2016,Hepatitis B vaccine,Yes
IND,India,SEARO,2017,Hepatitis B vaccine,Yes
IND,India,SEARO,2018,Hepatitis B vaccine,Yes
IND,India,SEARO,2019,Hepatitis B vaccine,Yes
IND,India,SEARO,2020,Hepatitis B vaccine,Yes
IND,India,SEARO,2021,Hepatitis B vaccine,Yes
IND,India,SEARO,2022,Hepatitis B vaccine,Yes
IND,India,SEARO,2023,Hepatitis B vaccine,Yes
IND,India,SEARO,2024,Hepatitis B vaccine,Yes
IND,India,SEARO,2010,Hib vaccine,No
IND,India,SEARO,2011,Hib vaccine,No
IND,India,SEARO,2012,Hib vaccine,No
IND,India,SEARO,2013,Hib vaccine,No
IND,India,SEARO,2014,Hib vaccine,No
IND,India,SEARO,2015,Hib vaccine,No
IND,India,SEARO,2016,Hib vaccine,Yes
IND,India,SEARO,2017,Hib vaccine,Yes
IND,India,SEARO,2018,Hib vaccine,Yes
IND,India,SEARO,2019,Hib vaccine,Yes
IND,India,SEARO,2020,Hib vaccine,Yes
IND,India,SEARO,2021,Hib vaccine,Yes
IND,India,SEARO,2022,Hib vaccine,Yes
IND,India,SEARO,2023,Hib vaccine,Yes
IND,India,SEARO,2024,Hib vaccine,Yes
IND,India,SEARO,2010,Pneumococcal conjugate vaccine,Yes
IND,India,SEARO,2011,Pneumococcal conjugate vaccine,Yes
IND,India,SEARO,2012,Pneumococcal conjugate vaccine,Yes
IND,India,SEARO,2013,Pneumococcal conjugate vaccine,Yes
IND,India,SEARO,2014,Pneumococcal conjugate vaccine,Yes
IND,India,SEARO,2015,Pneumococcal conjugate vaccine,Yes
IND,India,SEARO,2016,Pneumococcal conjugate vaccine,Yes
IND,India,SEARO,2017,Pneumococcal conjugate vaccine,Yes
IND,India,SEARO,2018,Pneumococcal conjugate vaccine,Yes
IND,India,SEARO,2019,Pneumococcal conjugate vaccine,Yes
IND,India,SEARO,2020,Pneumococcal conjugate vaccine,Yes
IND,India,SEARO,2021,Pneumococcal conjugate vaccine,Yes
IND,India,SEARO,2022,Pneumococcal conjugate vaccine,Yes
IND,India,SEARO,2023,Pneumococcal conjugate vaccine,Yes
IND,India,SEARO,2024,Pneumococcal conjugate vaccine,Yes
IND,India,SEARO,2010,Rotavirus vaccine,Yes
IND,India,SEARO,2011,Rotavirus vaccine,Yes
IND,India,SEARO,2012,Rotavirus vaccine,Yes
IND,India,SEARO,2013,Rotavirus vaccine,Yes
IND,India,SEARO,2014,Rotavirus vaccine,Yes
IND,India,SEARO,2015,Rotavirus vaccine,Yes
IND,India,SEARO,2016,Rotavirus vaccine,Yes
IND,India,SEARO,2017,Rotavirus vaccine,Yes
IND,India,SEARO,2018,Rotavirus vaccine,Yes
IND,India,SEARO,2019,Rotavirus vaccine,Yes
IND,India,SEARO,2020,Rotavirus vaccine,Yes
IND,India,SEARO,2021,Rotavirus vaccine,Yes
IND,India,SEARO,2022,Rotavirus vaccine,Yes
IND,India,SEARO,2023,Rotavirus vaccine,Yes
IND,India,SEARO,2024,Rotavirus vaccine,Yes
IND,India,SEARO,2010,HPV vaccine,No
IND,India,SEARO,2011,HPV vaccine,No
IND,India,SEARO,2012,HPV vaccine,Yes
IND,India,SEARO,2013,HPV vaccine,Yes
IND,India,SEARO,2014,HPV vaccine,Yes
IND,India,SEARO,2015,HPV vaccine,Yes
IND,India,SEARO,2016,HPV vaccine,Yes
IND,India,SEARO,2017,HPV vaccine,Yes
IND,India,SEARO,2018,HPV vaccine,Yes
IND,India,SEARO,2019,HPV vaccine,Yes
IND,India,SEARO,2020,HPV vaccine,Yes
IND,India,SEARO,2021,HPV vaccine,Yes
IND,India,SEARO,2022,HPV vaccine,Yes
IND,India,SEARO,2023,HPV vaccine,Yes
IND,India,SEARO,2024,HPV vaccine,Yes
IND,India,SEARO,2010,Measles second dose,Yes
IND,India,SEARO,2011,Measles second dose,Yes
IND,India,SEARO,2012,Measles second dose,Yes
IND,India,SEARO,2013,Measles second dose,Yes
IND,India,SEARO,2014,Measles second dose,Yes
IND,India,SEARO,2015,Measles second dose,Yes
IND,India,SEARO,2016,Measles second dose,Yes
IND,India,SEARO,2017,Measles second dose,Yes
IND,India,SEARO,2018,Measles second dose,Yes
IND,India,SEARO,2019,Measles second dose,Yes
IND,India,SEARO,2020,Measles second dose,Yes
IND,India,SEARO,2021,Measles second dose,Yes
IND,India,SEARO,2022,Measles second dose,Yes
IND,India,SEARO,2023,Measles second dose,Yes
IND,India,SEARO,2024,Measles second dose,Yes
IND,India,SEARO,2010,Inactivated polio vaccine,Yes
IND,India,SEARO,2011,Inactivated polio vaccine,Yes
IND,India,SEARO,2012,Inactivated polio vaccine,Yes
IND,India,SEARO,2013,Inactivated polio vaccine,Yes
IND,India,SEARO,2014,Inactivated polio vaccine,Yes
IND,India,SEARO,2015,Inactivated polio vaccine,Yes
IND,India,SEARO,2016,Inactivated polio vaccine,Yes
IND,India,SEARO,2017,Inactivated polio vaccine,Yes
IND,India,SEARO,2018,Inactivated polio vaccine,Yes
IND,India,SEARO,2019,Inactivated polio vaccine,Yes
IND,India,SEARO,2020,Inactivated polio vaccine,Yes
IND,India,SEARO,2021,Inactivated polio vaccine,Yes
IND,India,SEARO,2022,Inactivated polio vaccine,Yes
IND,India,SEARO,2023,Inactivated polio vaccine,Yes
IND,India,SEARO,2024,Inactivated polio vaccine,Yes
NGA,Nigeria,AFRO,2010,Hepatitis B vaccine,Yes
NGA,Nigeria,AFRO,2011,Hepatitis B vaccine,Yes
NGA,Nigeria,AFRO,2012,Hepatitis B vaccine,Yes
NGA,Nigeria,AFRO,2013,Hepatitis B vaccine,Yes
NGA,Nigeria,AFRO,2014,Hepatitis B vaccine,Yes
NGA,Nigeria,AFRO,2015,Hepatitis B vaccine,Yes
NGA,Nigeria,AFRO,2016,Hepatitis B vaccine,Yes
NGA,Nigeria,AFRO,2017,Hepatitis B vaccine,Yes
NGA,Nigeria,AFRO,2018,Hepatitis B vaccine,Yes
NGA,Nigeria,AFRO,2019,Hepatitis B vaccine,Yes
NGA,Nigeria,AFRO,2020,Hepatitis B vaccine,Yes
NGA,Nigeria,AFRO,2021,Hepatitis B vaccine,Yes
NGA,Nigeria,AFRO,2022,Hepatitis B vaccine,Yes
NGA,Nigeria,AFRO,2023,Hepatitis B vaccine,Yes
NGA,Nigeria,AFRO,2024,Hepatitis B vaccine,Yes
NGA,Nigeria,AFRO,2010,Hib vaccine,No
NGA,Nigeria,AFRO,2011,Hib vaccine,No
NGA,Nigeria,AFRO,2012,Hib vaccine,No
NGA,Nigeria,AFRO,2013,Hib vaccine,No
NGA,Nigeria,AFRO,2014,Hib vaccine,No
NGA,Nigeria,AFRO,2015,Hib vaccine,No
NGA,Nigeria,AFRO,2016,Hib vaccine,Yes
NGA,Nigeria,AFRO,2017,Hib vaccine,Yes
NGA,Nigeria,AFRO,2018,Hib vaccine,Yes
NGA,Nigeria,AFRO,2019,Hib vaccine,Yes
NGA,Nigeria,AFRO,2020,Hib vaccine,Yes
NGA,Nigeria,AFRO,2021,Hib vaccine,Yes
NGA,Nigeria,AFRO,2022,Hib vaccine,Yes
NGA,Nigeria,AFRO,2023,Hib vaccine,Yes
NGA,Nigeria,AFRO,2024,Hib vaccine,Yes
NGA,Nigeria,AFRO,2010,Pneumococcal conjugate vaccine,No
NGA,Nigeria,AFRO,2011,Pneumococcal conjugate vaccine,No
NGA,Nigeria,AFRO,2012,Pneumococcal conjugate vaccine,No
NGA,Nigeria,AFRO,2013,Pneumococcal conjugate vaccine,No
NGA,Nigeria,AFRO,2014,Pneumococcal conjugate vaccine,No
NGA,Nigeria,AFRO,2015,Pneumococcal conjugate vaccine,Yes
NGA,Nigeria,AFRO,2016,Pneumococcal conjugate vaccine,Yes
NGA,Nigeria,AFRO,2017,Pneumococcal conjugate vaccine,Yes
NGA,Nigeria,AFRO,2018,Pneumococcal conjugate vaccine,Yes
NGA,Nigeria,AFRO,2019,Pneumococcal conjugate vaccine,Yes
NGA,Nigeria,AFRO,2020,Pneumococcal conjugate vaccine,Yes
NGA,Nigeria,AFRO,2021,Pneumococcal conjugate vaccine,Yes
NGA,Nigeria,AFRO,2022,Pneumococcal conjugate vaccine,Yes
NGA,Nigeria,AFRO,2023,Pneumococcal conjugate vaccine,Yes
NGA,Nigeria,AFRO,2024,Pneumococcal conjugate vaccine,Yes
NGA,Nigeria,AFRO,2010,Rotavirus vaccine,No
NGA,Nigeria,AFRO,2011,Rotavirus vaccine,No
NGA,Nigeria,AFRO,2012,Rotavirus vaccine,No
NGA,Nigeria,AFRO,2013,Rotavirus vaccine,No
NGA,Nigeria,AFRO,2014,Rotavirus vaccine,No
NGA,Nigeria,AFRO,2015,Rotavirus vaccine,Yes
NGA,Nigeria,AFRO,2016,Rotavirus vaccine,Yes
NGA,Nigeria,AFRO,2017,Rotavirus vaccine,Yes
NGA,Nigeria,AFRO,2018,Rotavirus vaccine,Yes
NGA,Nigeria,AFRO,2019,Rotavirus vaccine,Yes
NGA,Nigeria,AFRO,2020,Rotavirus vaccine,Yes
NGA,Nigeria,AFRO,2021,Rotavirus vaccine,Yes
NGA,Nigeria,AFRO,2022,Rotavirus vaccine,Yes
NGA,Nigeria,AFRO,2023,Rotavirus vaccine,Yes
NGA,Nigeria,AFRO,2024,Rotavirus vaccine,Yes
NGA,Nigeria,AFRO,2010,HPV vaccine,No
NGA,Nigeria,AFRO,2011,HPV vaccine,No
NGA,Nigeria,AFRO,2012,HPV vaccine,No
NGA,Nigeria,AFRO,2013,HPV vaccine,No
NGA,Nigeria,AFRO,2014,HPV vaccine,No
NGA,Nigeria,AFRO,2015,HPV vaccine,No
NGA,Nigeria,AFRO,2016,HPV vaccine,No
NGA,Nigeria,AFRO,2017,HPV vaccine,No
NGA,Nigeria,AFRO,2018,HPV vaccine,Yes
NGA,Nigeria,AFRO,2019,HPV vaccine,Yes
NGA,Nigeria,AFRO,2020,HPV vaccine,Yes
NGA,Nigeria,AFRO,2021,HPV vaccine,Yes
NGA,Nigeria,AFRO,2022,HPV vaccine,Yes
NGA,Nigeria,AFRO,2023,HPV vaccine,Yes
NGA,Nigeria,AFRO,2024,HPV vaccine,Yes
NGA,Nigeria,AFRO,2010,Measles second dose,No
NGA,Nigeria,AFRO,2011,Measles second dose,No
NGA,Nigeria,AFRO,2012,Measles second dose,No
NGA,Nigeria,AFRO,2013,Measles second dose,No
NGA,Nigeria,AFRO,2014,Measles second dose,No
NGA,Nigeria,AFRO,2015,Measles second dose,Yes
NGA,Nigeria,AFRO,2016,Measles second dose,Yes
NGA,Nigeria,AFRO,2017,Measles second dose,Yes
NGA,Nigeria,AFRO,2018,Measles second dose,Yes
NGA,Nigeria,AFRO,2019,Measles second dose,Yes
NGA,Nigeria,AFRO,2020,Measles second dose,Yes
NGA,Nigeria,AFRO,2021,Measles second dose,Yes
NGA,Nigeria,AFRO,2022,Measles second dose,Yes
NGA,Nigeria,AFRO,2023,Measles second dose,Yes
NGA,Nigeria,AFRO,2024,Measles second dose,Yes
NGA,Nigeria,AFRO,2010,Inactivated polio vaccine,No
NGA,Nigeria,AFRO,2011,Inactivated polio vaccine,No
NGA,Nigeria,AFRO,2012,Inactivated polio vaccine,No
NGA,Nigeria,AFRO,2013,Inactivated polio vaccine,Yes
NGA,Nigeria,AFRO,2014,Inactivated polio vaccine,Yes
NGA,Nigeria,AFRO,2015,Inactivated polio vaccine,Yes
NGA,Nigeria,AFRO,2016,Inactivated polio vaccine,Yes
NGA,Nigeria,AFRO,2017,Inactivated polio vaccine,Yes
NGA,Nigeria,AFRO,2018,Inactivated polio vaccine,Yes
NGA,Nigeria,AFRO,2019,Inactivated polio vaccine,Yes
NGA,Nigeria,AFRO,2020,Inactivated polio vaccine,Yes
NGA,Nigeria,AFRO,2021,Inactivated polio vaccine,Yes
NGA,Nigeria,AFRO,2022,Inactivated polio vaccine,Yes
NGA,Nigeria,AFRO,2023,Inactivated polio vaccine,Yes
NGA,Nigeria,AFRO,2024,Inactivated polio vaccine,Yes
BRA,Brazil,AMRO,2010,Hepatitis B vaccine,No
BRA,Brazil,AMRO,2011,Hepatitis B vaccine,No
BRA,Brazil,AMRO,2012,Hepatitis B vaccine,No
BRA,Brazil,AMRO,2013,Hepatitis B vaccine,No
BRA,Brazil,AMRO,2014,Hepatitis B vaccine,No
BRA,Brazil,AMRO,2015,Hepatitis B vaccine,No
BRA,Brazil,AMRO,2016,Hepatitis B vaccine,No
BRA,Brazil,AMRO,2017,Hepatitis B vaccine,No
BRA,Brazil,AMRO,2018,Hepatitis B vaccine,No
BRA,Brazil,AMRO,2019,Hepatitis B vaccine,Yes
BRA,Brazil,AMRO,2020,Hepatitis B vaccine,Yes
BRA,Brazil,AMRO,2021,Hepatitis B vaccine,Yes
BRA,Brazil,AMRO,2022,Hepatitis B vaccine,Yes
BRA,Brazil,AMRO,2023,Hepatitis B vaccine,Yes
BRA,Brazil,AMRO,2024,Hepatitis B vaccine,Yes
BRA,Brazil,AMRO,2010,Hib vaccine,No
BRA,Brazil,AMRO,2011,Hib vaccine,No
BRA,Brazil,AMRO,2012,Hib vaccine,No
BRA,Brazil,AMRO,2013,Hib vaccine,Yes
BRA,Brazil,AMRO,2014,Hib vaccine,Yes
BRA,Brazil,AMRO,2015,Hib vaccine,Yes
BRA,Brazil,AMRO,2016,Hib vaccine,Yes
BRA,Brazil,AMRO,2017,Hib vaccine,Yes
BRA,Brazil,AMRO,2018,Hib vaccine,Yes
BRA,Brazil,AMRO,2019,Hib vaccine,Yes
BRA,Brazil,AMRO,2020,Hib vaccine,Yes
BRA,Brazil,AMRO,2021,Hib vaccine,Yes
BRA,Brazil,AMRO,2022,Hib vaccine,Yes
BRA,Brazil,AMRO,2023,Hib vaccine,Yes
BRA,Brazil,AMRO,2024,Hib vaccine,Yes
BRA,Brazil,AMRO,2010,Pneumococcal conjugate vaccine,No
BRA,Brazil,AMRO,2011,Pneumococcal conjugate vaccine,No
BRA,Brazil,AMRO,2012,Pneumococcal conjugate vaccine,No
BRA,Brazil,AMRO,2013,Pneumococcal conjugate vaccine,Yes
BRA,Brazil,AMRO,2014,Pneumococcal conjugate vaccine,Yes
BRA,Brazil,AMRO,2015,Pneumococcal conjugate vaccine,Yes
BRA,Brazil,AMRO,2016,Pneumococcal conjugate vaccine,Yes
BRA,Brazil,AMRO,2017,Pneumococcal conjugate vaccine,Yes
BRA,Brazil,AMRO,2018,Pneumococcal conjugate vaccine,Yes
BRA,Brazil,AMRO,2019,Pneumococcal conjugate vaccine,Yes
BRA,Brazil,AMRO,2020,Pneumococcal conjugate vaccine,Yes
BRA,Brazil,AMRO,2021,Pneumococcal conjugate vaccine,Yes
BRA,Brazil,AMRO,2022,Pneumococcal conjugate vaccine,Yes
BRA,Brazil,AMRO,2023,Pneumococcal conjugate vaccine,Yes
BRA,Brazil,AMRO,2024,Pneumococcal conjugate vaccine,Yes
BRA,Brazil,AMRO,2010,Rotavirus vaccine,No
BRA,Brazil,AMRO,2011,Rotavirus vaccine,No
BRA,Brazil,AMRO,2012,Rotavirus vaccine,No
BRA,Brazil,AMRO,2013,Rotavirus vaccine,Yes
BRA,Brazil,AMRO,2014,Rotavirus vaccine,Yes
BRA,Brazil,AMRO,2015,Rotavirus vaccine,Yes
BRA,Brazil,AMRO,2016,Rotavirus vaccine,Yes
BRA,Brazil,AMRO,2017,Rotavirus vaccine,Yes
BRA,Brazil,AMRO,2018,Rotavirus vaccine,Yes
BRA,Brazil,AMRO,2019,Rotavirus vaccine,Yes
BRA,Brazil,AMRO,2020,Rotavirus vaccine,Yes
BRA,Brazil,AMRO,2021,Rotavirus vaccine,Yes
BRA,Brazil,AMRO,2022,Rotavirus vaccine,Yes
BRA,Brazil,AMRO,2023,Rotavirus vaccine,Yes
BRA,Brazil,AMRO,2024,Rotavirus vaccine,Yes
BRA,Brazil,AMRO,2010,HPV vaccine,No
BRA,Brazil,AMRO,2011,HPV vaccine,Yes
BRA,Brazil,AMRO,2012,HPV vaccine,Yes
BRA,Brazil,AMRO,2013,HPV vaccine,Yes
BRA,Brazil,AMRO,2014,HPV vaccine,Yes
BRA,Brazil,AMRO,2015,HPV vaccine,Yes
BRA,Brazil,AMRO,2016,HPV vaccine,Yes
BRA,Brazil,AMRO,2017,HPV vaccine,Yes
BRA,Brazil,AMRO,2018,HPV vaccine,Yes
BRA,Brazil,AMRO,2019,HPV vaccine,Yes
BRA,Brazil,AMRO,2020,HPV vaccine,Yes
BRA,Brazil,AMRO,2021,HPV vaccine,Yes
BRA,Brazil,AMRO,2022,HPV vaccine,Yes
BRA,Brazil,AMRO,2023,HPV vaccine,Yes
BRA,Brazil,AMRO,2024,HPV vaccine,Yes
BRA,Brazil,AMRO,2010,Measles second dose,Yes
BRA,Brazil,AMRO,2011,Measles second dose,Yes
BRA,Brazil,AMRO,2012,Measles second dose,Yes
BRA,Brazil,AMRO,2013,Measles second dose,Yes
BRA,Brazil,AMRO,2014,Measles second dose,Yes
BRA,Brazil,AMRO,2015,Measles second dose,Yes
BRA,Brazil,AMRO,2016,Measles second dose,Yes
BRA,Brazil,AMRO,2017,Measles second dose,Yes
BRA,Brazil,AMRO,2018,Measles second dose,Yes
BRA,Brazil,AMRO,2019,Measles second dose,Yes
BRA,Brazil,AMRO,2020,Measles second dose,Yes
BRA,Brazil,AMRO,2021,Measles second dose,Yes
BRA,Brazil,AMRO,2022,Measles second dose,Yes
BRA,Brazil,AMRO,2023,Measles second dose,Yes
BRA,Brazil,AMRO,2024,Measles second dose,Yes
BRA,Brazil,AMRO,2010,Inactivated polio vaccine,No
BRA,Brazil,AMRO,2011,Inactivated polio vaccine,No
BRA,Brazil,AMRO,2012,Inactivated polio vaccine,No
BRA,Brazil,AMRO,2013,Inactivated polio vaccine,No
BRA,Brazil,AMRO,2014,Inactivated polio vaccine,No
BRA,Brazil,AMRO,2015,Inactivated polio vaccine,No
BRA,Brazil,AMRO,2016,Inactivated polio vaccine,No
BRA,Brazil,AMRO,2017,Inactivated polio vaccine,No
BRA,Brazil,AMRO,2018,Inactivated polio vaccine,No
BRA,Brazil,AMRO,2019,Inactivated polio vaccine,Yes
BRA,Brazil,AMRO,2020,Inactivated polio vaccine,Yes
BRA,Brazil,AMRO,2021,Inactivated polio vaccine,Yes
BRA,Brazil,AMRO,2022,Inactivated polio vaccine,Yes
BRA,Brazil,AMRO,2023,Inactivated polio vaccine,Yes
BRA,Brazil,AMRO,2024,Inactivated polio vaccine,Yes
USA,United States of America,AMRO,2010,Hepatitis B vaccine,No
USA,United States of America,AMRO,2011,Hepatitis B vaccine,No
USA,United States of America,AMRO,2012,Hepatitis B vaccine,Yes
USA,United States of America,AMRO,2013,Hepatitis B vaccine,Yes
USA,United States of America,AMRO,2014,Hepatitis B vaccine,Yes
USA,United States of America,AMRO,2015,Hepatitis B vaccine,Yes
USA,United States of America,AMRO,2016,Hepatitis B vaccine,Yes
USA,United States of America,AMRO,2017,Hepatitis B vaccine,Yes
USA,United States of America,AMRO,2018,Hepatitis B vaccine,Yes
USA,United States of America,AMRO,2019,Hepatitis B vaccine,Yes
USA,United States of America,AMRO,2020,Hepatitis B vaccine,Yes
USA,United States of America,AMRO,2021,Hepatitis B vaccine,Yes
USA,United States of America,AMRO,2022,Hepatitis B vaccine,Yes
USA,United States of America,AMRO,2023,Hepatitis B vaccine,Yes
USA,United States of America,AMRO,2024,Hepatitis B vaccine,Yes
USA,United States of America,AMRO,2010,Hib vaccine,No
USA,United States of America,AMRO,2011,Hib vaccine,No
USA,United States of America,AMRO,2012,Hib vaccine,No
USA,United States of America,AMRO,2013,Hib vaccine,No
USA,United States of America,AMRO,2014,Hib vaccine,No
USA,United States of America,AMRO,2015,Hib vaccine,Yes
USA,United States of America,AMRO,2016,Hib vaccine,Yes
USA,United States of America,AMRO,2017,Hib vaccine,Yes
USA,United States of America,AMRO,2018,Hib vaccine,Yes
USA,United States of America,AMRO,2019,Hib vaccine,Yes
USA,United States of America,AMRO,2020,Hib vaccine,Yes
USA,United States of America,AMRO,2021,Hib vaccine,Yes
USA,United States of America,AMRO,2022,Hib vaccine,Yes
USA,United States of America,AMRO,2023,Hib vaccine,Yes
USA,United States of America,AMRO,2024,Hib vaccine,Yes
USA,United States of America,AMRO,2010,Pneumococcal conjugate vaccine,Yes
USA,United States of America,AMRO,2011,Pneumococcal conjugate vaccine,Yes
USA,United States of America,AMRO,2012,Pneumococcal conjugate vaccine,Yes
USA,United States of America,AMRO,2013,Pneumococcal conjugate vaccine,Yes
USA,United States of America,AMRO,2014,Pneumococcal conjugate vaccine,Yes
USA,United States of America,AMRO,2015,Pneumococcal conjugate vaccine,Yes
USA,United States of America,AMRO,2016,Pneumococcal conjugate vaccine,Yes
USA,United States of America,AMRO,2017,Pneumococcal conjugate vaccine,Yes
USA,United States of America,AMRO,2018,Pneumococcal conjugate vaccine,Yes
USA,United States of America,AMRO,2019,Pneumococcal conjugate vaccine,Yes
USA,United States of America,AMRO,2020,Pneumococcal conjugate vaccine,Yes
USA,United States of America,AMRO,2021,Pneumococcal conjugate vaccine,Yes
USA,United States of America,AMRO,2022,Pneumococcal conjugate vaccine,Yes
USA,United States of America,AMRO,2023,Pneumococcal conjugate vaccine,Yes
USA,United States of America,AMRO,2024,Pneumococcal conjugate vaccine,Yes
USA,United States of America,AMRO,2010,Rotavirus vaccine,Yes
USA,United States of America,AMRO,2011,Rotavirus vaccine,Yes
USA,United States of America,AMRO,2012,Rotavirus vaccine,Yes
USA,United States of America,AMRO,2013,Rotavirus vaccine,Yes
USA,United States of America,AMRO,2014,Rotavirus vaccine,Yes
USA,United States of America,AMRO,2015,Rotavirus vaccine,Yes
USA,United States of America,AMRO,2016,Rotavirus vaccine,Yes
USA,United States of America,AMRO,2017,Rotavirus vaccine,Yes
USA,United States of America,AMRO,2018,Rotavirus vaccine,Yes
USA,United States of America,AMRO,2019,Rotavirus vaccine,Yes
USA,United States of America,AMRO,2020,Rotavirus vaccine,Yes
USA,United States of America,AMRO,2021,Rotavirus vaccine,Yes
USA,United States of America,AMRO,2022,Rotavirus vaccine,Yes
USA,United States of America,AMRO,2023,Rotavirus vaccine,Yes
USA,United States of America,AMRO,2024,Rotavirus vaccine,Yes
USA,United States of America,AMRO,2010,HPV vaccine,Yes
USA,United States of America,AMRO,2011,HPV vaccine,Yes
USA,United States of America,AMRO,2012,HPV vaccine,Yes
USA,United States of America,AMRO,2013,HPV vaccine,Yes
USA,United States of America,AMRO,2014,HPV vaccine,Yes
USA,United States of America,AMRO,2015,HPV vaccine,Yes
USA,United States of America,AMRO,2016,HPV vaccine,Yes
USA,United States of America,AMRO,2017,HPV vaccine,Yes
USA,United States of America,AMRO,2018,HPV vaccine,Yes
USA,United States of America,AMRO,2019,HPV vaccine,Yes
USA,United States of America,AMRO,2020,HPV vaccine,Yes
USA,United States of America,AMRO,2021,HPV vaccine,Yes
USA,United States of America,AMRO,2022,HPV vaccine,Yes
USA,United States of America,AMRO,2023,HPV vaccine,Yes
USA,United States of America,AMRO,2024,HPV vaccine,Yes
USA,United States of America,AMRO,2010,Measles second dose,Yes
USA,United States of America,AMRO,2011,Measles second dose,Yes
USA,United States of America,AMRO,2012,Measles second dose,Yes
USA,United States of America,AMRO,2013,Measles second dose,Yes
USA,United States of America,AMRO,2014,Measles second dose,Yes
USA,United States of America,AMRO,2015,Measles second dose,Yes
USA,United States of America,AMRO,2016,Measles second dose,Yes
USA,United States of America,AMRO,2017,Measles second dose,Yes
USA,United States of America,AMRO,2018,Measles second dose,Yes
USA,United States of America,AMRO,2019,Measles second dose,Yes
USA,United States of America,AMRO,2020,Measles second dose,Yes
USA,United States of America,AMRO,2021,Measles second dose,Yes
USA,United States of America,AMRO,2022,Measles second dose,Yes
USA,United States of America,AMRO,2023,Measles second dose,Yes
USA,United States of America,AMRO,2024,Measles second dose,Yes
USA,United States of America,AMRO,2010,Inactivated polio vaccine,No
USA,United States of America,AMRO,2011,Inactivated polio vaccine,No
USA,United States of America,AMRO,2012,Inactivated polio vaccine,No
USA,United States of America,AMRO,2013,Inactivated polio vaccine,No
USA,United States of America,AMRO,2014,Inactivated polio vaccine,No
USA,United States of America,AMRO,2015,Inactivated polio vaccine,No
USA,United States of America,AMRO,2016,Inactivated polio vaccine,No
USA,United States of America,AMRO,2017,Inactivated polio vaccine,No
USA,United States of America,AMRO,2018,Inactivated polio vaccine,No
USA,United States of America,AMRO,2019,Inactivated polio vaccine,Yes
USA,United States of America,AMRO,2020,Inactivated polio vaccine,Yes
USA,United States of America,AMRO,2021,Inactivated polio vaccine,Yes
USA,United States of America,AMRO,2022,Inactivated polio vaccine,Yes
USA,United States of America,AMRO,2023,Inactivated polio vaccine,Yes
USA,United States of America,AMRO,2024,Inactivated polio vaccine,Yes
CHN,China,WPRO,2010,Hepatitis B vaccine,Yes
CHN,China,WPRO,2011,Hepatitis B vaccine,Yes
CHN,China,WPRO,2012,Hepatitis B vaccine,Yes
CHN,China,WPRO,2013,Hepatitis B vaccine,Yes
CHN,China,WPRO,2014,Hepatitis B vaccine,Yes
CHN,China,WPRO,2015,Hepatitis B vaccine,Yes
CHN,China,WPRO,2016,Hepatitis B vaccine,Yes
CHN,China,WPRO,2017,Hepatitis B vaccine,Yes
CHN,China,WPRO,2018,Hepatitis B vaccine,Yes
CHN,China,WPRO,2019,Hepatitis B vaccine,Yes
CHN,China,WPRO,2020,Hepatitis B vaccine,Yes
CHN,China,WPRO,2021,Hepatitis B vaccine,Yes
CHN,China,WPRO,2022,Hepatitis B vaccine,Yes
CHN,China,WPRO,2023,Hepatitis B vaccine,Yes
CHN,China,WPRO,2024,Hepatitis B vaccine,Yes
CHN,China,WPRO,2010,Hib vaccine,Yes
CHN,China,WPRO,2011,Hib vaccine,Yes
CHN,China,WPRO,2012,Hib vaccine,Yes
CHN,China,WPRO,2013,Hib vaccine,Yes
CHN,China,WPRO,2014,Hib vaccine,Yes
CHN,China,WPRO,2015,Hib vaccine,Yes
CHN,China,WPRO,2016,Hib vaccine,Yes
CHN,China,WPRO,2017,Hib vaccine,Yes
CHN,China,WPRO,2018,Hib vaccine,Yes
CHN,China,WPRO,2019,Hib vaccine,Yes
CHN,China,WPRO,2020,Hib vaccine,Yes
CHN,China,WPRO,2021,Hib vaccine,Yes
CHN,China,WPRO,2022,Hib vaccine,Yes
CHN,China,WPRO,2023,Hib vaccine,Yes
CHN,China,WPRO,2024,Hib vaccine,Yes
CHN,China,WPRO,2010,Pneumococcal conjugate vaccine,Yes
CHN,China,WPRO,2011,Pneumococcal conjugate vaccine,Yes
CHN,China,WPRO,2012,Pneumococcal conjugate vaccine,Yes
CHN,China,WPRO,2013,Pneumococcal conjugate vaccine,Yes
CHN,China,WPRO,2014,Pneumococcal conjugate vaccine,Yes
CHN,China,WPRO,2015,Pneumococcal conjugate vaccine,Yes
CHN,China,WPRO,2016,Pneumococcal conjugate vaccine,Yes
CHN,China,WPRO,2017,Pneumococcal conjugate vaccine,Yes
CHN,China,WPRO,2018,Pneumococcal conjugate vaccine,Yes
CHN,China,WPRO,2019,Pneumococcal conjugate vaccine,Yes
CHN,China,WPRO,2020,Pneumococcal conjugate vaccine,Yes
CHN,China,WPRO,2021,Pneumococcal conjugate vaccine,Yes
CHN,China,WPRO,2022,Pneumococcal conjugate vaccine,Yes
CHN,China,WPRO,2023,Pneumococcal conjugate vaccine,Yes
CHN,China,WPRO,2024,Pneumococcal conjugate vaccine,Yes
CHN,China,WPRO,2010,Rotavirus vaccine,No
CHN,China,WPRO,2011,Rotavirus vaccine,No
CHN,China,WPRO,2012,Rotavirus vaccine,No
CHN,China,WPRO,2013,Rotavirus vaccine,No
CHN,China,WPRO,2014,Rotavirus vaccine,No
CHN,China,WPRO,2015,Rotavirus vaccine,No
CHN,China,WPRO,2016,Rotavirus vaccine,Yes
CHN,China,WPRO,2017,Rotavirus vaccine,Yes
CHN,China,WPRO,2018,Rotavirus vaccine,Yes
CHN,China,WPRO,2019,Rotavirus vaccine,Yes
CHN,China,WPRO,2020,Rotavirus vaccine,Yes
CHN,China,WPRO,2021,Rotavirus vaccine,Yes
CHN,China,WPRO,2022,Rotavirus vaccine,Yes
CHN,China,WPRO,2023,Rotavirus vaccine,Yes
CHN,China,WPRO,2024,Rotavirus vaccine,Yes
CHN,China,WPRO,2010,HPV vaccine,Yes
CHN,China,WPRO,2011,HPV vaccine,Yes
CHN,China,WPRO,2012,HPV vaccine,Yes
CHN,China,WPRO,2013,HPV vaccine,Yes
CHN,China,WPRO,2014,HPV vaccine,Yes
CHN,China,WPRO,2015,HPV vaccine,Yes
CHN,China,WPRO,2016,HPV vaccine,Yes
CHN,China,WPRO,2017,HPV vaccine,Yes
CHN,China,WPRO,2018,HPV vaccine,Yes
CHN,China,WPRO,2019,HPV vaccine,Yes
CHN,China,WPRO,2020,HPV vaccine,Yes
CHN,China,WPRO,2021,HPV vaccine,Yes
CHN,China,WPRO,2022,HPV vaccine,Yes
CHN,China,WPRO,2023,HPV vaccine,Yes
CHN,China,WPRO,2024,HPV vaccine,Yes
CHN,China,WPRO,2010,Measles second dose,Yes
CHN,China,WPRO,2011,Measles second dose,Yes
CHN,China,WPRO,2012,Measles second dose,Yes
CHN,China,WPRO,2013,Measles second dose,Yes
CHN,China,WPRO,2014,Measles second dose,Yes
CHN,China,WPRO,2015,Measles second dose,Yes
CHN,China,WPRO,2016,Measles second dose,Yes
CHN,China,WPRO,2017,Measles second dose,Yes
CHN,China,WPRO,2018,Measles second dose,Yes
CHN,China,WPRO,2019,Measles second dose,Yes
CHN,China,WPRO,2020,Measles second dose,Yes
CHN,China,WPRO,2021,Measles second dose,Yes
CHN,China,WPRO,2022,Measles second dose,Yes
CHN,China,WPRO,2023,Measles second dose,Yes
CHN,China,WPRO,2024,Measles second dose,Yes
CHN,China,WPRO,2010,Inactivated polio vaccine,Yes
CHN,China,WPRO,2011,Inactivated polio vaccine,Yes
CHN,China,WPRO,2012,Inactivated polio vaccine,Yes
CHN,China,WPRO,2013,Inactivated polio vaccine,Yes
CHN,China,WPRO,2014,Inactivated polio vaccine,Yes
CHN,China,WPRO,2015,Inactivated polio vaccine,Yes
CHN,China,WPRO,2016,Inactivated polio vaccine,Yes
CHN,China,WPRO,2017,Inactivated polio vaccine,Yes
CHN,China,WPRO,2018,Inactivated polio vaccine,Yes
CHN,China,WPRO,2019,Inactivated polio vaccine,Yes
CHN,China,WPRO,2020,Inactivated polio vaccine,Yes
CHN,China,WPRO,2021,Inactivated polio vaccine,Yes
CHN,China,WPRO,2022,Inactivated polio vaccine,Yes
CHN,China,WPRO,2023,Inactivated polio vaccine,Yes
CHN,China,WPRO,2024,Inactivated polio vaccine,Yes
ETH,Ethiopia,AFRO,2010,Hepatitis B vaccine,No
ETH,Ethiopia,AFRO,2011,Hepatitis B vaccine,No
ETH,Ethiopia,AFRO,2012,Hepatitis B vaccine,No
ETH,Ethiopia,AFRO,2013,Hepatitis B vaccine,No
ETH,Ethiopia,AFRO,2014,Hepatitis B vaccine,Yes
ETH,Ethiopia,AFRO,2015,Hepatitis B vaccine,Yes
ETH,Ethiopia,AFRO,2016,Hepatitis B vaccine,Yes
ETH,Ethiopia,AFRO,2017,Hepatitis B vaccine,Yes
ETH,Ethiopia,AFRO,2018,Hepatitis B vaccine,Yes
ETH,Ethiopia,AFRO,2019,Hepatitis B vaccine,Yes
ETH,Ethiopia,AFRO,2020,Hepatitis B vaccine,Yes
ETH,Ethiopia,AFRO,2021,Hepatitis B vaccine,Yes
ETH,Ethiopia,AFRO,2022,Hepatitis B vaccine,Yes
ETH,Ethiopia,AFRO,2023,Hepatitis B vaccine,Yes
ETH,Ethiopia,AFRO,2024,Hepatitis B vaccine,Yes
ETH,Ethiopia,AFRO,2010,Hib vaccine,No
ETH,Ethiopia,AFRO,2011,Hib vaccine,No
ETH,Ethiopia,AFRO,2012,Hib vaccine,No
ETH,Ethiopia,AFRO,2013,Hib vaccine,No
ETH,Ethiopia,AFRO,2014,Hib vaccine,No
ETH,Ethiopia,AFRO,2015,Hib vaccine,No
ETH,Ethiopia,AFRO,2016,Hib vaccine,No
ETH,Ethiopia,AFRO,2017,Hib vaccine,Yes
ETH,Ethiopia,AFRO,2018,Hib vaccine,Yes
ETH,Ethiopia,AFRO,2019,Hib vaccine,Yes
ETH,Ethiopia,AFRO,2020,Hib vaccine,Yes
ETH,Ethiopia,AFRO,2021,Hib vaccine,Yes
ETH,Ethiopia,AFRO,2022,Hib vaccine,Yes
ETH,Ethiopia,AFRO,2023,Hib vaccine,Yes
ETH,Ethiopia,AFRO,2024,Hib vaccine,Yes
ETH,Ethiopia,AFRO,2010,Pneumococcal conjugate vaccine,Yes
ETH,Ethiopia,AFRO,2011,Pneumococcal conjugate vaccine,Yes
ETH,Ethiopia,AFRO,2012,Pneumococcal conjugate vaccine,Yes
ETH,Ethiopia,AFRO,2013,Pneumococcal conjugate vaccine,Yes
ETH,Ethiopia,AFRO,2014,Pneumococcal conjugate vaccine,Yes
ETH,Ethiopia,AFRO,2015,Pneumococcal conjugate vaccine,Yes
ETH,Ethiopia,AFRO,2016,Pneumococcal conjugate vaccine,Yes
ETH,Ethiopia,AFRO,2017,Pneumococcal conjugate vaccine,Yes
ETH,Ethiopia,AFRO,2018,Pneumococcal conjugate vaccine,Yes
ETH,Ethiopia,AFRO,2019,Pneumococcal conjugate vaccine,Yes
ETH,Ethiopia,AFRO,2020,Pneumococcal conjugate vaccine,Yes
ETH,Ethiopia,AFRO,2021,Pneumococcal conjugate vaccine,Yes
ETH,Ethiopia,AFRO,2022,Pneumococcal conjugate vaccine,Yes
ETH,Ethiopia,AFRO,2023,Pneumococcal conjugate vaccine,Yes
ETH,Ethiopia,AFRO,2024,Pneumococcal conjugate vaccine,Yes
ETH,Ethiopia,AFRO,2010,Rotavirus vaccine,Yes
ETH,Ethiopia,AFRO,2011,Rotavirus vaccine,Yes
ETH,Ethiopia,AFRO,2012,Rotavirus vaccine,Yes
ETH,Ethiopia,AFRO,2013,Rotavirus vaccine,Yes
ETH,Ethiopia,AFRO,2014,Rotavirus vaccine,Yes
ETH,Ethiopia,AFRO,2015,Rotavirus vaccine,Yes
ETH,Ethiopia,AFRO,2016,Rotavirus vaccine,Yes
ETH,Ethiopia,AFRO,2017,Rotavirus vaccine,Yes
ETH,Ethiopia,AFRO,2018,Rotavirus vaccine,Yes
ETH,Ethiopia,AFRO,2019,Rotavirus vaccine,Yes
ETH,Ethiopia,AFRO,2020,Rotavirus vaccine,Yes
ETH,Ethiopia,AFRO,2021,Rotavirus vaccine,Yes
ETH,Ethiopia,AFRO,2022,Rotavirus vaccine,Yes
ETH,Ethiopia,AFRO,2023,Rotavirus vaccine,Yes
ETH,Ethiopia,AFRO,2024,Rotavirus vaccine,Yes
ETH,Ethiopia,AFRO,2010,HPV vaccine,Yes
ETH,Ethiopia,AFRO,2011,HPV vaccine,Yes
ETH,Ethiopia,AFRO,2012,HPV vaccine,Yes
ETH,Ethiopia,AFRO,2013,HPV vaccine,Yes
ETH,Ethiopia,AFRO,2014,HPV vaccine,Yes
ETH,Ethiopia,AFRO,2015,HPV vaccine,Yes
ETH,Ethiopia,AFRO,2016,HPV vaccine,Yes
ETH,Ethiopia,AFRO,2017,HPV vaccine,Yes
ETH,Ethiopia,AFRO,2018,HPV vaccine,Yes
ETH,Ethiopia,AFRO,2019,HPV vaccine,Yes
ETH,Ethiopia,AFRO,2020,HPV vaccine,Yes
ETH,Ethiopia,AFRO,2021,HPV vaccine,Yes
ETH,Ethiopia,AFRO,2022,HPV vaccine,Yes
ETH,Ethiopia,AFRO,2023,HPV vaccine,Yes
ETH,Ethiopia,AFRO,2024,HPV vaccine,Yes
ETH,Ethiopia,AFRO,2010,Measles second dose,Yes
ETH,Ethiopia,AFRO,2011,Measles second dose,Yes
ETH,Ethiopia,AFRO,2012,Measles second dose,Yes
ETH,Ethiopia,AFRO,2013,Measles second dose,Yes
ETH,Ethiopia,AFRO,2014,Measles second dose,Yes
ETH,Ethiopia,AFRO,2015,Measles second dose,Yes
ETH,Ethiopia,AFRO,2016,Measles second dose,Yes
ETH,Ethiopia,AFRO,2017,Measles second dose,Yes
ETH,Ethiopia,AFRO,2018,Measles second dose,Yes
ETH,Ethiopia,AFRO,2019,Measles second dose,Yes
ETH,Ethiopia,AFRO,2020,Measles second dose,Yes
ETH,Ethiopia,AFRO,2021,Measles second dose,Yes
ETH,Ethiopia,AFRO,2022,Measles second dose,Yes
ETH,Ethiopia,AFRO,2023,Measles second dose,Yes
ETH,Ethiopia,AFRO,2024,Measles second dose,Yes
ETH,Ethiopia,AFRO,2010,Inactivated polio vaccine,No
ETH,Ethiopia,AFRO,2011,Inactivated polio vaccine,No
ETH,Ethiopia,AFRO,2012,Inactivated polio vaccine,No
ETH,Ethiopia,AFRO,2013,Inactivated polio vaccine,No
ETH,Ethiopia,AFRO,2014,Inactivated polio vaccine,No
ETH,Ethiopia,AFRO,2015,Inactivated polio vaccine,No
ETH,Ethiopia,AFRO,2016,Inactivated polio vaccine,No
ETH,Ethiopia,AFRO,2017,Inactivated polio vaccine,No
ETH,Ethiopia,AFRO,2018,Inactivated polio vaccine,No
ETH,Ethiopia,AFRO,2019,Inactivated polio vaccine,Yes
ETH,Ethiopia,AFRO,2020,Inactivated polio vaccine,Yes
ETH,Ethiopia,AFRO,2021,Inactivated polio vaccine,Yes
ETH,Ethiopia,AFRO,2022,Inactivated polio vaccine,Yes
ETH,Ethiopia,AFRO,2023,Inactivated polio vaccine,Yes
ETH,Ethiopia,AFRO,2024,Inactivated polio vaccine,Yes
PAK,Pakistan,EMRO,2010,Hepatitis B vaccine,Yes
PAK,Pakistan,EMRO,2011,Hepatitis B vaccine,Yes
PAK,Pakistan,EMRO,2012,Hepatitis B vaccine,Yes
PAK,Pakistan,EMRO,2013,Hepatitis B vaccine,Yes
PAK,Pakistan,EMRO,2014,Hepatitis B vaccine,Yes
PAK,Pakistan,EMRO,2015,Hepatitis B vaccine,Yes
PAK,Pakistan,EMRO,2016,Hepatitis B vaccine,Yes
PAK,Pakistan,EMRO,2017,Hepatitis B vaccine,Yes
PAK,Pakistan,EMRO,2018,Hepatitis B vaccine,Yes
PAK,Pakistan,EMRO,2019,Hepatitis B vaccine,Yes
PAK,Pakistan,EMRO,2020,Hepatitis B vaccine,Yes
PAK,Pakistan,EMRO,2021,Hepatitis B vaccine,Yes
PAK,Pakistan,EMRO,2022,Hepatitis B vaccine,Yes
PAK,Pakistan,EMRO,2023,Hepatitis B vaccine,Yes
PAK,Pakistan,EMRO,2024,Hepatitis B vaccine,Yes
PAK,Pakistan,EMRO,2010,Hib vaccine,Yes
PAK,Pakistan,EMRO,2011,Hib vaccine,Yes
PAK,Pakistan,EMRO,2012,Hib vaccine,Yes
PAK,Pakistan,EMRO,2013,Hib vaccine,Yes
PAK,Pakistan,EMRO,2014,Hib vaccine,Yes
PAK,Pakistan,EMRO,2015,Hib vaccine,Yes
PAK,Pakistan,EMRO,2016,Hib vaccine,Yes
PAK,Pakistan,EMRO,2017,Hib vaccine,Yes
PAK,Pakistan,EMRO,2018,Hib vaccine,Yes
PAK,Pakistan,EMRO,2019,Hib vaccine,Yes
PAK,Pakistan,EMRO,2020,Hib vaccine,Yes
PAK,Pakistan,EMRO,2021,Hib vaccine,Yes
PAK,Pakistan,EMRO,2022,Hib vaccine,Yes
PAK,Pakistan,EMRO,2023,Hib vaccine,Yes
PAK,Pakistan,EMRO,2024,Hib vaccine,Yes
PAK,Pakistan,EMRO,2010,Pneumococcal conjugate vaccine,Yes
PAK,Pakistan,EMRO,2011,Pneumococcal conjugate vaccine,Yes
PAK,Pakistan,EMRO,2012,Pneumococcal conjugate vaccine,Yes
PAK,Pakistan,EMRO,2013,Pneumococcal conjugate vaccine,Yes
PAK,Pakistan,EMRO,2014,Pneumococcal conjugate vaccine,Yes
PAK,Pakistan,EMRO,2015,Pneumococcal conjugate vaccine,Yes
PAK,Pakistan,EMRO,2016,Pneumococcal conjugate vaccine,Yes
PAK,Pakistan,EMRO,2017,Pneumococcal conjugate vaccine,Yes
PAK,Pakistan,EMRO,2018,Pneumococcal conjugate vaccine,Yes
PAK,Pakistan,EMRO,2019,Pneumococcal conjugate vaccine,Yes
PAK,Pakistan,EMRO,2020,Pneumococcal conjugate vaccine,Yes
PAK,Pakistan,EMRO,2021,Pneumococcal conjugate vaccine,Yes
PAK,Pakistan,EMRO,2022,Pneumococcal conjugate vaccine,Yes
PAK,Pakistan,EMRO,2023,Pneumococcal conjugate vaccine,Yes
PAK,Pakistan,EMRO,2024,Pneumococcal conjugate vaccine,Yes
PAK,Pakistan,EMRO,2010,Rotavirus vaccine,No
PAK,Pakistan,EMRO,2011,Rotavirus vaccine,Yes
PAK,Pakistan,EMRO,2012,Rotavirus vaccine,Yes
PAK,Pakistan,EMRO,2013,Rotavirus vaccine,Yes
PAK,Pakistan,EMRO,2014,Rotavirus vaccine,Yes
PAK,Pakistan,EMRO,2015,Rotavirus vaccine,Yes
PAK,Pakistan,EMRO,2016,Rotavirus vaccine,Yes
PAK,Pakistan,EMRO,2017,Rotavirus vaccine,Yes
PAK,Pakistan,EMRO,2018,Rotavirus vaccine,Yes
PAK,Pakistan,EMRO,2019,Rotavirus vaccine,Yes
PAK,Pakistan,EMRO,2020,Rotavirus vaccine,Yes
PAK,Pakistan,EMRO,2021,Rotavirus vaccine,Yes
PAK,Pakistan,EMRO,2022,Rotavirus vaccine,Yes
PAK,Pakistan,EMRO,2023,Rotavirus vaccine,Yes
PAK,Pakistan,EMRO,2024,Rotavirus vaccine,Yes
PAK,Pakistan,EMRO,2010,HPV vaccine,No
PAK,Pakistan,EMRO,2011,HPV vaccine,No
PAK,Pakistan,EMRO,2012,HPV vaccine,No
PAK,Pakistan,EMRO,2013,HPV vaccine,No
PAK,Pakistan,EMRO,2014,HPV vaccine,Yes
PAK,Pakistan,EMRO,2015,HPV vaccine,Yes
PAK,Pakistan,EMRO,2016,HPV vaccine,Yes
PAK,Pakistan,EMRO,2017,HPV vaccine,Yes
PAK,Pakistan,EMRO,2018,HPV vaccine,Yes
PAK,Pakistan,EMRO,2019,HPV vaccine,Yes
PAK,Pakistan,EMRO,2020,HPV vaccine,Yes
PAK,Pakistan,EMRO,2021,HPV vaccine,Yes
PAK,Pakistan,EMRO,2022,HPV vaccine,Yes
PAK,Pakistan,EMRO,2023,HPV vaccine,Yes
PAK,Pakistan,EMRO,2024,HPV vaccine,Yes
PAK,Pakistan,EMRO,2010,Measles second dose,No
PAK,Pakistan,EMRO,2011,Measles second dose,No
PAK,Pakistan,EMRO,2012,Measles second dose,Yes
PAK,Pakistan,EMRO,2013,Measles second dose,Yes
PAK,Pakistan,EMRO,2014,Measles second dose,Yes
PAK,Pakistan,EMRO,2015,Measles second dose,Yes
PAK,Pakistan,EMRO,2016,Measles second dose,Yes
PAK,Pakistan,EMRO,2017,Measles second dose,Yes
PAK,Pakistan,EMRO,2018,Measles second dose,Yes
PAK,Pakistan,EMRO,2019,Measles second dose,Yes
PAK,Pakistan,EMRO,2020,Measles second dose,Yes
PAK,Pakistan,EMRO,2021,Measles second dose,Yes
PAK,Pakistan,EMRO,2022,Measles second dose,Yes
PAK,Pakistan,EMRO,2023,Measles second dose,Yes
PAK,Pakistan,EMRO,2024,Measles second dose,Yes
PAK,Pakistan,EMRO,2010,Inactivated polio vaccine,No
PAK,Pakistan,EMRO,2011,Inactivated polio vaccine,No
PAK,Pakistan,EMRO,2012,Inactivated polio vaccine,No
PAK,Pakistan,EMRO,2013,Inactivated polio vaccine,No
PAK,Pakistan,EMRO,2014,Inactivated polio vaccine,No
PAK,Pakistan,EMRO,2015,Inactivated polio vaccine,Yes
PAK,Pakistan,EMRO,2016,Inactivated polio vaccine,Yes
PAK,Pakistan,EMRO,2017,Inactivated polio vaccine,Yes
PAK,Pakistan,EMRO,2018,Inactivated polio vaccine,Yes
PAK,Pakistan,EMRO,2019,Inactivated polio vaccine,Yes
PAK,Pakistan,EMRO,2020,Inactivated polio vaccine,Yes
PAK,Pakistan,EMRO,2021,Inactivated polio vaccine,Yes
PAK,Pakistan,EMRO,2022,Inactivated polio vaccine,Yes
PAK,Pakistan,EMRO,2023,Inactivated polio vaccine,Yes
PAK,Pakistan,EMRO,2024,Inactivated polio vaccine,Yes
BGD,Bangladesh,SEARO,2010,Hepatitis B vaccine,No
BGD,Bangladesh,SEARO,2011,Hepatitis B vaccine,No
BGD,Bangladesh,SEARO,2012,Hepatitis B vaccine,No
BGD,Bangladesh,SEARO,2013,Hepatitis B vaccine,No
BGD,Bangladesh,SEARO,2014,Hepatitis B vaccine,No
BGD,Bangladesh,SEARO,2015,Hepatitis B vaccine,No
BGD,Bangladesh,SEARO,2016,Hepatitis B vaccine,No
BGD,Bangladesh,SEARO,2017,Hepatitis B vaccine,Yes
BGD,Bangladesh,SEARO,2018,Hepatitis B vaccine,Yes
BGD,Bangladesh,SEARO,2019,Hepatitis B vaccine,Yes
BGD,Bangladesh,SEARO,2020,Hepatitis B vaccine,Yes
BGD,Bangladesh,SEARO,2021,Hepatitis B vaccine,Yes
BGD,Bangladesh,SEARO,2022,Hepatitis B vaccine,Yes
BGD,Bangladesh,SEARO,2023,Hepatitis B vaccine,Yes
BGD,Bangladesh,SEARO,2024,Hepatitis B vaccine,Yes
BGD,Bangladesh,SEARO,2010,Hib vaccine,Yes
BGD,Bangladesh,SEARO,2011,Hib vaccine,Yes
BGD,Bangladesh,SEARO,2012,Hib vaccine,Yes
BGD,Bangladesh,SEARO,2013,Hib vaccine,Yes
BGD,Bangladesh,SEARO,2014,Hib vaccine,Yes
BGD,Bangladesh,SEARO,2015,Hib vaccine,Yes
BGD,Bangladesh,SEARO,2016,Hib vaccine,Yes
BGD,Bangladesh,SEARO,2017,Hib vaccine,Yes
BGD,Bangladesh,SEARO,2018,Hib vaccine,Yes
BGD,Bangladesh,SEARO,2019,Hib vaccine,Yes
BGD,Bangladesh,SEARO,2020,Hib vaccine,Yes
BGD,Bangladesh,SEARO,2021,Hib vaccine,Yes
BGD,Bangladesh,SEARO,2022,Hib vaccine,Yes
BGD,Bangladesh,SEARO,2023,Hib vaccine,Yes
BGD,Bangladesh,SEARO,2024,Hib vaccine,Yes
BGD,Bangladesh,SEARO,2010,Pneumococcal conjugate vaccine,No
BGD,Bangladesh,SEARO,2011,Pneumococcal conjugate vaccine,No
BGD,Bangladesh,SEARO,2012,Pneumococcal conjugate vaccine,No
BGD,Bangladesh,SEARO,2013,Pneumococcal conjugate vaccine,No
BGD,Bangladesh,SEARO,2014,Pneumococcal conjugate vaccine,No
BGD,Bangladesh,SEARO,2015,Pneumococcal conjugate vaccine,No
BGD,Bangladesh,SEARO,2016,Pneumococcal conjugate vaccine,Yes
BGD,Bangladesh,SEARO,2017,Pneumococcal conjugate vaccine,Yes
BGD,Bangladesh,SEARO,2018,Pneumococcal conjugate vaccine,Yes
BGD,Bangladesh,SEARO,2019,Pneumococcal conjugate vaccine,Yes
BGD,Bangladesh,SEARO,2020,Pneumococcal conjugate vaccine,Yes
BGD,Bangladesh,SEARO,2021,Pneumococcal conjugate vaccine,Yes
BGD,Bangladesh,SEARO,2022,Pneumococcal conjugate vaccine,Yes
BGD,Bangladesh,SEARO,2023,Pneumococcal conjugate vaccine,Yes
BGD,Bangladesh,SEARO,2024,Pneumococcal conjugate vaccine,Yes
BGD,Bangladesh,SEARO,2010,Rotavirus vaccine,No
BGD,Bangladesh,SEARO,2011,Rotavirus vaccine,No
BGD,Bangladesh,SEARO,2012,Rotavirus vaccine,No
BGD,Bangladesh,SEARO,2013,Rotavirus vaccine,No
BGD,Bangladesh,SEARO,2014,Rotavirus vaccine,No
BGD,Bangladesh,SEARO,2015,Rotavirus vaccine,Yes
BGD,Bangladesh,SEARO,2016,Rotavirus vaccine,Yes
BGD,Bangladesh,SEARO,2017,Rotavirus vaccine,Yes
BGD,Bangladesh,SEARO,2018,Rotavirus vaccine,Yes
BGD,Bangladesh,SEARO,2019,Rotavirus vaccine,Yes
BGD,Bangladesh,SEARO,2020,Rotavirus vaccine,Yes
BGD,Bangladesh,SEARO,2021,Rotavirus vaccine,Yes
BGD,Bangladesh,SEARO,2022,Rotavirus vaccine,Yes
BGD,Bangladesh,SEARO,2023,Rotavirus vaccine,Yes
BGD,Bangladesh,SEARO,2024,Rotavirus vaccine,Yes
BGD,Bangladesh,SEARO,2010,HPV vaccine,Yes
BGD,Bangladesh,SEARO,2011,HPV vaccine,Yes
BGD,Bangladesh,SEARO,2012,HPV vaccine,Yes
BGD,Bangladesh,SEARO,2013,HPV vaccine,Yes
BGD,Bangladesh,SEARO,2014,HPV vaccine,Yes
BGD,Bangladesh,SEARO,2015,HPV vaccine,Yes
BGD,Bangladesh,SEARO,2016,HPV vaccine,Yes
BGD,Bangladesh,SEARO,2017,HPV vaccine,Yes
BGD,Bangladesh,SEARO,2018,HPV vaccine,Yes
BGD,Bangladesh,SEARO,2019,HPV vaccine,Yes
BGD,Bangladesh,SEARO,2020,HPV vaccine,Yes
BGD,Bangladesh,SEARO,2021,HPV vaccine,Yes
BGD,Bangladesh,SEARO,2022,HPV vaccine,Yes
BGD,Bangladesh,SEARO,2023,HPV vaccine,Yes
BGD,Bangladesh,SEARO,2024,HPV vaccine,Yes
BGD,Bangladesh,SEARO,2010,Measles second dose,No
BGD,Bangladesh,SEARO,2011,Measles second dose,No
BGD,Bangladesh,SEARO,2012,Measles second dose,No
BGD,Bangladesh,SEARO,2013,Measles second dose,No
BGD,Bangladesh,SEARO,2014,Measles second dose,No
BGD,Bangladesh,SEARO,2015,Measles second dose,No
BGD,Bangladesh,SEARO,2016,Measles second dose,No
BGD,Bangladesh,SEARO,2017,Measles second dose,No
BGD,Bangladesh,SEARO,2018,Measles second dose,No
BGD,Bangladesh,SEARO,2019,Measles second dose,Yes
BGD,Bangladesh,SEARO,2020,Measles second dose,Yes
BGD,Bangladesh,SEARO,2021,Measles second dose,Yes
BGD,Bangladesh,SEARO,2022,Measles second dose,Yes
BGD,Bangladesh,SEARO,2023,Measles second dose,Yes
BGD,Bangladesh,SEARO,2024,Measles second dose,Yes
BGD,Bangladesh,SEARO,2010,Inactivated polio vaccine,Yes
BGD,Bangladesh,SEARO,2011,Inactivated polio vaccine,Yes
BGD,Bangladesh,SEARO,2012,Inactivated polio vaccine,Yes
BGD,Bangladesh,SEARO,2013,Inactivated polio vaccine,Yes
BGD,Bangladesh,SEARO,2014,Inactivated polio vaccine,Yes
BGD,Bangladesh,SEARO,2015,Inactivated polio vaccine,Yes
BGD,Bangladesh,SEARO,2016,Inactivated polio vaccine,Yes
BGD,Bangladesh,SEARO,2017,Inactivated polio vaccine,Yes
BGD,Bangladesh,SEARO,2018,Inactivated polio vaccine,Yes
BGD,Bangladesh,SEARO,2019,Inactivated polio vaccine,Yes
BGD,Bangladesh,SEARO,2020,Inactivated polio vaccine,Yes
BGD,Bangladesh,SEARO,2021,Inactivated polio vaccine,Yes
BGD,Bangladesh,SEARO,2022,Inactivated polio vaccine,Yes
BGD,Bangladesh,SEARO,2023,Inactivated polio vaccine,Yes
BGD,Bangladesh,SEARO,2024,Inactivated polio vaccine,Yes
IDN,Indonesia,SEARO,2010,Hepatitis B vaccine,Yes
IDN,Indonesia,SEARO,2011,Hepatitis B vaccine,Yes
IDN,Indonesia,SEARO,2012,Hepatitis B vaccine,Yes
IDN,Indonesia,SEARO,2013,Hepatitis B vaccine,Yes
IDN,Indonesia,SEARO,2014,Hepatitis B vaccine,Yes
IDN,Indonesia,SEARO,2015,Hepatitis B vaccine,Yes
IDN,Indonesia,SEARO,2016,Hepatitis B vaccine,Yes
IDN,Indonesia,SEARO,2017,Hepatitis B vaccine,Yes
IDN,Indonesia,SEARO,2018,Hepatitis B vaccine,Yes
IDN,Indonesia,SEARO,2019,Hepatitis B vaccine,Yes
IDN,Indonesia,SEARO,2020,Hepatitis B vaccine,Yes
IDN,Indonesia,SEARO,2021,Hepatitis B vaccine,Yes
IDN,Indonesia,SEARO,2022,Hepatitis B vaccine,Yes
IDN,Indonesia,SEARO,2023,Hepatitis B vaccine,Yes
IDN,Indonesia,SEARO,2024,Hepatitis B vaccine,Yes
IDN,Indonesia,SEARO,2010,Hib vaccine,No
IDN,Indonesia,SEARO,2011,Hib vaccine,Yes
IDN,Indonesia,SEARO,2012,Hib vaccine,Yes
IDN,Indonesia,SEARO,2013,Hib vaccine,Yes
IDN,Indonesia,SEARO,2014,Hib vaccine,Yes
IDN,Indonesia,SEARO,2015,Hib vaccine,Yes
IDN,Indonesia,SEARO,2016,Hib vaccine,Yes
IDN,Indonesia,SEARO,2017,Hib vaccine,Yes
IDN,Indonesia,SEARO,2018,Hib vaccine,Yes
IDN,Indonesia,SEARO,2019,Hib vaccine,Yes
IDN,Indonesia,SEARO,2020,Hib vaccine,Yes
IDN,Indonesia,SEARO,2021,Hib vaccine,Yes
IDN,Indonesia,SEARO,2022,Hib vaccine,Yes
IDN,Indonesia,SEARO,2023,Hib vaccine,Yes
IDN,Indonesia,SEARO,2024,Hib vaccine,Yes
IDN,Indonesia,SEARO,2010,Pneumococcal conjugate vaccine,Yes
IDN,Indonesia,SEARO,2011,Pneumococcal conjugate vaccine,Yes
IDN,Indonesia,SEARO,2012,Pneumococcal conjugate vaccine,Yes
IDN,Indonesia,SEARO,2013,Pneumococcal conjugate vaccine,Yes
IDN,Indonesia,SEARO,2014,Pneumococcal conjugate vaccine,Yes
IDN,Indonesia,SEARO,2015,Pneumococcal conjugate vaccine,Yes
IDN,Indonesia,SEARO,2016,Pneumococcal conjugate vaccine,Yes
IDN,Indonesia,SEARO,2017,Pneumococcal conjugate vaccine,Yes
IDN,Indonesia,SEARO,2018,Pneumococcal conjugate vaccine,Yes
IDN,Indonesia,SEARO,2019,Pneumococcal conjugate vaccine,Yes
IDN,Indonesia,SEARO,2020,Pneumococcal conjugate vaccine,Yes
IDN,Indonesia,SEARO,2021,Pneumococcal conjugate vaccine,Yes
IDN,Indonesia,SEARO,2022,Pneumococcal conjugate vaccine,Yes
IDN,Indonesia,SEARO,2023,Pneumococcal conjugate vaccine,Yes
IDN,Indonesia,SEARO,2024,Pneumococcal conjugate vaccine,Yes
IDN,Indonesia,SEARO,2010,Rotavirus vaccine,No
IDN,Indonesia,SEARO,2011,Rotavirus vaccine,No
IDN,Indonesia,SEARO,2012,Rotavirus vaccine,No
IDN,Indonesia,SEARO,2013,Rotavirus vaccine,No
IDN,Indonesia,SEARO,2014,Rotavirus vaccine,No
IDN,Indonesia,SEARO,2015,Rotavirus vaccine,No
IDN,Indonesia,SEARO,2016,Rotavirus vaccine,Yes
IDN,Indonesia,SEARO,2017,Rotavirus vaccine,Yes
IDN,Indonesia,SEARO,2018,Rotavirus vaccine,Yes
IDN,Indonesia,SEARO,2019,Rotavirus vaccine,Yes
IDN,Indonesia,SEARO,2020,Rotavirus vaccine,Yes
IDN,Indonesia,SEARO,2021,Rotavirus vaccine,Yes
IDN,Indonesia,SEARO,2022,Rotavirus vaccine,Yes
IDN,Indonesia,SEARO,2023,Rotavirus vaccine,Yes
IDN,Indonesia,SEARO,2024,Rotavirus vaccine,Yes
IDN,Indonesia,SEARO,2010,HPV vaccine,Yes
IDN,Indonesia,SEARO,2011,HPV vaccine,Yes
IDN,Indonesia,SEARO,2012,HPV vaccine,Yes
IDN,Indonesia,SEARO,2013,HPV vaccine,Yes
IDN,Indonesia,SEARO,2014,HPV vaccine,Yes
IDN,Indonesia,SEARO,2015,HPV vaccine,Yes
IDN,Indonesia,SEARO,2016,HPV vaccine,Yes
IDN,Indonesia,SEARO,2017,HPV vaccine,Yes
IDN,Indonesia,SEARO,2018,HPV vaccine,Yes
IDN,Indonesia,SEARO,2019,HPV vaccine,Yes
IDN,Indonesia,SEARO,2020,HPV vaccine,Yes
IDN,Indonesia,SEARO,2021,HPV vaccine,Yes
IDN,Indonesia,SEARO,2022,HPV vaccine,Yes
IDN,Indonesia,SEARO,2023,HPV vaccine,Yes
IDN,Indonesia,SEARO,2024,HPV vaccine,Yes
IDN,Indonesia,SEARO,2010,Measles second dose,No
IDN,Indonesia,SEARO,2011,Measles second dose,No
IDN,Indonesia,SEARO,2012,Measles second dose,No
IDN,Indonesia,SEARO,2013,Measles second dose,No
IDN,Indonesia,SEARO,2014,Measles second dose,No
IDN,Indonesia,SEARO,2015,Measles second dose,No
IDN,Indonesia,SEARO,2016,Measles second dose,No
IDN,Indonesia,SEARO,2017,Measles second dose,No
IDN,Indonesia,SEARO,2018,Measles second dose,Yes
IDN,Indonesia,SEARO,2019,Measles second dose,Yes
IDN,Indonesia,SEARO,2020,Measles second dose,Yes
IDN,Indonesia,SEARO,2021,Measles second dose,Yes
IDN,Indonesia,SEARO,2022,Measles second dose,Yes
IDN,Indonesia,SEARO,2023,Measles second dose,Yes
IDN,Indonesia,SEARO,2024,Measles second dose,Yes
IDN,Indonesia,SEARO,2010,Inactivated polio vaccine,No
IDN,Indonesia,SEARO,2011,Inactivated polio vaccine,No
IDN,Indonesia,SEARO,2012,Inactivated polio vaccine,No
IDN,Indonesia,SEARO,2013,Inactivated polio vaccine,No
IDN,Indonesia,SEARO,2014,Inactivated polio vaccine,No
IDN,Indonesia,SEARO,2015,Inactivated polio vaccine,No
IDN,Indonesia,SEARO,2016,Inactivated polio vaccine,No
IDN,Indonesia,SEARO,2017,Inactivated polio vaccine,No
IDN,Indonesia,SEARO,2018,Inactivated polio vaccine,No
IDN,Indonesia,SEARO,2019,Inactivated polio vaccine,Yes
IDN,Indonesia,SEARO,2020,Inactivated polio vaccine,Yes
IDN,Indonesia,SEARO,2021,Inactivated polio vaccine,Yes
IDN,Indonesia,SEARO,2022,Inactivated polio vaccine,Yes
IDN,Indonesia,SEARO,2023,Inactivated polio vaccine,Yes
IDN,Indonesia,SEARO,2024,Inactivated polio vaccine,Yes
COD,Democratic Republic of the Congo,AFRO,2010,Hepatitis B vaccine,Yes
COD,Democratic Republic of the Congo,AFRO,2011,Hepatitis B vaccine,Yes
COD,Democratic Republic of the Congo,AFRO,2012,Hepatitis B vaccine,Yes
COD,Democratic Republic of the Congo,AFRO,2013,Hepatitis B vaccine,Yes
COD,Democratic Republic of the Congo,AFRO,2014,Hepatitis B vaccine,Yes
COD,Democratic Republic of the Congo,AFRO,2015,Hepatitis B vaccine,Yes
COD,Democratic Republic of the Congo,AFRO,2016,Hepatitis B vaccine,Yes
COD,Democratic Republic of the Congo,AFRO,2017,Hepatitis B vaccine,Yes
COD,Democratic Republic of the Congo,AFRO,2018,Hepatitis B vaccine,Yes
COD,Democratic Republic of the Congo,AFRO,2019,Hepatitis B vaccine,Yes
COD,Democratic Republic of the Congo,AFRO,2020,Hepatitis B vaccine,Yes
COD,Democratic Republic of the Congo,AFRO,2021,Hepatitis B vaccine,Yes
COD,Democratic Republic of the Congo,AFRO,2022,Hepatitis B vaccine,Yes
COD,Democratic Republic of the Congo,AFRO,2023,Hepatitis B vaccine,Yes
COD,Democratic Republic of the Congo,AFRO,2024,Hepatitis B vaccine,Yes
COD,Democratic Republic of the Congo,AFRO,2010,Hib vaccine,No
COD,Democratic Republic of the Congo,AFRO,2011,Hib vaccine,No
COD,Democratic Republic of the Congo,AFRO,2012,Hib vaccine,Yes
COD,Democratic Republic of the Congo,AFRO,2013,Hib vaccine,Yes
COD,Democratic Republic of the Congo,AFRO,2014,Hib vaccine,Yes
COD,Democratic Republic of the Congo,AFRO,2015,Hib vaccine,Yes
COD,Democratic Republic of the Congo,AFRO,2016,Hib vaccine,Yes
COD,Democratic Republic of the Congo,AFRO,2017,Hib vaccine,Yes
COD,Democratic Republic of the Congo,AFRO,2018,Hib vaccine,Yes
COD,Democratic Republic of the Congo,AFRO,2019,Hib vaccine,Yes
COD,Democratic Republic of the Congo,AFRO,2020,Hib vaccine,Yes
COD,Democratic Republic of the Congo,AFRO,2021,Hib vaccine,Yes
COD,Democratic Republic of the Congo,AFRO,2022,Hib vaccine,Yes
COD,Democratic Republic of the Congo,AFRO,2023,Hib vaccine,Yes
COD,Democratic Republic of the Congo,AFRO,2024,Hib vaccine,Yes
COD,Democratic Republic of the Congo,AFRO,2010,Pneumococcal conjugate vaccine,Yes
COD,Democratic Republic of the Congo,AFRO,2011,Pneumococcal conjugate vaccine,Yes
COD,Democratic Republic of the Congo,AFRO,2012,Pneumococcal conjugate vaccine,Yes
COD,Democratic Republic of the Congo,AFRO,2013,Pneumococcal conjugate vaccine,Yes
COD,Democratic Republic of the Congo,AFRO,2014,Pneumococcal conjugate vaccine,Yes
COD,Democratic Republic of the Congo,AFRO,2015,Pneumococcal conjugate vaccine,Yes
COD,Democratic Republic of the Congo,AFRO,2016,Pneumococcal conjugate vaccine,Yes
COD,Democratic Republic of the Congo,AFRO,2017,Pneumococcal conjugate vaccine,Yes
COD,Democratic Republic of the Congo,AFRO,2018,Pneumococcal conjugate vaccine,Yes
COD,Democratic Republic of the Congo,AFRO,2019,Pneumococcal conjugate vaccine,Yes
COD,Democratic Republic of the Congo,AFRO,2020,Pneumococcal conjugate vaccine,Yes
COD,Democratic Republic of the Congo,AFRO,2021,Pneumococcal conjugate vaccine,Yes
COD,Democratic Republic of the Congo,AFRO,2022,Pneumococcal conjugate vaccine,Yes
COD,Democratic Republic of the Congo,AFRO,2023,Pneumococcal conjugate vaccine,Yes
COD,Democratic Republic of the Congo,AFRO,2024,Pneumococcal conjugate vaccine,Yes
COD,Democratic Republic of the Congo,AFRO,2010,Rotavirus vaccine,No
COD,Democratic Republic of the Congo,AFRO,2011,Rotavirus vaccine,Yes
COD,Democratic Republic of the Congo,AFRO,2012,Rotavirus vaccine,Yes
COD,Democratic Republic of the Congo,AFRO,2013,Rotavirus vaccine,Yes
COD,Democratic Republic of the Congo,AFRO,2014,Rotavirus vaccine,Yes
COD,Democratic Republic of the Congo,AFRO,2015,Rotavirus vaccine,Yes
COD,Democratic Republic of the Congo,AFRO,2016,Rotavirus vaccine,Yes
COD,Democratic Republic of the Congo,AFRO,2017,Rotavirus vaccine,Yes
COD,Democratic Republic of the Congo,AFRO,2018,Rotavirus vaccine,Yes
COD,Democratic Republic of the Congo,AFRO,2019,Rotavirus vaccine,Yes
COD,Democratic Republic of the Congo,AFRO,2020,Rotavirus vaccine,Yes
COD,Democratic Republic of the Congo,AFRO,2021,Rotavirus vaccine,Yes
COD,Democratic Republic of the Congo,AFRO,2022,Rotavirus vaccine,Yes
COD,Democratic Republic of the Congo,AFRO,2023,Rotavirus vaccine,Yes
COD,Democratic Republic of the Congo,AFRO,2024,Rotavirus vaccine,Yes
COD,Democratic Republic of the Congo,AFRO,2010,HPV vaccine,No
COD,Democratic Republic of the Congo,AFRO,2011,HPV vaccine,No
COD,Democratic Republic of the Congo,AFRO,2012,HPV vaccine,No
COD,Democratic Republic of the Congo,AFRO,2013,HPV vaccine,No
COD,Democratic Republic of the Congo,AFRO,2014,HPV vaccine,No
COD,Democratic Republic of the Congo,AFRO,2015,HPV vaccine,No
COD,Democratic Republic of the Congo,AFRO,2016,HPV vaccine,No
COD,Democratic Republic of the Congo,AFRO,2017,HPV vaccine,Yes
COD,Democratic Republic of the Congo,AFRO,2018,HPV vaccine,Yes
COD,Democratic Republic of the Congo,AFRO,2019,HPV vaccine,Yes
COD,Democratic Republic of the Congo,AFRO,2020,HPV vaccine,Yes
COD,Democratic Republic of the Congo,AFRO,2021,HPV vaccine,Yes
COD,Democratic Republic of the Congo,AFRO,2022,HPV vaccine,Yes
COD,Democratic Republic of the Congo,AFRO,2023,HPV vaccine,Yes
COD,Democratic Republic of the Congo,AFRO,2024,HPV vaccine,Yes
COD,Democratic Republic of the Congo,AFRO,2010,Measles second dose,Yes
COD,Democratic Republic of the Congo,AFRO,2011,Measles second dose,Yes
COD,Democratic Republic of the Congo,AFRO,2012,Measles second dose,Yes
COD,Democratic Republic of the Congo,AFRO,2013,Measles second dose,Yes
COD,Democratic Republic of the Congo,AFRO,2014,Measles second dose,Yes
COD,Democratic Republic of the Congo,AFRO,2015,Measles second dose,Yes
COD,Democratic Republic of the Congo,AFRO,2016,Measles second dose,Yes
COD,Democratic Republic of the Congo,AFRO,2017,Measles second dose,Yes
COD,Democratic Republic of the Congo,AFRO,2018,Measles second dose,Yes
COD,Democratic Republic of the Congo,AFRO,2019,Measles second dose,Yes
COD,Democratic Republic of the Congo,AFRO,2020,Measles second dose,Yes
COD,Democratic Republic of the Congo,AFRO,2021,Measles second dose,Yes
COD,Democratic Republic of the Congo,AFRO,2022,Measles second dose,Yes
COD,Democratic Republic of the Congo,AFRO,2023,Measles second dose,Yes
COD,Democratic Republic of the Congo,AFRO,2024,Measles second dose,Yes
COD,Democratic Republic of the Congo,AFRO,2010,Inactivated polio vaccine,No
COD,Democratic Republic of the Congo,AFRO,2011,Inactivated polio vaccine,No
COD,Democratic Republic of the Congo,AFRO,2012,Inactivated polio vaccine,No
COD,Democratic Republic of the Congo,AFRO,2013,Inactivated polio vaccine,No
COD,Democratic Republic of the Congo,AFRO,2014,Inactivated polio vaccine,No
COD,Democratic Republic of the Congo,AFRO,2015,Inactivated polio vaccine,No
COD,Democratic Republic of the Congo,AFRO,2016,Inactivated polio vaccine,No
COD,Democratic Republic of the Congo,AFRO,2017,Inactivated polio vaccine,Yes
COD,Democratic Republic of the Congo,AFRO,2018,Inactivated polio vaccine,Yes
COD,Democratic Republic of the Congo,AFRO,2019,Inactivated polio vaccine,Yes
COD,Democratic Republic of the Congo,AFRO,2020,Inactivated polio vaccine,Yes
COD,Democratic Republic of the Congo,AFRO,2021,Inactivated polio vaccine,Yes
COD,Democratic Republic of the Congo,AFRO,2022,Inactivated polio vaccine,Yes
COD,Democratic Republic of the Congo,AFRO,2023,Inactivated polio vaccine,Yes
COD,Democratic Republic of the Congo,AFRO,2024,Inactivated polio vaccine,Yes
MEX,Mexico,AMRO,2010,Hepatitis B vaccine,Yes
MEX,Mexico,AMRO,2011,Hepatitis B vaccine,Yes
MEX,Mexico,AMRO,2012,Hepatitis B vaccine,Yes
MEX,Mexico,AMRO,2013,Hepatitis B vaccine,Yes
MEX,Mexico,AMRO,2014,Hepatitis B vaccine,Yes
MEX,Mexico,AMRO,2015,Hepatitis B vaccine,Yes
MEX,Mexico,AMRO,2016,Hepatitis B vaccine,Yes
MEX,Mexico,AMRO,2017,Hepatitis B vaccine,Yes
MEX,Mexico,AMRO,2018,Hepatitis B vaccine,Yes
MEX,Mexico,AMRO,2019,Hepatitis B vaccine,Yes
MEX,Mexico,AMRO,2020,Hepatitis B vaccine,Yes
MEX,Mexico,AMRO,2021,Hepatitis B vaccine,Yes
MEX,Mexico,AMRO,2022,Hepatitis B vaccine,Yes
MEX,Mexico,AMRO,2023,Hepatitis B vaccine,Yes
MEX,Mexico,AMRO,2024,Hepatitis B vaccine,Yes
MEX,Mexico,AMRO,2010,Hib vaccine,Yes
MEX,Mexico,AMRO,2011,Hib vaccine,Yes
MEX,Mexico,AMRO,2012,Hib vaccine,Yes
MEX,Mexico,AMRO,2013,Hib vaccine,Yes
MEX,Mexico,AMRO,2014,Hib vaccine,Yes
MEX,Mexico,AMRO,2015,Hib vaccine,Yes
MEX,Mexico,AMRO,2016,Hib vaccine,Yes
MEX,Mexico,AMRO,2017,Hib vaccine,Yes
MEX,Mexico,AMRO,2018,Hib vaccine,Yes
MEX,Mexico,AMRO,2019,Hib vaccine,Yes
MEX,Mexico,AMRO,2020,Hib vaccine,Yes
MEX,Mexico,AMRO,2021,Hib vaccine,Yes
MEX,Mexico,AMRO,2022,Hib vaccine,Yes
MEX,Mexico,AMRO,2023,Hib vaccine,Yes
MEX,Mexico,AMRO,2024,Hib vaccine,Yes
MEX,Mexico,AMRO,2010,Pneumococcal conjugate vaccine,Yes
MEX,Mexico,AMRO,2011,Pneumococcal conjugate vaccine,Yes
MEX,Mexico,AMRO,2012,Pneumococcal conjugate vaccine,Yes
MEX,Mexico,AMRO,2013,Pneumococcal conjugate vaccine,Yes
MEX,Mexico,AMRO,2014,Pneumococcal conjugate vaccine,Yes
MEX,Mexico,AMRO,2015,Pneumococcal conjugate vaccine,Yes
MEX,Mexico,AMRO,2016,Pneumococcal conjugate vaccine,Yes
MEX,Mexico,AMRO,2017,Pneumococcal conjugate vaccine,Yes
MEX,Mexico,AMRO,2018,Pneumococcal conjugate vaccine,Yes
MEX,Mexico,AMRO,2019,Pneumococcal conjugate vaccine,Yes
MEX,Mexico,AMRO,2020,Pneumococcal conjugate vaccine,Yes
MEX,Mexico,AMRO,2021,Pneumococcal conjugate vaccine,Yes
MEX,Mexico,AMRO,2022,Pneumococcal conjugate vaccine,Yes
MEX,Mexico,AMRO,2023,Pneumococcal conjugate vaccine,Yes
MEX,Mexico,AMRO,2024,Pneumococcal conjugate vaccine,Yes
MEX,Mexico,AMRO,2010,Rotavirus vaccine,Yes
MEX,Mexico,AMRO,2011,Rotavirus vaccine,Yes
MEX,Mexico,AMRO,2012,Rotavirus vaccine,Yes
MEX,Mexico,AMRO,2013,Rotavirus vaccine,Yes
MEX,Mexico,AMRO,2014,Rotavirus vaccine,Yes
MEX,Mexico,AMRO,2015,Rotavirus vaccine,Yes
MEX,Mexico,AMRO,2016,Rotavirus vaccine,Yes
MEX,Mexico,AMRO,2017,Rotavirus vaccine,Yes
MEX,Mexico,AMRO,2018,Rotavirus vaccine,Yes
MEX,Mexico,AMRO,2019,Rotavirus vaccine,Yes
MEX,Mexico,AMRO,2020,Rotavirus vaccine,Yes
MEX,Mexico,AMRO,2021,Rotavirus vaccine,Yes
MEX,Mexico,AMRO,2022,Rotavirus vaccine,Yes
MEX,Mexico,AMRO,2023,Rotavirus vaccine,Yes
MEX,Mexico,AMRO,2024,Rotavirus vaccine,Yes
MEX,Mexico,AMRO,2010,HPV vaccine,No
MEX,Mexico,AMRO,2011,HPV vaccine,No
MEX,Mexico,AMRO,2012,HPV vaccine,No
MEX,Mexico,AMRO,2013,HPV vaccine,No
MEX,Mexico,AMRO,2014,HPV vaccine,No
MEX,Mexico,AMRO,2015,HPV vaccine,No
MEX,Mexico,AMRO,2016,HPV vaccine,No
MEX,Mexico,AMRO,2017,HPV vaccine,Yes
MEX,Mexico,AMRO,2018,HPV vaccine,Yes
MEX,Mexico,AMRO,2019,HPV vaccine,Yes
MEX,Mexico,AMRO,2020,HPV vaccine,Yes
MEX,Mexico,AMRO,2021,HPV vaccine,Yes
MEX,Mexico,AMRO,2022,HPV vaccine,Yes
MEX,Mexico,AMRO,2023,HPV vaccine,Yes
MEX,Mexico,AMRO,2024,HPV vaccine,Yes
MEX,Mexico,AMRO,2010,Measles second dose,Yes
MEX,Mexico,AMRO,2011,Measles second dose,Yes
MEX,Mexico,AMRO,2012,Measles second dose,Yes
MEX,Mexico,AMRO,2013,Measles second dose,Yes
MEX,Mexico,AMRO,2014,Measles second dose,Yes
MEX,Mexico,AMRO,2015,Measles second dose,Yes
MEX,Mexico,AMRO,2016,Measles second dose,Yes
MEX,Mexico,AMRO,2017,Measles second dose,Yes
MEX,Mexico,AMRO,2018,Measles second dose,Yes
MEX,Mexico,AMRO,2019,Measles second dose,Yes
MEX,Mexico,AMRO,2020,Measles second dose,Yes
MEX,Mexico,AMRO,2021,Measles second dose,Yes
MEX,Mexico,AMRO,2022,Measles second dose,Yes
MEX,Mexico,AMRO,2023,Measles second dose,Yes
MEX,Mexico,AMRO,2024,Measles second dose,Yes
MEX,Mexico,AMRO,2010,Inactivated polio vaccine,No
MEX,Mexico,AMRO,2011,Inactivated polio vaccine,No
MEX,Mexico,AMRO,2012,Inactivated polio vaccine,No
MEX,Mexico,AMRO,2013,Inactivated polio vaccine,No
MEX,Mexico,AMRO,2014,Inactivated polio vaccine,No
MEX,Mexico,AMRO,2015,Inactivated polio vaccine,No
MEX,Mexico,AMRO,2016,Inactivated polio vaccine,No
MEX,Mexico,AMRO,2017,Inactivated polio vaccine,No
MEX,Mexico,AMRO,2018,Inactivated polio vaccine,Yes
MEX,Mexico,AMRO,2019,Inactivated polio vaccine,Yes
MEX,Mexico,AMRO,2020,Inactivated polio vaccine,Yes
MEX,Mexico,AMRO,2021,Inactivated polio vaccine,Yes
MEX,Mexico,AMRO,2022,Inactivated polio vaccine,Yes
MEX,Mexico,AMRO,2023,Inactivated polio vaccine,Yes
MEX,Mexico,AMRO,2024,Inactivated polio vaccine,Yes
PHL,Philippines,WPRO,2010,Hepatitis B vaccine,Yes
PHL,Philippines,WPRO,2011,Hepatitis B vaccine,Yes
PHL,Philippines,WPRO,2012,Hepatitis B vaccine,Yes
PHL,Philippines,WPRO,2013,Hepatitis B vaccine,Yes
PHL,Philippines,WPRO,2014,Hepatitis B vaccine,Yes
PHL,Philippines,WPRO,2015,Hepatitis B vaccine,Yes
PHL,Philippines,WPRO,2016,Hepatitis B vaccine,Yes
PHL,Philippines,WPRO,2017,Hepatitis B vaccine,Yes
PHL,Philippines,WPRO,2018,Hepatitis B vaccine,Yes
PHL,Philippines,WPRO,2019,Hepatitis B vaccine,Yes
PHL,Philippines,WPRO,2020,Hepatitis B vaccine,Yes
PHL,Philippines,WPRO,2021,Hepatitis B vaccine,Yes
PHL,Philippines,WPRO,2022,Hepatitis B vaccine,Yes
PHL,Philippines,WPRO,2023,Hepatitis B vaccine,Yes
PHL,Philippines,WPRO,2024,Hepatitis B vaccine,Yes
PHL,Philippines,WPRO,2010,Hib vaccine,Yes
PHL,Philippines,WPRO,2011,Hib vaccine,Yes
PHL,Philippines,WPRO,2012,Hib vaccine,Yes
PHL,Philippines,WPRO,2013,Hib vaccine,Yes
PHL,Philippines,WPRO,2014,Hib vaccine,Yes
PHL,Philippines,WPRO,2015,Hib vaccine,Yes
PHL,Philippines,WPRO,2016,Hib vaccine,Yes
PHL,Philippines,WPRO,2017,Hib vaccine,Yes
PHL,Philippines,WPRO,2018,Hib vaccine,Yes
PHL,Philippines,WPRO,2019,Hib vaccine,Yes
PHL,Philippines,WPRO,2020,Hib vaccine,Yes
PHL,Philippines,WPRO,2021,Hib vaccine,Yes
PHL,Philippines,WPRO,2022,Hib vaccine,Yes
PHL,Philippines,WPRO,2023,Hib vaccine,Yes
PHL,Philippines,WPRO,2024,Hib vaccine,Yes
PHL,Philippines,WPRO,2010,Pneumococcal conjugate vaccine,No
PHL,Philippines,WPRO,2011,Pneumococcal conjugate vaccine,No
PHL,Philippines,WPRO,2012,Pneumococcal conjugate vaccine,Yes
PHL,Philippines,WPRO,2013,Pneumococcal conjugate vaccine,Yes
PHL,Philippines,WPRO,2014,Pneumococcal conjugate vaccine,Yes
PHL,Philippines,WPRO,2015,Pneumococcal conjugate vaccine,Yes
PHL,Philippines,WPRO,2016,Pneumococcal conjugate vaccine,Yes
PHL,Philippines,WPRO,2017,Pneumococcal conjugate vaccine,Yes
PHL,Philippines,WPRO,2018,Pneumococcal conjugate vaccine,Yes
PHL,Philippines,WPRO,2019,Pneumococcal conjugate vaccine,Yes
PHL,Philippines,WPRO,2020,Pneumococcal conjugate vaccine,Yes
PHL,Philippines,WPRO,2021,Pneumococcal conjugate vaccine,Yes
PHL,Philippines,WPRO,2022,Pneumococcal conjugate vaccine,Yes
PHL,Philippines,WPRO,2023,Pneumococcal conjugate vaccine,Yes
PHL,Philippines,WPRO,2024,Pneumococcal conjugate vaccine,Yes
PHL,Philippines,WPRO,2010,Rotavirus vaccine,Yes
PHL,Philippines,WPRO,2011,Rotavirus vaccine,Yes
PHL,Philippines,WPRO,2012,Rotavirus vaccine,Yes
PHL,Philippines,WPRO,2013,Rotavirus vaccine,Yes
PHL,Philippines,WPRO,2014,Rotavirus vaccine,Yes
PHL,Philippines,WPRO,2015,Rotavirus vaccine,Yes
PHL,Philippines,WPRO,2016,Rotavirus vaccine,Yes
PHL,Philippines,WPRO,2017,Rotavirus vaccine,Yes
PHL,Philippines,WPRO,2018,Rotavirus vaccine,Yes
PHL,Philippines,WPRO,2019,Rotavirus vaccine,Yes
PHL,Philippines,WPRO,2020,Rotavirus vaccine,Yes
PHL,Philippines,WPRO,2021,Rotavirus vaccine,Yes
PHL,Philippines,WPRO,2022,Rotavirus vaccine,Yes
PHL,Philippines,WPRO,2023,Rotavirus vaccine,Yes
PHL,Philippines,WPRO,2024,Rotavirus vaccine,Yes
PHL,Philippines,WPRO,2010,HPV vaccine,No
PHL,Philippines,WPRO,2011,HPV vaccine,No
PHL,Philippines,WPRO,2012,HPV vaccine,No
PHL,Philippines,WPRO,2013,HPV vaccine,No
PHL,Philippines,WPRO,2014,HPV vaccine,No
PHL,Philippines,WPRO,2015,HPV vaccine,No
PHL,Philippines,WPRO,2016,HPV vaccine,No
PHL,Philippines,WPRO,2017,HPV vaccine,No
PHL,Philippines,WPRO,2018,HPV vaccine,No
PHL,Philippines,WPRO,2019,HPV vaccine,Yes
PHL,Philippines,WPRO,2020,HPV vaccine,Yes
PHL,Philippines,WPRO,2021,HPV vaccine,Yes
PHL,Philippines,WPRO,2022,HPV vaccine,Yes
PHL,Philippines,WPRO,2023,HPV vaccine,Yes
PHL,Philippines,WPRO,2024,HPV vaccine,Yes
PHL,Philippines,WPRO,2010,Measles second dose,No
PHL,Philippines,WPRO,2011,Measles second dose,Yes
PHL,Philippines,WPRO,2012,Measles second dose,Yes
PHL,Philippines,WPRO,2013,Measles second dose,Yes
PHL,Philippines,WPRO,2014,Measles second dose,Yes
PHL,Philippines,WPRO,2015,Measles second dose,Yes
PHL,Philippines,WPRO,2016,Measles second dose,Yes
PHL,Philippines,WPRO,2017,Measles second dose,Yes
PHL,Philippines,WPRO,2018,Measles second dose,Yes
PHL,Philippines,WPRO,2019,Measles second dose,Yes
PHL,Philippines,WPRO,2020,Measles second dose,Yes
PHL,Philippines,WPRO,2021,Measles second dose,Yes
PHL,Philippines,WPRO,2022,Measles second dose,Yes
PHL,Philippines,WPRO,2023,Measles second dose,Yes
PHL,Philippines,WPRO,2024,Measles second dose,Yes
PHL,Philippines,WPRO,2010,Inactivated polio vaccine,No
PHL,Philippines,WPRO,2011,Inactivated polio vaccine,No
PHL,Philippines,WPRO,2012,Inactivated polio vaccine,Yes
PHL,Philippines,WPRO,2013,Inactivated polio vaccine,Yes
PHL,Philippines,WPRO,2014,Inactivated polio vaccine,Yes
PHL,Philippines,WPRO,2015,Inactivated polio vaccine,Yes
PHL,Philippines,WPRO,2016,Inactivated polio vaccine,Yes
PHL,Philippines,WPRO,2017,Inactivated polio vaccine,Yes
PHL,Philippines,WPRO,2018,Inactivated polio vaccine,Yes
PHL,Philippines,WPRO,2019,Inactivated polio vaccine,Yes
PHL,Philippines,WPRO,2020,Inactivated polio vaccine,Yes
PHL,Philippines,WPRO,2021,Inactivated polio vaccine,Yes
PHL,Philippines,WPRO,2022,Inactivated polio vaccine,Yes
PHL,Philippines,WPRO,2023,Inactivated polio vaccine,Yes
PHL,Philippines,WPRO,2024,Inactivated polio vaccine,Yes
EGY,Egypt,EMRO,2010,Hepatitis B vaccine,Yes
EGY,Egypt,EMRO,2011,Hepatitis B vaccine,Yes
EGY,Egypt,EMRO,2012,Hepatitis B vaccine,Yes
EGY,Egypt,EMRO,2013,Hepatitis B vaccine,Yes
EGY,Egypt,EMRO,2014,Hepatitis B vaccine,Yes
EGY,Egypt,EMRO,2015,Hepatitis B vaccine,Yes
EGY,Egypt,EMRO,2016,Hepatitis B vaccine,Yes
EGY,Egypt,EMRO,2017,Hepatitis B vaccine,Yes
EGY,Egypt,EMRO,2018,Hepatitis B vaccine,Yes
EGY,Egypt,EMRO,2019,Hepatitis B vaccine,Yes
EGY,Egypt,EMRO,2020,Hepatitis B vaccine,Yes
EGY,Egypt,EMRO,2021,Hepatitis B vaccine,Yes
EGY,Egypt,EMRO,2022,Hepatitis B vaccine,Yes
EGY,Egypt,EMRO,2023,Hepatitis B vaccine,Yes
EGY,Egypt,EMRO,2024,Hepatitis B vaccine,Yes
EGY,Egypt,EMRO,2010,Hib vaccine,No
EGY,Egypt,EMRO,2011,Hib vaccine,No
EGY,Egypt,EMRO,2012,Hib vaccine,No
EGY,Egypt,EMRO,2013,Hib vaccine,No
EGY,Egypt,EMRO,2014,Hib vaccine,Yes
EGY,Egypt,EMRO,2015,Hib vaccine,Yes
EGY,Egypt,EMRO,2016,Hib vaccine,Yes
EGY,Egypt,EMRO,2017,Hib vaccine,Yes
EGY,Egypt,EMRO,2018,Hib vaccine,Yes
EGY,Egypt,EMRO,2019,Hib vaccine,Yes
EGY,Egypt,EMRO,2020,Hib vaccine,Yes
EGY,Egypt,EMRO,2021,Hib vaccine,Yes
EGY,Egypt,EMRO,2022,Hib vaccine,Yes
EGY,Egypt,EMRO,2023,Hib vaccine,Yes
EGY,Egypt,EMRO,2024,Hib vaccine,Yes
EGY,Egypt,EMRO,2010,Pneumococcal conjugate vaccine,No
EGY,Egypt,EMRO,2011,Pneumococcal conjugate vaccine,No
EGY,Egypt,EMRO,2012,Pneumococcal conjugate vaccine,Yes
EGY,Egypt,EMRO,2013,Pneumococcal conjugate vaccine,Yes
EGY,Egypt,EMRO,2014,Pneumococcal conjugate vaccine,Yes
EGY,Egypt,EMRO,2015,Pneumococcal conjugate vaccine,Yes
EGY,Egypt,EMRO,2016,Pneumococcal conjugate vaccine,Yes
EGY,Egypt,EMRO,2017,Pneumococcal conjugate vaccine,Yes
EGY,Egypt,EMRO,2018,Pneumococcal conjugate vaccine,Yes
EGY,Egypt,EMRO,2019,Pneumococcal conjugate vaccine,Yes
EGY,Egypt,EMRO,2020,Pneumococcal conjugate vaccine,Yes
EGY,Egypt,EMRO,2021,Pneumococcal conjugate vaccine,Yes
EGY,Egypt,EMRO,2022,Pneumococcal conjugate vaccine,Yes
EGY,Egypt,EMRO,2023,Pneumococcal conjugate vaccine,Yes
EGY,Egypt,EMRO,2024,Pneumococcal conjugate vaccine,Yes
EGY,Egypt,EMRO,2010,Rotavirus vaccine,No
EGY,Egypt,EMRO,2011,Rotavirus vaccine,No
EGY,Egypt,EMRO,2012,Rotavirus vaccine,Yes
EGY,Egypt,EMRO,2013,Rotavirus vaccine,Yes
EGY,Egypt,EMRO,2014,Rotavirus vaccine,Yes
EGY,Egypt,EMRO,2015,Rotavirus vaccine,Yes
EGY,Egypt,EMRO,2016,Rotavirus vaccine,Yes
EGY,Egypt,EMRO,2017,Rotavirus vaccine,Yes
EGY,Egypt,EMRO,2018,Rotavirus vaccine,Yes
EGY,Egypt,EMRO,2019,Rotavirus vaccine,Yes
EGY,Egypt,EMRO,2020,Rotavirus vaccine,Yes
EGY,Egypt,EMRO,2021,Rotavirus vaccine,Yes
EGY,Egypt,EMRO,2022,Rotavirus vaccine,Yes
EGY,Egypt,EMRO,2023,Rotavirus vaccine,Yes
EGY,Egypt,EMRO,2024,Rotavirus vaccine,Yes
EGY,Egypt,EMRO,2010,HPV vaccine,No
EGY,Egypt,EMRO,2011,HPV vaccine,No
EGY,Egypt,EMRO,2012,HPV vaccine,No
EGY,Egypt,EMRO,2013,HPV vaccine,No
EGY,Egypt,EMRO,2014,HPV vaccine,No
EGY,Egypt,EMRO,2015,HPV vaccine,No
EGY,Egypt,EMRO,2016,HPV vaccine,Yes
EGY,Egypt,EMRO,2017,HPV vaccine,Yes
EGY,Egypt,EMRO,2018,HPV vaccine,Yes
EGY,Egypt,EMRO,2019,HPV vaccine,Yes
EGY,Egypt,EMRO,2020,HPV vaccine,Yes
EGY,Egypt,EMRO,2021,HPV vaccine,Yes
EGY,Egypt,EMRO,2022,HPV vaccine,Yes
EGY,Egypt,EMRO,2023,HPV vaccine,Yes
EGY,Egypt,EMRO,2024,HPV vaccine,Yes
EGY,Egypt,EMRO,2010,Measles second dose,No
EGY,Egypt,EMRO,2011,Measles second dose,No
EGY,Egypt,EMRO,2012,Measles second dose,No
EGY,Egypt,EMRO,2013,Measles second dose,No
EGY,Egypt,EMRO,2014,Measles second dose,Yes
EGY,Egypt,EMRO,2015,Measles second dose,Yes
EGY,Egypt,EMRO,2016,Measles second dose,Yes
EGY,Egypt,EMRO,2017,Measles second dose,Yes
EGY,Egypt,EMRO,2018,Measles second dose,Yes
EGY,Egypt,EMRO,2019,Measles second dose,Yes
EGY,Egypt,EMRO,2020,Measles second dose,Yes
EGY,Egypt,EMRO,2021,Measles second dose,Yes
EGY,Egypt,EMRO,2022,Measles second dose,Yes
EGY,Egypt,EMRO,2023,Measles second dose,Yes
EGY,Egypt,EMRO,2024,Measles second dose,Yes
EGY,Egypt,EMRO,2010,Inactivated polio vaccine,No
EGY,Egypt,EMRO,2011,Inactivated polio vaccine,No
EGY,Egypt,EMRO,2012,Inactivated polio vaccine,No
EGY,Egypt,EMRO,2013,Inactivated polio vaccine,No
EGY,Egypt,EMRO,2014,Inactivated polio vaccine,No
EGY,Egypt,EMRO,2015,Inactivated polio vaccine,No
EGY,Egypt,EMRO,2016,Inactivated polio vaccine,No
EGY,Egypt,EMRO,2017,Inactivated polio vaccine,No
EGY,Egypt,EMRO,2018,Inactivated polio vaccine,Yes
EGY,Egypt,EMRO,2019,Inactivated polio vaccine,Yes
EGY,Egypt,EMRO,2020,Inactivated polio vaccine,Yes
EGY,Egypt,EMRO,2021,Inactivated polio vaccine,Yes
EGY,Egypt,EMRO,2022,Inactivated polio vaccine,Yes
EGY,Egypt,EMRO,2023,Inactivated polio vaccine,Yes
EGY,Egypt,EMRO,2024,Inactivated polio vaccine,Yes
VNM,Viet Nam,WPRO,2010,Hepatitis B vaccine,Yes
VNM,Viet Nam,WPRO,2011,Hepatitis B vaccine,Yes
VNM,Viet Nam,WPRO,2012,Hepatitis B vaccine,Yes
VNM,Viet Nam,WPRO,2013,Hepatitis B vaccine,Yes
VNM,Viet Nam,WPRO,2014,Hepatitis B vaccine,Yes
VNM,Viet Nam,WPRO,2015,Hepatitis B vaccine,Yes
VNM,Viet Nam,WPRO,2016,Hepatitis B vaccine,Yes
VNM,Viet Nam,WPRO,2017,Hepatitis B vaccine,Yes
VNM,Viet Nam,WPRO,2018,Hepatitis B vaccine,Yes
VNM,Viet Nam,WPRO,2019,Hepatitis B vaccine,Yes
VNM,Viet Nam,WPRO,2020,Hepatitis B vaccine,Yes
VNM,Viet Nam,WPRO,2021,Hepatitis B vaccine,Yes
VNM,Viet Nam,WPRO,2022,Hepatitis B vaccine,Yes
VNM,Viet Nam,WPRO,2023,Hepatitis B vaccine,Yes
VNM,Viet Nam,WPRO,2024,Hepatitis B vaccine,Yes
VNM,Viet Nam,WPRO,2010,Hib vaccine,No
VNM,Viet Nam,WPRO,2011,Hib vaccine,No
VNM,Viet Nam,WPRO,2012,Hib vaccine,No
VNM,Viet Nam,WPRO,2013,Hib vaccine,Yes
VNM,Viet Nam,WPRO,2014,Hib vaccine,Yes
VNM,Viet Nam,WPRO,2015,Hib vaccine,Yes
VNM,Viet Nam,WPRO,2016,Hib vaccine,Yes
VNM,Viet Nam,WPRO,2017,Hib vaccine,Yes
VNM,Viet Nam,WPRO,2018,Hib vaccine,Yes
VNM,Viet Nam,WPRO,2019,Hib vaccine,Yes
VNM,Viet Nam,WPRO,2020,Hib vaccine,Yes
VNM,Viet Nam,WPRO,2021,Hib vaccine,Yes
VNM,Viet Nam,WPRO,2022,Hib vaccine,Yes
VNM,Viet Nam,WPRO,2023,Hib vaccine,Yes
VNM,Viet Nam,WPRO,2024,Hib vaccine,Yes
VNM,Viet Nam,WPRO,2010,Pneumococcal conjugate vaccine,Yes
VNM,Viet Nam,WPRO,2011,Pneumococcal conjugate vaccine,Yes
VNM,Viet Nam,WPRO,2012,Pneumococcal conjugate vaccine,Yes
VNM,Viet Nam,WPRO,2013,Pneumococcal conjugate vaccine,Yes
VNM,Viet Nam,WPRO,2014,Pneumococcal conjugate vaccine,Yes
VNM,Viet Nam,WPRO,2015,Pneumococcal conjugate vaccine,Yes
VNM,Viet Nam,WPRO,2016,Pneumococcal conjugate vaccine,Yes
VNM,Viet Nam,WPRO,2017,Pneumococcal conjugate vaccine,Yes
VNM,Viet Nam,WPRO,2018,Pneumococcal conjugate vaccine,Yes
VNM,Viet Nam,WPRO,2019,Pneumococcal conjugate vaccine,Yes
VNM,Viet Nam,WPRO,2020,Pneumococcal conjugate vaccine,Yes
VNM,Viet Nam,WPRO,2021,Pneumococcal conjugate vaccine,Yes
VNM,Viet Nam,WPRO,2022,Pneumococcal conjugate vaccine,Yes
VNM,Viet Nam,WPRO,2023,Pneumococcal conjugate vaccine,Yes
VNM,Viet Nam,WPRO,2024,Pneumococcal conjugate vaccine,Yes
VNM,Viet Nam,WPRO,2010,Rotavirus vaccine,No
VNM,Viet Nam,WPRO,2011,Rotavirus vaccine,No
VNM,Viet Nam,WPRO,2012,Rotavirus vaccine,No
VNM,Viet Nam,WPRO,2013,Rotavirus vaccine,No
VNM,Viet Nam,WPRO,2014,Rotavirus vaccine,No
VNM,Viet Nam,WPRO,2015,Rotavirus vaccine,No
VNM,Viet Nam,WPRO,2016,Rotavirus vaccine,Yes
VNM,Viet Nam,WPRO,2017,Rotavirus vaccine,Yes
VNM,Viet Nam,WPRO,2018,Rotavirus vaccine,Yes
VNM,Viet Nam,WPRO,2019,Rotavirus vaccine,Yes
VNM,Viet Nam,WPRO,2020,Rotavirus vaccine,Yes
VNM,Viet Nam,WPRO,2021,Rotavirus vaccine,Yes
VNM,Viet Nam,WPRO,2022,Rotavirus vaccine,Yes
VNM,Viet Nam,WPRO,2023,Rotavirus vaccine,Yes
VNM,Viet Nam,WPRO,2024,Rotavirus vaccine,Yes
VNM,Viet Nam,WPRO,2010,HPV vaccine,Yes
VNM,Viet Nam,WPRO,2011,HPV vaccine,Yes
VNM,Viet Nam,WPRO,2012,HPV vaccine,Yes
VNM,Viet Nam,WPRO,2013,HPV vaccine,Yes
VNM,Viet Nam,WPRO,2014,HPV vaccine,Yes
VNM,Viet Nam,WPRO,2015,HPV vaccine,Yes
VNM,Viet Nam,WPRO,2016,HPV vaccine,Yes
VNM,Viet Nam,WPRO,2017,HPV vaccine,Yes
VNM,Viet Nam,WPRO,2018,HPV vaccine,Yes
VNM,Viet Nam,WPRO,2019,HPV vaccine,Yes
VNM,Viet Nam,WPRO,2020,HPV vaccine,Yes
VNM,Viet Nam,WPRO,2021,HPV vaccine,Yes
VNM,Viet Nam,WPRO,2022,HPV vaccine,Yes
VNM,Viet Nam,WPRO,2023,HPV vaccine,Yes
VNM,Viet Nam,WPRO,2024,HPV vaccine,Yes
VNM,Viet Nam,WPRO,2010,Measles second dose,No
VNM,Viet Nam,WPRO,2011,Measles second dose,No
VNM,Viet Nam,WPRO,2012,Measles second dose,No
VNM,Viet Nam,WPRO,2013,Measles second dose,No
VNM,Viet Nam,WPRO,2014,Measles second dose,No
VNM,Viet Nam,WPRO,2015,Measles second dose,No
VNM,Viet Nam,WPRO,2016,Measles second dose,No
VNM,Viet Nam,WPRO,2017,Measles second dose,Yes
VNM,Viet Nam,WPRO,2018,Measles second dose,Yes
VNM,Viet Nam,WPRO,2019,Measles second dose,Yes
VNM,Viet Nam,WPRO,2020,Measles second dose,Yes
VNM,Viet Nam,WPRO,2021,Measles second dose,Yes
VNM,Viet Nam,WPRO,2022,Measles second dose,Yes
VNM,Viet Nam,WPRO,2023,Measles second dose,Yes
VNM,Viet Nam,WPRO,2024,Measles second dose,Yes
VNM,Viet Nam,WPRO,2010,Inactivated polio vaccine,No
VNM,Viet Nam,WPRO,2011,Inactivated polio vaccine,Yes
VNM,Viet Nam,WPRO,2012,Inactivated polio vaccine,Yes
VNM,Viet Nam,WPRO,2013,Inactivated polio vaccine,Yes
VNM,Viet Nam,WPRO,2014,Inactivated polio vaccine,Yes
VNM,Viet Nam,WPRO,2015,Inactivated polio vaccine,Yes
VNM,Viet Nam,WPRO,2016,Inactivated polio vaccine,Yes
VNM,Viet Nam,WPRO,2017,Inactivated polio vaccine,Yes
VNM,Viet Nam,WPRO,2018,Inactivated polio vaccine,Yes
VNM,Viet Nam,WPRO,2019,Inactivated polio vaccine,Yes
VNM,Viet Nam,WPRO,2020,Inactivated polio vaccine,Yes
VNM,Viet Nam,WPRO,2021,Inactivated polio vaccine,Yes
VNM,Viet Nam,WPRO,2022,Inactivated polio vaccine,Yes
VNM,Viet Nam,WPRO,2023,Inactivated polio vaccine,Yes
VNM,Viet Nam,WPRO,2024,Inactivated polio vaccine,Yes
TUR,Turkey,EURO,2010,Hepatitis B vaccine,No
TUR,Turkey,EURO,2011,Hepatitis B vaccine,No
TUR,Turkey,EURO,2012,Hepatitis B vaccine,No
TUR,Turkey,EURO,2013,Hepatitis B vaccine,No
TUR,Turkey,EURO,2014,Hepatitis B vaccine,No
TUR,Turkey,EURO,2015,Hepatitis B vaccine,No
TUR,Turkey,EURO,2016,Hepatitis B vaccine,Yes
TUR,Turkey,EURO,2017,Hepatitis B vaccine,Yes
TUR,Turkey,EURO,2018,Hepatitis B vaccine,Yes
TUR,Turkey,EURO,2019,Hepatitis B vaccine,Yes
TUR,Turkey,EURO,2020,Hepatitis B vaccine,Yes
TUR,Turkey,EURO,2021,Hepatitis B vaccine,Yes
TUR,Turkey,EURO,2022,Hepatitis B vaccine,Yes
TUR,Turkey,EURO,2023,Hepatitis B vaccine,Yes
TUR,Turkey,EURO,2024,Hepatitis B vaccine,Yes
TUR,Turkey,EURO,2010,Hib vaccine,Yes
TUR,Turkey,EURO,2011,Hib vaccine,Yes
TUR,Turkey,EURO,2012,Hib vaccine,Yes
TUR,Turkey,EURO,2013,Hib vaccine,Yes
TUR,Turkey,EURO,2014,Hib vaccine,Yes
TUR,Turkey,EURO,2015,Hib vaccine,Yes
TUR,Turkey,EURO,2016,Hib vaccine,Yes
TUR,Turkey,EURO,2017,Hib vaccine,Yes
TUR,Turkey,EURO,2018,Hib vaccine,Yes
TUR,Turkey,EURO,2019,Hib vaccine,Yes
TUR,Turkey,EURO,2020,Hib vaccine,Yes
TUR,Turkey,EURO,2021,Hib vaccine,Yes
TUR,Turkey,EURO,2022,Hib vaccine,Yes
TUR,Turkey,EURO,2023,Hib vaccine,Yes
TUR,Turkey,EURO,2024,Hib vaccine,Yes
TUR,Turkey,EURO,2010,Pneumococcal conjugate vaccine,Yes
TUR,Turkey,EURO,2011,Pneumococcal conjugate vaccine,Yes
TUR,Turkey,EURO,2012,Pneumococcal conjugate vaccine,Yes
TUR,Turkey,EURO,2013,Pneumococcal conjugate vaccine,Yes
TUR,Turkey,EURO,2014,Pneumococcal conjugate vaccine,Yes
TUR,Turkey,EURO,2015,Pneumococcal conjugate vaccine,Yes
TUR,Turkey,EURO,2016,Pneumococcal conjugate vaccine,Yes
TUR,Turkey,EURO,2017,Pneumococcal conjugate vaccine,Yes
TUR,Turkey,EURO,2018,Pneumococcal conjugate vaccine,Yes
TUR,Turkey,EURO,2019,Pneumococcal conjugate vaccine,Yes
TUR,Turkey,EURO,2020,Pneumococcal conjugate vaccine,Yes
TUR,Turkey,EURO,2021,Pneumococcal conjugate vaccine,Yes
TUR,Turkey,EURO,2022,Pneumococcal conjugate vaccine,Yes
TUR,Turkey,EURO,2023,Pneumococcal conjugate vaccine,Yes
TUR,Turkey,EURO,2024,Pneumococcal conjugate vaccine,Yes
TUR,Turkey,EURO,2010,Rotavirus vaccine,No
TUR,Turkey,EURO,2011,Rotavirus vaccine,No
TUR,Turkey,EURO,2012,Rotavirus vaccine,No
TUR,Turkey,EURO,2013,Rotavirus vaccine,No
TUR,Turkey,EURO,2014,Rotavirus vaccine,Yes
TUR,Turkey,EURO,2015,Rotavirus vaccine,Yes
TUR,Turkey,EURO,2016,Rotavirus vaccine,Yes
TUR,Turkey,EURO,2017,Rotavirus vaccine,Yes
TUR,Turkey,EURO,2018,Rotavirus vaccine,Yes
TUR,Turkey,EURO,2019,Rotavirus vaccine,Yes
TUR,Turkey,EURO,2020,Rotavirus vaccine,Yes
TUR,Turkey,EURO,2021,Rotavirus vaccine,Yes
TUR,Turkey,EURO,2022,Rotavirus vaccine,Yes
TUR,Turkey,EURO,2023,Rotavirus vaccine,Yes
TUR,Turkey,EURO,2024,Rotavirus vaccine,Yes
TUR,Turkey,EURO,2010,HPV vaccine,Yes
TUR,Turkey,EURO,2011,HPV vaccine,Yes
TUR,Turkey,EURO,2012,HPV vaccine,Yes
TUR,Turkey,EURO,2013,HPV vaccine,Yes
TUR,Turkey,EURO,2014,HPV vaccine,Yes
TUR,Turkey,EURO,2015,HPV vaccine,Yes
TUR,Turkey,EURO,2016,HPV vaccine,Yes
TUR,Turkey,EURO,2017,HPV vaccine,Yes
TUR,Turkey,EURO,2018,HPV vaccine,Yes
TUR,Turkey,EURO,2019,HPV vaccine,Yes
TUR,Turkey,EURO,2020,HPV vaccine,Yes
TUR,Turkey,EURO,2021,HPV vaccine,Yes
TUR,Turkey,EURO,2022,HPV vaccine,Yes
TUR,Turkey,EURO,2023,HPV vaccine,Yes
TUR,Turkey,EURO,2024,HPV vaccine,Yes
TUR,Turkey,EURO,2010,Measles second dose,No
TUR,Turkey,EURO,2011,Measles second dose,Yes
TUR,Turkey,EURO,2012,Measles second dose,Yes
TUR,Turkey,EURO,2013,Measles second dose,Yes
TUR,Turkey,EURO,2014,Measles second dose,Yes
TUR,Turkey,EURO,2015,Measles second dose,Yes
TUR,Turkey,EURO,2016,Measles second dose,Yes
TUR,Turkey,EURO,2017,Measles second dose,Yes
TUR,Turkey,EURO,2018,Measles second dose,Yes
TUR,Turkey,EURO,2019,Measles second dose,Yes
TUR,Turkey,EURO,2020,Measles second dose,Yes
TUR,Turkey,EURO,2021,Measles second dose,Yes
TUR,Turkey,EURO,2022,Measles second dose,Yes
TUR,Turkey,EURO,2023,Measles second dose,Yes
TUR,Turkey,EURO,2024,Measles second dose,Yes
TUR,Turkey,EURO,2010,Inactivated polio vaccine,Yes
TUR,Turkey,EURO,2011,Inactivated polio vaccine,Yes
TUR,Turkey,EURO,2012,Inactivated polio vaccine,Yes
TUR,Turkey,EURO,2013,Inactivated polio vaccine,Yes
TUR,Turkey,EURO,2014,Inactivated polio vaccine,Yes
TUR,Turkey,EURO,2015,Inactivated polio vaccine,Yes
TUR,Turkey,EURO,2016,Inactivated polio vaccine,Yes
TUR,Turkey,EURO,2017,Inactivated polio vaccine,Yes
TUR,Turkey,EURO,2018,Inactivated polio vaccine,Yes
TUR,Turkey,EURO,2019,Inactivated polio vaccine,Yes
TUR,Turkey,EURO,2020,Inactivated polio vaccine,Yes
TUR,Turkey,EURO,2021,Inactivated polio vaccine,Yes
TUR,Turkey,EURO,2022,Inactivated polio vaccine,Yes
TUR,Turkey,EURO,2023,Inactivated polio vaccine,Yes
TUR,Turkey,EURO,2024,Inactivated polio vaccine,Yes
IRN,Iran (Islamic Republic of),EMRO,2010,Hepatitis B vaccine,No
IRN,Iran (Islamic Republic of),EMRO,2011,Hepatitis B vaccine,No
IRN,Iran (Islamic Republic of),EMRO,2012,Hepatitis B vaccine,No
IRN,Iran (Islamic Republic of),EMRO,2013,Hepatitis B vaccine,No
IRN,Iran (Islamic Republic of),EMRO,2014,Hepatitis B vaccine,No
IRN,Iran (Islamic Republic of),EMRO,2015,Hepatitis B vaccine,No
IRN,Iran (Islamic Republic of),EMRO,2016,Hepatitis B vaccine,Yes
IRN,Iran (Islamic Republic of),EMRO,2017,Hepatitis B vaccine,Yes
IRN,Iran (Islamic Republic of),EMRO,2018,Hepatitis B vaccine,Yes
IRN,Iran (Islamic Republic of),EMRO,2019,Hepatitis B vaccine,Yes
IRN,Iran (Islamic Republic of),EMRO,2020,Hepatitis B vaccine,Yes
IRN,Iran (Islamic Republic of),EMRO,2021,Hepatitis B vaccine,Yes
IRN,Iran (Islamic Republic of),EMRO,2022,Hepatitis B vaccine,Yes
IRN,Iran (Islamic Republic of),EMRO,2023,Hepatitis B vaccine,Yes
IRN,Iran (Islamic Republic of),EMRO,2024,Hepatitis B vaccine,Yes
IRN,Iran (Islamic Republic of),EMRO,2010,Hib vaccine,Yes
IRN,Iran (Islamic Republic of),EMRO,2011,Hib vaccine,Yes
IRN,Iran (Islamic Republic of),EMRO,2012,Hib vaccine,Yes
IRN,Iran (Islamic Republic of),EMRO,2013,Hib vaccine,Yes
IRN,Iran (Islamic Republic of),EMRO,2014,Hib vaccine,Yes
IRN,Iran (Islamic Republic of),EMRO,2015,Hib vaccine,Yes
IRN,Iran (Islamic Republic of),EMRO,2016,Hib vaccine,Yes
IRN,Iran (Islamic Republic of),EMRO,2017,Hib vaccine,Yes
IRN,Iran (Islamic Republic of),EMRO,2018,Hib vaccine,Yes
IRN,Iran (Islamic Republic of),EMRO,2019,Hib vaccine,Yes
IRN,Iran (Islamic Republic of),EMRO,2020,Hib vaccine,Yes
IRN,Iran (Islamic Republic of),EMRO,2021,Hib vaccine,Yes
IRN,Iran (Islamic Republic of),EMRO,2022,Hib vaccine,Yes
IRN,Iran (Islamic Republic of),EMRO,2023,Hib vaccine,Yes
IRN,Iran (Islamic Republic of),EMRO,2024,Hib vaccine,Yes
IRN,Iran (Islamic Republic of),EMRO,2010,Pneumococcal conjugate vaccine,Yes
IRN,Iran (Islamic Republic of),EMRO,2011,Pneumococcal conjugate vaccine,Yes
IRN,Iran (Islamic Republic of),EMRO,2012,Pneumococcal conjugate vaccine,Yes
IRN,Iran (Islamic Republic of),EMRO,2013,Pneumococcal conjugate vaccine,Yes
IRN,Iran (Islamic Republic of),EMRO,2014,Pneumococcal conjugate vaccine,Yes
IRN,Iran (Islamic Republic of),EMRO,2015,Pneumococcal conjugate vaccine,Yes
IRN,Iran (Islamic Republic of),EMRO,2016,Pneumococcal conjugate vaccine,Yes
IRN,Iran (Islamic Republic of),EMRO,2017,Pneumococcal conjugate vaccine,Yes
IRN,Iran (Islamic Republic of),EMRO,2018,Pneumococcal conjugate vaccine,Yes
IRN,Iran (Islamic Republic of),EMRO,2019,Pneumococcal conjugate vaccine,Yes
IRN,Iran (Islamic Republic of),EMRO,2020,Pneumococcal conjugate vaccine,Yes
IRN,Iran (Islamic Republic of),EMRO,2021,Pneumococcal conjugate vaccine,Yes
IRN,Iran (Islamic Republic of),EMRO,2022,Pneumococcal conjugate vaccine,Yes
IRN,Iran (Islamic Republic of),EMRO,2023,Pneumococcal conjugate vaccine,Yes
IRN,Iran (Islamic Republic of),EMRO,2024,Pneumococcal conjugate vaccine,Yes
IRN,Iran (Islamic Republic of),EMRO,2010,Rotavirus vaccine,Yes
IRN,Iran (Islamic Republic of),EMRO,2011,Rotavirus vaccine,Yes
IRN,Iran (Islamic Republic of),EMRO,2012,Rotavirus vaccine,Yes
IRN,Iran (Islamic Republic of),EMRO,2013,Rotavirus vaccine,Yes
IRN,Iran (Islamic Republic of),EMRO,2014,Rotavirus vaccine,Yes
IRN,Iran (Islamic Republic of),EMRO,2015,Rotavirus vaccine,Yes
IRN,Iran (Islamic Republic of),EMRO,2016,Rotavirus vaccine,Yes
IRN,Iran (Islamic Republic of),EMRO,2017,Rotavirus vaccine,Yes
IRN,Iran (Islamic Republic of),EMRO,2018,Rotavirus vaccine,Yes
IRN,Iran (Islamic Republic of),EMRO,2019,Rotavirus vaccine,Yes
IRN,Iran (Islamic Republic of),EMRO,2020,Rotavirus vaccine,Yes
IRN,Iran (Islamic Republic of),EMRO,2021,Rotavirus vaccine,Yes
IRN,Iran (Islamic Republic of),EMRO,2022,Rotavirus vaccine,Yes
IRN,Iran (Islamic Republic of),EMRO,2023,Rotavirus vaccine,Yes
IRN,Iran (Islamic Republic of),EMRO,2024,Rotavirus vaccine,Yes
IRN,Iran (Islamic Republic of),EMRO,2010,HPV vaccine,No
IRN,Iran (Islamic Republic of),EMRO,2011,HPV vaccine,No
IRN,Iran (Islamic Republic of),EMRO,2012,HPV vaccine,No
IRN,Iran (Islamic Republic of),EMRO,2013,HPV vaccine,No
IRN,Iran (Islamic Republic of),EMRO,2014,HPV vaccine,Yes
IRN,Iran (Islamic Republic of),EMRO,2015,HPV vaccine,Yes
IRN,Iran (Islamic Republic of),EMRO,2016,HPV vaccine,Yes
IRN,Iran (Islamic Republic of),EMRO,2017,HPV vaccine,Yes
IRN,Iran (Islamic Republic of),EMRO,2018,HPV vaccine,Yes
IRN,Iran (Islamic Republic of),EMRO,2019,HPV vaccine,Yes
IRN,Iran (Islamic Republic of),EMRO,2020,HPV vaccine,Yes
IRN,Iran (Islamic Republic of),EMRO,2021,HPV vaccine,Yes
IRN,Iran (Islamic Republic of),EMRO,2022,HPV vaccine,Yes
IRN,Iran (Islamic Republic of),EMRO,2023,HPV vaccine,Yes
IRN,Iran (Islamic Republic of),EMRO,2024,HPV vaccine,Yes
IRN,Iran (Islamic Republic of),EMRO,2010,Measles second dose,Yes
IRN,Iran (Islamic Republic of),EMRO,2011,Measles second dose,Yes
IRN,Iran (Islamic Republic of),EMRO,2012,Measles second dose,Yes
IRN,Iran (Islamic Republic of),EMRO,2013,Measles second dose,Yes
IRN,Iran (Islamic Republic of),EMRO,2014,Measles second dose,Yes
IRN,Iran (Islamic Republic of),EMRO,2015,Measles second dose,Yes
IRN,Iran (Islamic Republic of),EMRO,2016,Measles second dose,Yes
IRN,Iran (Islamic Republic of),EMRO,2017,Measles second dose,Yes
IRN,Iran (Islamic Republic of),EMRO,2018,Measles second dose,Yes
IRN,Iran (Islamic Republic of),EMRO,2019,Measles second dose,Yes
IRN,Iran (Islamic Republic of),EMRO,2020,Measles second dose,Yes
IRN,Iran (Islamic Republic of),EMRO,2021,Measles second dose,Yes
IRN,Iran (Islamic Republic of),EMRO,2022,Measles second dose,Yes
IRN,Iran (Islamic Republic of),EMRO,2023,Measles second dose,Yes
IRN,Iran (Islamic Republic of),EMRO,2024,Measles second dose,Yes
IRN,Iran (Islamic Republic of),EMRO,2010,Inactivated polio vaccine,No
IRN,Iran (Islamic Republic of),EMRO,2011,Inactivated polio vaccine,No
IRN,Iran (Islamic Republic of),EMRO,2012,Inactivated polio vaccine,No
IRN,Iran (Islamic Republic of),EMRO,2013,Inactivated polio vaccine,No
IRN,Iran (Islamic Republic of),EMRO,2014,Inactivated polio vaccine,No
IRN,Iran (Islamic Republic of),EMRO,2015,Inactivated polio vaccine,No
IRN,Iran (Islamic Republic of),EMRO,2016,Inactivated polio vaccine,No
IRN,Iran (Islamic Republic of),EMRO,2017,Inactivated polio vaccine,Yes
IRN,Iran (Islamic Republic of),EMRO,2018,Inactivated polio vaccine,Yes
IRN,Iran (Islamic Republic of),EMRO,2019,Inactivated polio vaccine,Yes
IRN,Iran (Islamic Republic of),EMRO,2020,Inactivated polio vaccine,Yes
IRN,Iran (Islamic Republic of),EMRO,2021,Inactivated polio vaccine,Yes
IRN,Iran (Islamic Republic of),EMRO,2022,Inactivated polio vaccine,Yes
IRN,Iran (Islamic Republic of),EMRO,2023,Inactivated polio vaccine,Yes
IRN,Iran (Islamic Republic of),EMRO,2024,Inactivated polio vaccine,Yes
THA,Thailand,SEARO,2010,Hepatitis B vaccine,Yes
THA,Thailand,SEARO,2011,Hepatitis B vaccine,Yes
THA,Thailand,SEARO,2012,Hepatitis B vaccine,Yes
THA,Thailand,SEARO,2013,Hepatitis B vaccine,Yes
THA,Thailand,SEARO,2014,Hepatitis B vaccine,Yes
THA,Thailand,SEARO,2015,Hepatitis B vaccine,Yes
THA,Thailand,SEARO,2016,Hepatitis B vaccine,Yes
THA,Thailand,SEARO,2017,Hepatitis B vaccine,Yes
THA,Thailand,SEARO,2018,Hepatitis B vaccine,Yes
THA,Thailand,SEARO,2019,Hepatitis B vaccine,Yes
THA,Thailand,SEARO,2020,Hepatitis B vaccine,Yes
THA,Thailand,SEARO,2021,Hepatitis B vaccine,Yes
THA,Thailand,SEARO,2022,Hepatitis B vaccine,Yes
THA,Thailand,SEARO,2023,Hepatitis B vaccine,Yes
THA,Thailand,SEARO,2024,Hepatitis B vaccine,Yes
THA,Thailand,SEARO,2010,Hib vaccine,Yes
THA,Thailand,SEARO,2011,Hib vaccine,Yes
THA,Thailand,SEARO,2012,Hib vaccine,Yes
THA,Thailand,SEARO,2013,Hib vaccine,Yes
THA,Thailand,SEARO,2014,Hib vaccine,Yes
THA,Thailand,SEARO,2015,Hib vaccine,Yes
THA,Thailand,SEARO,2016,Hib vaccine,Yes
THA,Thailand,SEARO,2017,Hib vaccine,Yes
THA,Thailand,SEARO,2018,Hib vaccine,Yes
THA,Thailand,SEARO,2019,Hib vaccine,Yes
THA,Thailand,SEARO,2020,Hib vaccine,Yes
THA,Thailand,SEARO,2021,Hib vaccine,Yes
THA,Thailand,SEARO,2022,Hib vaccine,Yes
THA,Thailand,SEARO,2023,Hib vaccine,Yes
THA,Thailand,SEARO,2024,Hib vaccine,Yes
THA,Thailand,SEARO,2010,Pneumococcal conjugate vaccine,Yes
THA,Thailand,SEARO,2011,Pneumococcal conjugate vaccine,Yes
THA,Thailand,SEARO,2012,Pneumococcal conjugate vaccine,Yes
THA,Thailand,SEARO,2013,Pneumococcal conjugate vaccine,Yes
THA,Thailand,SEARO,2014,Pneumococcal conjugate vaccine,Yes
THA,Thailand,SEARO,2015,Pneumococcal conjugate vaccine,Yes
THA,Thailand,SEARO,2016,Pneumococcal conjugate vaccine,Yes
THA,Thailand,SEARO,2017,Pneumococcal conjugate vaccine,Yes
THA,Thailand,SEARO,2018,Pneumococcal conjugate vaccine,Yes
THA,Thailand,SEARO,2019,Pneumococcal conjugate vaccine,Yes
THA,Thailand,SEARO,2020,Pneumococcal conjugate vaccine,Yes
THA,Thailand,SEARO,2021,Pneumococcal conjugate vaccine,Yes
THA,Thailand,SEARO,2022,Pneumococcal conjugate vaccine,Yes
THA,Thailand,SEARO,2023,Pneumococcal conjugate vaccine,Yes
THA,Thailand,SEARO,2024,Pneumococcal conjugate vaccine,Yes
THA,Thailand,SEARO,2010,Rotavirus vaccine,Yes
THA,Thailand,SEARO,2011,Rotavirus vaccine,Yes
THA,Thailand,SEARO,2012,Rotavirus vaccine,Yes
THA,Thailand,SEARO,2013,Rotavirus vaccine,Yes
THA,Thailand,SEARO,2014,Rotavirus vaccine,Yes
THA,Thailand,SEARO,2015,Rotavirus vaccine,Yes
THA,Thailand,SEARO,2016,Rotavirus vaccine,Yes
THA,Thailand,SEARO,2017,Rotavirus vaccine,Yes
THA,Thailand,SEARO,2018,Rotavirus vaccine,Yes
THA,Thailand,SEARO,2019,Rotavirus vaccine,Yes
THA,Thailand,SEARO,2020,Rotavirus vaccine,Yes
THA,Thailand,SEARO,2021,Rotavirus vaccine,Yes
THA,Thailand,SEARO,2022,Rotavirus vaccine,Yes
THA,Thailand,SEARO,2023,Rotavirus vaccine,Yes
THA,Thailand,SEARO,2024,Rotavirus vaccine,Yes
THA,Thailand,SEARO,2010,HPV vaccine,Yes
THA,Thailand,SEARO,2011,HPV vaccine,Yes
THA,Thailand,SEARO,2012,HPV vaccine,Yes
THA,Thailand,SEARO,2013,HPV vaccine,Yes
THA,Thailand,SEARO,2014,HPV vaccine,Yes
THA,Thailand,SEARO,2015,HPV vaccine,Yes
THA,Thailand,SEARO,2016,HPV vaccine,Yes
THA,Thailand,SEARO,2017,HPV vaccine,Yes
THA,Thailand,SEARO,2018,HPV vaccine,Yes
THA,Thailand,SEARO,2019,HPV vaccine,Yes
THA,Thailand,SEARO,2020,HPV vaccine,Yes
THA,Thailand,SEARO,2021,HPV vaccine,Yes
THA,Thailand,SEARO,2022,HPV vaccine,Yes
THA,Thailand,SEARO,2023,HPV vaccine,Yes
THA,Thailand,SEARO,2024,HPV vaccine,Yes
THA,Thailand,SEARO,2010,Measles second dose,No
THA,Thailand,SEARO,2011,Measles second dose,No
THA,Thailand,SEARO,2012,Measles second dose,No
THA,Thailand,SEARO,2013,Measles second dose,No
THA,Thailand,SEARO,2014,Measles second dose,No
THA,Thailand,SEARO,2015,Measles second dose,No
THA,Thailand,SEARO,2016,Measles second dose,No
THA,Thailand,SEARO,2017,Measles second dose,Yes
THA,Thailand,SEARO,2018,Measles second dose,Yes
THA,Thailand,SEARO,2019,Measles second dose,Yes
THA,Thailand,SEARO,2020,Measles second dose,Yes
THA,Thailand,SEARO,2021,Measles second dose,Yes
THA,Thailand,SEARO,2022,Measles second dose,Yes
THA,Thailand,SEARO,2023,Measles second dose,Yes
THA,Thailand,SEARO,2024,Measles second dose,Yes
THA,Thailand,SEARO,2010,Inactivated polio vaccine,No
THA,Thailand,SEARO,2011,Inactivated polio vaccine,No
THA,Thailand,SEARO,2012,Inactivated polio vaccine,No
THA,Thailand,SEARO,2013,Inactivated polio vaccine,Yes
THA,Thailand,SEARO,2014,Inactivated polio vaccine,Yes
THA,Thailand,SEARO,2015,Inactivated polio vaccine,Yes
THA,Thailand,SEARO,2016,Inactivated polio vaccine,Yes
THA,Thailand,SEARO,2017,Inactivated polio vaccine,Yes
THA,Thailand,SEARO,2018,Inactivated polio vaccine,Yes
THA,Thailand,SEARO,2019,Inactivated polio vaccine,Yes
THA,Thailand,SEARO,2020,Inactivated polio vaccine,Yes
THA,Thailand,SEARO,2021,Inactivated polio vaccine,Yes
THA,Thailand,SEARO,2022,Inactivated polio vaccine,Yes
THA,Thailand,SEARO,2023,Inactivated polio vaccine,Yes
THA,Thailand,SEARO,2024,Inactivated polio vaccine,Yes
ZAF,South Africa,AFRO,2010,Hepatitis B vaccine,Yes
ZAF,South Africa,AFRO,2011,Hepatitis B vaccine,Yes
ZAF,South Africa,AFRO,2012,Hepatitis B vaccine,Yes
ZAF,South Africa,AFRO,2013,Hepatitis B vaccine,Yes
ZAF,South Africa,AFRO,2014,Hepatitis B vaccine,Yes
ZAF,South Africa,AFRO,2015,Hepatitis B vaccine,Yes
ZAF,South Africa,AFRO,2016,Hepatitis B vaccine,Yes
ZAF,South Africa,AFRO,2017,Hepatitis B vaccine,Yes
ZAF,South Africa,AFRO,2018,Hepatitis B vaccine,Yes
ZAF,South Africa,AFRO,2019,Hepatitis B vaccine,Yes
ZAF,South Africa,AFRO,2020,Hepatitis B vaccine,Yes
ZAF,South Africa,AFRO,2021,Hepatitis B vaccine,Yes
ZAF,South Africa,AFRO,2022,Hepatitis B vaccine,Yes
ZAF,South Africa,AFRO,2023,Hepatitis B vaccine,Yes
ZAF,South Africa,AFRO,2024,Hepatitis B vaccine,Yes
ZAF,South Africa,AFRO,2010,Hib vaccine,No
ZAF,South Africa,AFRO,2011,Hib vaccine,No
ZAF,South Africa,AFRO,2012,Hib vaccine,No
ZAF,South Africa,AFRO,2013,Hib vaccine,No
ZAF,South Africa,AFRO,2014,Hib vaccine,No
ZAF,South Africa,AFRO,2015,Hib vaccine,No
ZAF,South Africa,AFRO,2016,Hib vaccine,Yes
ZAF,South Africa,AFRO,2017,Hib vaccine,Yes
ZAF,South Africa,AFRO,2018,Hib vaccine,Yes
ZAF,South Africa,AFRO,2019,Hib vaccine,Yes
ZAF,South Africa,AFRO,2020,Hib vaccine,Yes
ZAF,South Africa,AFRO,2021,Hib vaccine,Yes
ZAF,South Africa,AFRO,2022,Hib vaccine,Yes
ZAF,South Africa,AFRO,2023,Hib vaccine,Yes
ZAF,South Africa,AFRO,2024,Hib vaccine,Yes
ZAF,South Africa,AFRO,2010,Pneumococcal conjugate vaccine,Yes
ZAF,South Africa,AFRO,2011,Pneumococcal conjugate vaccine,Yes
ZAF,South Africa,AFRO,2012,Pneumococcal conjugate vaccine,Yes
ZAF,South Africa,AFRO,2013,Pneumococcal conjugate vaccine,Yes
ZAF,South Africa,AFRO,2014,Pneumococcal conjugate vaccine,Yes
ZAF,South Africa,AFRO,2015,Pneumococcal conjugate vaccine,Yes
ZAF,South Africa,AFRO,2016,Pneumococcal conjugate vaccine,Yes
ZAF,South Africa,AFRO,2017,Pneumococcal conjugate vaccine,Yes
ZAF,South Africa,AFRO,2018,Pneumococcal conjugate vaccine,Yes
ZAF,South Africa,AFRO,2019,Pneumococcal conjugate vaccine,Yes
ZAF,South Africa,AFRO,2020,Pneumococcal conjugate vaccine,Yes
ZAF,South Africa,AFRO,2021,Pneumococcal conjugate vaccine,Yes
ZAF,South Africa,AFRO,2022,Pneumococcal conjugate vaccine,Yes
ZAF,South Africa,AFRO,2023,Pneumococcal conjugate vaccine,Yes
ZAF,South Africa,AFRO,2024,Pneumococcal conjugate vaccine,Yes
ZAF,South Africa,AFRO,2010,Rotavirus vaccine,No
ZAF,South Africa,AFRO,2011,Rotavirus vaccine,No
ZAF,South Africa,AFRO,2012,Rotavirus vaccine,No
ZAF,South Africa,AFRO,2013,Rotavirus vaccine,No
ZAF,South Africa,AFRO,2014,Rotavirus vaccine,No
ZAF,South Africa,AFRO,2015,Rotavirus vaccine,No
ZAF,South Africa,AFRO,2016,Rotavirus vaccine,No
ZAF,South Africa,AFRO,2017,Rotavirus vaccine,Yes
ZAF,South Africa,AFRO,2018,Rotavirus vaccine,Yes
ZAF,South Africa,AFRO,2019,Rotavirus vaccine,Yes
ZAF,South Africa,AFRO,2020,Rotavirus vaccine,Yes
ZAF,South Africa,AFRO,2021,Rotavirus vaccine,Yes
ZAF,South Africa,AFRO,2022,Rotavirus vaccine,Yes
ZAF,South Africa,AFRO,2023,Rotavirus vaccine,Yes
ZAF,South Africa,AFRO,2024,Rotavirus vaccine,Yes
ZAF,South Africa,AFRO,2010,HPV vaccine,No
ZAF,South Africa,AFRO,2011,HPV vaccine,No
ZAF,South Africa,AFRO,2012,HPV vaccine,No
ZAF,South Africa,AFRO,2013,HPV vaccine,No
ZAF,South Africa,AFRO,2014,HPV vaccine,Yes
ZAF,South Africa,AFRO,2015,HPV vaccine,Yes
ZAF,South Africa,AFRO,2016,HPV vaccine,Yes
ZAF,South Africa,AFRO,2017,HPV vaccine,Yes
ZAF,South Africa,AFRO,2018,HPV vaccine,Yes
ZAF,South Africa,AFRO,2019,HPV vaccine,Yes
ZAF,South Africa,AFRO,2020,HPV vaccine,Yes
ZAF,South Africa,AFRO,2021,HPV vaccine,Yes
ZAF,South Africa,AFRO,2022,HPV vaccine,Yes
ZAF,South Africa,AFRO,2023,HPV vaccine,Yes
ZAF,South Africa,AFRO,2024,HPV vaccine,Yes
ZAF,South Africa,AFRO,2010,Measles second dose,No
ZAF,South Africa,AFRO,2011,Measles second dose,No
ZAF,South Africa,AFRO,2012,Measles second dose,No
ZAF,South Africa,AFRO,2013,Measles second dose,No
ZAF,South Africa,AFRO,2014,Measles second dose,No
ZAF,South Africa,AFRO,2015,Measles second dose,No
ZAF,South Africa,AFRO,2016,Measles second dose,No
ZAF,South Africa,AFRO,2017,Measles second dose,No
ZAF,South Africa,AFRO,2018,Measles second dose,Yes
ZAF,South Africa,AFRO,2019,Measles second dose,Yes
ZAF,South Africa,AFRO,2020,Measles second dose,Yes
ZAF,South Africa,AFRO,2021,Measles second dose,Yes
ZAF,South Africa,AFRO,2022,Measles second dose,Yes
ZAF,South Africa,AFRO,2023,Measles second dose,Yes
ZAF,South Africa,AFRO,2024,Measles second dose,Yes
ZAF,South Africa,AFRO,2010,Inactivated polio vaccine,Yes
ZAF,South Africa,AFRO,2011,Inactivated polio vaccine,Yes
ZAF,South Africa,AFRO,2012,Inactivated polio vaccine,Yes
ZAF,South Africa,AFRO,2013,Inactivated polio vaccine,Yes
ZAF,South Africa,AFRO,2014,Inactivated polio vaccine,Yes
ZAF,South Africa,AFRO,2015,Inactivated polio vaccine,Yes
ZAF,South Africa,AFRO,2016,Inactivated polio vaccine,Yes
ZAF,South Africa,AFRO,2017,Inactivated polio vaccine,Yes
ZAF,South Africa,AFRO,2018,Inactivated polio vaccine,Yes
ZAF,South Africa,AFRO,2019,Inactivated polio vaccine,Yes
ZAF,South Africa,AFRO,2020,Inactivated polio vaccine,Yes
ZAF,South Africa,AFRO,2021,Inactivated polio vaccine,Yes
ZAF,South Africa,AFRO,2022,Inactivated polio vaccine,Yes
ZAF,South Africa,AFRO,2023,Inactivated polio vaccine,Yes
ZAF,South Africa,AFRO,2024,Inactivated polio vaccine,Yes
KEN,Kenya,AFRO,2010,Hepatitis B vaccine,No
KEN,Kenya,AFRO,2011,Hepatitis B vaccine,No
KEN,Kenya,AFRO,2012,Hepatitis B vaccine,No
KEN,Kenya,AFRO,2013,Hepatitis B vaccine,No
KEN,Kenya,AFRO,2014,Hepatitis B vaccine,Yes
KEN,Kenya,AFRO,2015,Hepatitis B vaccine,Yes
KEN,Kenya,AFRO,2016,Hepatitis B vaccine,Yes
KEN,Kenya,AFRO,2017,Hepatitis B vaccine,Yes
KEN,Kenya,AFRO,2018,Hepatitis B vaccine,Yes
KEN,Kenya,AFRO,2019,Hepatitis B vaccine,Yes
KEN,Kenya,AFRO,2020,Hepatitis B vaccine,Yes
KEN,Kenya,AFRO,2021,Hepatitis B vaccine,Yes
KEN,Kenya,AFRO,2022,Hepatitis B vaccine,Yes
KEN,Kenya,AFRO,2023,Hepatitis B vaccine,Yes
KEN,Kenya,AFRO,2024,Hepatitis B vaccine,Yes
KEN,Kenya,AFRO,2010,Hib vaccine,Yes
KEN,Kenya,AFRO,2011,Hib vaccine,Yes
KEN,Kenya,AFRO,2012,Hib vaccine,Yes
KEN,Kenya,AFRO,2013,Hib vaccine,Yes
KEN,Kenya,AFRO,2014,Hib vaccine,Yes
KEN,Kenya,AFRO,2015,Hib vaccine,Yes
KEN,Kenya,AFRO,2016,Hib vaccine,Yes
KEN,Kenya,AFRO,2017,Hib vaccine,Yes
KEN,Kenya,AFRO,2018,Hib vaccine,Yes
KEN,Kenya,AFRO,2019,Hib vaccine,Yes
KEN,Kenya,AFRO,2020,Hib vaccine,Yes
KEN,Kenya,AFRO,2021,Hib vaccine,Yes
KEN,Kenya,AFRO,2022,Hib vaccine,Yes
KEN,Kenya,AFRO,2023,Hib vaccine,Yes
KEN,Kenya,AFRO,2024,Hib vaccine,Yes
KEN,Kenya,AFRO,2010,Pneumococcal conjugate vaccine,No
KEN,Kenya,AFRO,2011,Pneumococcal conjugate vaccine,Yes
KEN,Kenya,AFRO,2012,Pneumococcal conjugate vaccine,Yes
KEN,Kenya,AFRO,2013,Pneumococcal conjugate vaccine,Yes
KEN,Kenya,AFRO,2014,Pneumococcal conjugate vaccine,Yes
KEN,Kenya,AFRO,2015,Pneumococcal conjugate vaccine,Yes
KEN,Kenya,AFRO,2016,Pneumococcal conjugate vaccine,Yes
KEN,Kenya,AFRO,2017,Pneumococcal conjugate vaccine,Yes
KEN,Kenya,AFRO,2018,Pneumococcal conjugate vaccine,Yes
KEN,Kenya,AFRO,2019,Pneumococcal conjugate vaccine,Yes
KEN,Kenya,AFRO,2020,Pneumococcal conjugate vaccine,Yes
KEN,Kenya,AFRO,2021,Pneumococcal conjugate vaccine,Yes
KEN,Kenya,AFRO,2022,Pneumococcal conjugate vaccine,Yes
KEN,Kenya,AFRO,2023,Pneumococcal conjugate vaccine,Yes
KEN,Kenya,AFRO,2024,Pneumococcal conjugate vaccine,Yes
KEN,Kenya,AFRO,2010,Rotavirus vaccine,No
KEN,Kenya,AFRO,2011,Rotavirus vaccine,No
KEN,Kenya,AFRO,2012,Rotavirus vaccine,No
KEN,Kenya,AFRO,2013,Rotavirus vaccine,No
KEN,Kenya,AFRO,2014,Rotavirus vaccine,No
KEN,Kenya,AFRO,2015,Rotavirus vaccine,Yes
KEN,Kenya,AFRO,2016,Rotavirus vaccine,Yes
KEN,Kenya,AFRO,2017,Rotavirus vaccine,Yes
KEN,Kenya,AFRO,2018,Rotavirus vaccine,Yes
KEN,Kenya,AFRO,2019,Rotavirus vaccine,Yes
KEN,Kenya,AFRO,2020,Rotavirus vaccine,Yes
KEN,Kenya,AFRO,2021,Rotavirus vaccine,Yes
KEN,Kenya,AFRO,2022,Rotavirus vaccine,Yes
KEN,Kenya,AFRO,2023,Rotavirus vaccine,Yes
KEN,Kenya,AFRO,2024,Rotavirus vaccine,Yes
KEN,Kenya,AFRO,2010,HPV vaccine,Yes
KEN,Kenya,AFRO,2011,HPV vaccine,Yes
KEN,Kenya,AFRO,2012,HPV vaccine,Yes
KEN,Kenya,AFRO,2013,HPV vaccine,Yes
KEN,Kenya,AFRO,2014,HPV vaccine,Yes
KEN,Kenya,AFRO,2015,HPV vaccine,Yes
KEN,Kenya,AFRO,2016,HPV vaccine,Yes
KEN,Kenya,AFRO,2017,HPV vaccine,Yes
KEN,Kenya,AFRO,2018,HPV vaccine,Yes
KEN,Kenya,AFRO,2019,HPV vaccine,Yes
KEN,Kenya,AFRO,2020,HPV vaccine,Yes
KEN,Kenya,AFRO,2021,HPV vaccine,Yes
KEN,Kenya,AFRO,2022,HPV vaccine,Yes
KEN,Kenya,AFRO,2023,HPV vaccine,Yes
KEN,Kenya,AFRO,2024,HPV vaccine,Yes
KEN,Kenya,AFRO,2010,Measles second dose,No
KEN,Kenya,AFRO,2011,Measles second dose,No
KEN,Kenya,AFRO,2012,Measles second dose,No
KEN,Kenya,AFRO,2013,Measles second dose,No
KEN,Kenya,AFRO,2014,Measles second dose,No
KEN,Kenya,AFRO,2015,Measles second dose,No
KEN,Kenya,AFRO,2016,Measles second dose,No
KEN,Kenya,AFRO,2017,Measles second dose,No
KEN,Kenya,AFRO,2018,Measles second dose,No
KEN,Kenya,AFRO,2019,Measles second dose,Yes
KEN,Kenya,AFRO,2020,Measles second dose,Yes
KEN,Kenya,AFRO,2021,Measles second dose,Yes
KEN,Kenya,AFRO,2022,Measles second dose,Yes
KEN,Kenya,AFRO,2023,Measles second dose,Yes
KEN,Kenya,AFRO,2024,Measles second dose,Yes
KEN,Kenya,AFRO,2010,Inactivated polio vaccine,Yes
KEN,Kenya,AFRO,2011,Inactivated polio vaccine,Yes
KEN,Kenya,AFRO,2012,Inactivated polio vaccine,Yes
KEN,Kenya,AFRO,2013,Inactivated polio vaccine,Yes
KEN,Kenya,AFRO,2014,Inactivated polio vaccine,Yes
KEN,Kenya,AFRO,2015,Inactivated polio vaccine,Yes
KEN,Kenya,AFRO,2016,Inactivated polio vaccine,Yes
KEN,Kenya,AFRO,2017,Inactivated polio vaccine,Yes
KEN,Kenya,AFRO,2018,Inactivated polio vaccine,Yes
KEN,Kenya,AFRO,2019,Inactivated polio vaccine,Yes
KEN,Kenya,AFRO,2020,Inactivated polio vaccine,Yes
KEN,Kenya,AFRO,2021,Inactivated polio vaccine,Yes
KEN,Kenya,AFRO,2022,Inactivated polio vaccine,Yes
KEN,Kenya,AFRO,2023,Inactivated polio vaccine,Yes
KEN,Kenya,AFRO,2024,Inactivated polio vaccine,Yes
