Group,Code,Name,Year,Disease,Disease_description,Cases
COUNTRIES,AFG,Afghanistan,2010,MEASLES,Measles,80
COUNTRIES,AFG,Afghanistan,2010,PERTUSSIS,Pertussis,112
COUNTRIES,AFG,Afghanistan,2010,DIPHTHERIA,Diphtheria,102
COUNTRIES,AFG,Afghanistan,2010,TETANUS,Neonatal tetanus,147
COUNTRIES,AFG,Afghanistan,2010,POLIO,Poliomyelitis,181
COUNTRIES,AFG,Afghanistan,2010,YELLOWFEVER,Yellow fever,223
COUNTRIES,AFG,Afghanistan,2010,RUBELLA,Rubella,272
COUNTRIES,AFG,Afghanistan,2010,MUMPS,Mumps,52
COUNTRIES,AFG,Afghanistan,2011,MEASLES,Measles,84
COUNTRIES,AFG,Afghanistan,2011,PERTUSSIS,Pertussis,546
COUNTRIES,AFG,Afghanistan,2011,DIPHTHERIA,Diphtheria,375
COUNTRIES,AFG,Afghanistan,2011,TETANUS,Neonatal tetanus,286
COUNTRIES,AFG,Afghanistan,2011,POLIO,Poliomyelitis,490
COUNTRIES,AFG,Afghanistan,2011,YELLOWFEVER,Yellow fever,857
COUNTRIES,AFG,Afghanistan,2011,RUBELLA,Rubella,272
COUNTRIES,AFG,Afghanistan,2011,MUMPS,Mumps,499
COUNTRIES,AFG,Afghanistan,2012,MEASLES,Measles,5832
COUNTRIES,AFG,Afghanistan,2012,PERTUSSIS,Pertussis,869
COUNTRIES,AFG,Afghanistan,2012,DIPHTHERIA,Diphtheria,263
COUNTRIES,AFG,Afghanistan,2012,TETANUS,Neonatal tetanus,491
COUNTRIES,AFG,Afghanistan,2012,POLIO,Poliomyelitis,92
COUNTRIES,AFG,Afghanistan,2012,YELLOWFEVER,Yellow fever,390
COUNTRIES,AFG,Afghanistan,2012,RUBELLA,Rubella,1890
COUNTRIES,AFG,Afghanistan,2012,MUMPS,Mumps,346
COUNTRIES,AFG,Afghanistan,2013,MEASLES,Measles,4856
COUNTRIES,AFG,Afghanistan,2013,PERTUSSIS,Pertussis,241
COUNTRIES,AFG,Afghanistan,2013,DIPHTHERIA,Diphtheria,3128
COUNTRIES,AFG,Afghanistan,2013,TETANUS,Neonatal tetanus,400
COUNTRIES,AFG,Afghanistan,2013,POLIO,Poliomyelitis,19
COUNTRIES,AFG,Afghanistan,2013,YELLOWFEVER,Yellow fever,408
COUNTRIES,AFG,Afghanistan,2013,RUBELLA,Rubella,148
COUNTRIES,AFG,Afghanistan,2013,MUMPS,Mumps,15
COUNTRIES,AFG,Afghanistan,2014,MEASLES,Measles,3092
COUNTRIES,AFG,Afghanistan,2014,PERTUSSIS,Pertussis,145
COUNTRIES,AFG,Afghanistan,2014,DIPHTHERIA,Diphtheria,716
COUNTRIES,AFG,Afghanistan,2014,TETANUS,Neonatal tetanus,152
COUNTRIES,AFG,Afghanistan,2014,POLIO,Poliomyelitis,97
COUNTRIES,AFG,Afghanistan,2014,YELLOWFEVER,Yellow fever,1641
COUNTRIES,AFG,Afghanistan,2014,RUBELLA,Rubella,201
COUNTRIES,AFG,Afghanistan,2014,MUMPS,Mumps,413
COUNTRIES,AFG,Afghanistan,2015,MEASLES,Measles,1644
COUNTRIES,AFG,Afghanistan,2015,PERTUSSIS,Pertussis,359
COUNTRIES,AFG,Afghanistan,2015,DIPHTHERIA,Diphtheria,1076
COUNTRIES,AFG,Afghanistan,2015,TETANUS,Neonatal tetanus,490
COUNTRIES,AFG,Afghanistan,2015,POLIO,Poliomyelitis,226
COUNTRIES,AFG,Afghanistan,2015,YELLOWFEVER,Yellow fever,867
COUNTRIES,AFG,Afghanistan,2015,RUBELLA,Rubella,87
COUNTRIES,AFG,Afghanistan,2015,MUMPS,Mumps,343
COUNTRIES,AFG,Afghanistan,2016,MEASLES,Measles,5108
COUNTRIES,AFG,Afghanistan,2016,PERTUSSIS,Pertussis,417
COUNTRIES,AFG,Afghanistan,2016,DIPHTHERIA,Diphtheria,721
COUNTRIES,AFG,Afghanistan,2016,TETANUS,Neonatal tetanus,450
COUNTRIES,AFG,Afghanistan,2016,POLIO,Poliomyelitis,777
COUNTRIES,AFG,Afghanistan,2016,YELLOWFEVER,Yellow fever,1228
COUNTRIES,AFG,Afghanistan,2016,RUBELLA,Rubella,135
COUNTRIES,AFG,Afghanistan,2016,MUMPS,Mumps,79
COUNTRIES,AFG,Afghanistan,2017,MEASLES,Measles,1088
COUNTRIES,AFG,Afghanistan,2017,PERTUSSIS,Pertussis,499
COUNTRIES,AFG,Afghanistan,2017,DIPHTHERIA,Diphtheria,106
COUNTRIES,AFG,Afghanistan,2017,TETANUS,Neonatal tetanus,1
COUNTRIES,AFG,Afghanistan,2017,POLIO,Poliomyelitis,173
COUNTRIES,AFG,Afghanistan,2017,YELLOWFEVER,Yellow fever,1431
COUNTRIES,AFG,Afghanistan,2017,RUBELLA,Rubella,489
COUNTRIES,AFG,Afghanistan,2017,MUMPS,Mumps,211
COUNTRIES,AFG,Afghanistan,2018,MEASLES,Measles,340
COUNTRIES,AFG,Afghanistan,2018,PERTUSSIS,Pertussis,176
COUNTRIES,AFG,Afghanistan,2018,DIPHTHERIA,Diphtheria,74
COUNTRIES,AFG,Afghanistan,2018,TETANUS,Neonatal tetanus,44
COUNTRIES,AFG,Afghanistan,2018,POLIO,Poliomyelitis,948
COUNTRIES,AFG,Afghanistan,2018,YELLOWFEVER,Yellow fever,2421
COUNTRIES,AFG,Afghanistan,2018,RUBELLA,Rubella,71
COUNTRIES,AFG,Afghanistan,2018,MUMPS,Mumps,22
COUNTRIES,AFG,Afghanistan,2019,MEASLES,Measles,620
COUNTRIES,AFG,Afghanistan,2019,PERTUSSIS,Pertussis,239
COUNTRIES,AFG,Afghanistan,2019,DIPHTHERIA,Diphtheria,88
COUNTRIES,AFG,Afghanistan,2019,TETANUS,Neonatal tetanus,139
COUNTRIES,AFG,Afghanistan,2019,POLIO,Poliomyelitis,86
COUNTRIES,AFG,Afghanistan,2019,YELLOWFEVER,Yellow fever,576
COUNTRIES,AFG,Afghanistan,2019,RUBELLA,Rubella,483
COUNTRIES,AFG,Afghanistan,2019,MUMPS,Mumps,390
COUNTRIES,AFG,Afghanistan,2020,MEASLES,Measles,732
COUNTRIES,AFG,Afghanistan,2020,PERTUSSIS,Pertussis,899
COUNTRIES,AFG,Afghanistan,2020,DIPHTHERIA,Diphtheria,1309
COUNTRIES,AFG,Afghanistan,2020,TETANUS,Neonatal tetanus,71
COUNTRIES,AFG,Afghanistan,2020,POLIO,Poliomyelitis,94
COUNTRIES,AFG,Afghanistan,2020,YELLOWFEVER,Yellow fever,279
COUNTRIES,AFG,Afghanistan,2020,RUBELLA,Rubella,35
COUNTRIES,AFG,Afghanistan,2020,MUMPS,Mumps,215
COUNTRIES,AFG,Afghanistan,2021,MEASLES,Measles,1264
COUNTRIES,AFG,Afghanistan,2021,PERTUSSIS,Pertussis,267
COUNTRIES,AFG,Afghanistan,2021,DIPHTHERIA,Diphtheria,145
COUNTRIES,AFG,Afghanistan,2021,TETANUS,Neonatal tetanus,283
COUNTRIES,AFG,Afghanistan,2021,POLIO,Poliomyelitis,1156
COUNTRIES,AFG,Afghanistan,2021,YELLOWFEVER,Yellow fever,83
COUNTRIES,AFG,Afghanistan,2021,RUBELLA,Rubella,385
COUNTRIES,AFG,Afghanistan,2021,MUMPS,Mumps,16
COUNTRIES,AFG,Afghanistan,2022,MEASLES,Measles,96
COUNTRIES,AFG,Afghanistan,2022,PERTUSSIS,Pertussis,280
COUNTRIES,AFG,Afghanistan,2022,DIPHTHERIA,Diphtheria,38
COUNTRIES,AFG,Afghanistan,2022,TETANUS,Neonatal tetanus,7
COUNTRIES,AFG,Afghanistan,2022,POLIO,Poliomyelitis,65
COUNTRIES,AFG,Afghanistan,2022,YELLOWFEVER,Yellow fever,291
COUNTRIES,AFG,Afghanistan,2022,RUBELLA,Rubella,425
COUNTRIES,AFG,Afghanistan,2022,MUMPS,Mumps,79
COUNTRIES,AFG,Afghanistan,2023,MEASLES,Measles,1488
COUNTRIES,AFG,Afghanistan,2023,PERTUSSIS,Pertussis,67
COUNTRIES,AFG,Afghanistan,2023,DIPHTHERIA,Diphtheria,320
COUNTRIES,AFG,Afghanistan,2023,TETANUS,Neonatal tetanus,179
COUNTRIES,AFG,Afghanistan,2023,POLIO,Poliomyelitis,357
COUNTRIES,AFG,Afghanistan,2023,YELLOWFEVER,Yellow fever,1791
COUNTRIES,AFG,Afghanistan,2023,RUBELLA,Rubella,937
COUNTRIES,AFG,Afghanistan,2023,MUMPS,Mumps,1
COUNTRIES,AFG,Afghanistan,2024,MEASLES,Measles,2816
COUNTRIES,AFG,Afghanistan,2024,PERTUSSIS,Pertussis,22
COUNTRIES,AFG,Afghanistan,2024,DIPHTHERIA,Diphtheria,994
COUNTRIES,AFG,Afghanistan,2024,TETANUS,Neonatal tetanus,107
COUNTRIES,AFG,Afghanistan,2024,POLIO,Poliomyelitis,156
COUNTRIES,AFG,Afghanistan,2024,YELLOWFEVER,Yellow fever,31
COUNTRIES,AFG,Afghanistan,2024,RUBELLA,Rubella,38
COUNTRIES,AFG,Afghanistan,2024,MUMPS,Mumps,421
COUNTRIES,IND,India,2010,MEASLES,Measles,5776
COUNTRIES,IND,India,2010,PERTUSSIS,Pertussis,471
COUNTRIES,IND,India,2010,DIPHTHERIA,Diphtheria,629
COUNTRIES,IND,India,2010,TETANUS,Neonatal tetanus,717
COUNTRIES,IND,India,2010,POLIO,Poliomyelitis,152
COUNTRIES,IND,India,2010,YELLOWFEVER,Yellow fever,23
COUNTRIES,IND,India,2010,RUBELLA,Rubella,0
COUNTRIES,IND,India,2010,MUMPS,Mumps,215
COUNTRIES,IND,India,2011,MEASLES,Measles,536
COUNTRIES,IND,India,2011,PERTUSSIS,Pertussis,31
COUNTRIES,IND,India,2011,DIPHTHERIA,Diphtheria,96
COUNTRIES,IND,India,2011,TETANUS,Neonatal tetanus,64
COUNTRIES,IND,India,2011,POLIO,Poliomyelitis,1201
COUNTRIES,IND,India,2011,YELLOWFEVER,Yellow fever,73
COUNTRIES,IND,India,2011,RUBELLA,Rubella,376
COUNTRIES,IND,India,2011,MUMPS,Mumps,438
COUNTRIES,IND,India,2012,MEASLES,Measles,1488
COUNTRIES,IND,India,2012,PERTUSSIS,Pertussis,49
COUNTRIES,IND,India,2012,DIPHTHERIA,Diphtheria,182
COUNTRIES,IND,India,2012,TETANUS,Neonatal tetanus,24
COUNTRIES,IND,India,2012,POLIO,Poliomyelitis,239
COUNTRIES,IND,India,2012,YELLOWFEVER,Yellow fever,99
COUNTRIES,IND,India,2012,RUBELLA,Rubella,391
COUNTRIES,IND,India,2012,MUMPS,Mumps,560
COUNTRIES,IND,India,2013,MEASLES,Measles,1404
COUNTRIES,IND,India,2013,PERTUSSIS,Pertussis,263
COUNTRIES,IND,India,2013,DIPHTHERIA,Diphtheria,226
COUNTRIES,IND,India,2013,TETANUS,Neonatal tetanus,852
COUNTRIES,IND,India,2013,POLIO,Poliomyelitis,114
COUNTRIES,IND,India,2013,YELLOWFEVER,Yellow fever,612
COUNTRIES,IND,India,2013,RUBELLA,Rubella,655
COUNTRIES,IND,India,2013,MUMPS,Mumps,251
COUNTRIES,IND,India,2014,MEASLES,Measles,632
COUNTRIES,IND,India,2014,PERTUSSIS,Pertussis,286
COUNTRIES,IND,India,2014,DIPHTHERIA,Diphtheria,44
COUNTRIES,IND,India,2014,TETANUS,Neonatal tetanus,21
COUNTRIES,IND,India,2014,POLIO,Poliomyelitis,53
COUNTRIES,IND,India,2014,YELLOWFEVER,Yellow fever,93
COUNTRIES,IND,India,2014,RUBELLA,Rubella,315
COUNTRIES,IND,India,2014,MUMPS,Mumps,851
COUNTRIES,IND,India,2015,MEASLES,Measles,468
COUNTRIES,IND,India,2015,PERTUSSIS,Pertussis,1196
COUNTRIES,IND,India,2015,DIPHTHERIA,Diphtheria,1355
COUNTRIES,IND,India,2015,TETANUS,Neonatal tetanus,1396
COUNTRIES,IND,India,2015,POLIO,Poliomyelitis,795
COUNTRIES,IND,India,2015,YELLOWFEVER,Yellow fever,197
COUNTRIES,IND,India,2015,RUBELLA,Rubella,33
COUNTRIES,IND,India,2015,MUMPS,Mumps,368
COUNTRIES,IND,India,2016,MEASLES,Measles,1388
COUNTRIES,IND,India,2016,PERTUSSIS,Pertussis,806
COUNTRIES,IND,India,2016,DIPHTHERIA,Diphtheria,2345
COUNTRIES,IND,India,2016,TETANUS,Neonatal tetanus,301
COUNTRIES,IND,India,2016,POLIO,Poliomyelitis,179
COUNTRIES,IND,India,2016,YELLOWFEVER,Yellow fever,87
COUNTRIES,IND,India,2016,RUBELLA,Rubella,2
COUNTRIES,IND,India,2016,MUMPS,Mumps,302
COUNTRIES,IND,India,2017,MEASLES,Measles,1336
COUNTRIES,IND,India,2017,PERTUSSIS,Pertussis,718
COUNTRIES,IND,India,2017,DIPHTHERIA,Diphtheria,289
COUNTRIES,IND,India,2017,TETANUS,Neonatal tetanus,1024
COUNTRIES,IND,India,2017,POLIO,Poliomyelitis,407
COUNTRIES,IND,India,2017,YELLOWFEVER,Yellow fever,756
COUNTRIES,IND,India,2017,RUBELLA,Rubella,66
COUNTRIES,IND,India,2017,MUMPS,Mumps,797
COUNTRIES,IND,India,2018,MEASLES,Measles,1796
COUNTRIES,IND,India,2018,PERTUSSIS,Pertussis,74
COUNTRIES,IND,India,2018,DIPHTHERIA,Diphtheria,84
COUNTRIES,IND,India,2018,TETANUS,Neonatal tetanus,1044
COUNTRIES,IND,India,2018,POLIO,Poliomyelitis,13
COUNTRIES,IND,India,2018,YELLOWFEVER,Yellow fever,248
COUNTRIES,IND,India,2018,RUBELLA,Rubella,150
COUNTRIES,IND,India,2018,MUMPS,Mumps,437
COUNTRIES,IND,India,2019,MEASLES,Measles,2836
COUNTRIES,IND,India,2019,PERTUSSIS,Pertussis,173
COUNTRIES,IND,India,2019,DIPHTHERIA,Diphtheria,215
COUNTRIES,IND,India,2019,TETANUS,Neonatal tetanus,1554
COUNTRIES,IND,India,2019,POLIO,Poliomyelitis,593
COUNTRIES,IND,India,2019,YELLOWFEVER,Yellow fever,881
COUNTRIES,IND,India,2019,RUBELLA,Rubella,223
COUNTRIES,IND,India,2019,MUMPS,Mumps,103
COUNTRIES,IND,India,2020,MEASLES,Measles,796
COUNTRIES,IND,India,2020,PERTUSSIS,Pertussis,472
COUNTRIES,IND,India,2020,DIPHTHERIA,Diphtheria,43
COUNTRIES,IND,India,2020,TETANUS,Neonatal tetanus,118
COUNTRIES,IND,India,2020,POLIO,Poliomyelitis,17
COUNTRIES,IND,India,2020,YELLOWFEVER,Yellow fever,212
COUNTRIES,IND,India,2020,RUBELLA,Rubella,658
COUNTRIES,IND,India,2020,MUMPS,Mumps,9
COUNTRIES,IND,India,2021,MEASLES,Measles,1628
COUNTRIES,IND,India,2021,PERTUSSIS,Pertussis,977
COUNTRIES,IND,India,2021,DIPHTHERIA,Diphtheria,98
COUNTRIES,IND,India,2021,TETANUS,Neonatal tetanus,428
COUNTRIES,IND,India,2021,POLIO,Poliomyelitis,1338
COUNTRIES,IND,India,2021,YELLOWFEVER,Yellow fever,1188
COUNTRIES,IND,India,2021,RUBELLA,Rubella,97
COUNTRIES,IND,India,2021,MUMPS,Mumps,38
COUNTRIES,IND,India,2022,MEASLES,Measles,224
COUNTRIES,IND,India,2022,PERTUSSIS,Pertussis,423
COUNTRIES,IND,India,2022,DIPHTHERIA,Diphtheria,452
COUNTRIES,IND,India,2022,TETANUS,Neonatal tetanus,392
COUNTRIES,IND,India,2022,POLIO,Poliomyelitis,143
COUNTRIES,IND,India,2022,YELLOWFEVER,Yellow fever,65
COUNTRIES,IND,India,2022,RUBELLA,Rubella,304
COUNTRIES,IND,India,2022,MUMPS,Mumps,231
COUNTRIES,IND,India,2023,MEASLES,Measles,1760
COUNTRIES,IND,India,2023,PERTUSSIS,Pertussis,196
COUNTRIES,IND,India,2023,DIPHTHERIA,Diphtheria,139
COUNTRIES,IND,India,2023,TETANUS,Neonatal tetanus,117
COUNTRIES,IND,India,2023,POLIO,Poliomyelitis,80
COUNTRIES,IND,India,2023,YELLOWFEVER,Yellow fever,104
COUNTRIES,IND,India,2023,RUBELLA,Rubella,33
COUNTRIES,IND,India,2023,MUMPS,Mumps,143
COUNTRIES,IND,India,2024,MEASLES,Measles,48
COUNTRIES,IND,India,2024,PERTUSSIS,Pertussis,67
COUNTRIES,IND,India,2024,DIPHTHERIA,Diphtheria,446
COUNTRIES,IND,India,2024,TETANUS,Neonatal tetanus,127
COUNTRIES,IND,India,2024,POLIO,Poliomyelitis,358
COUNTRIES,IND,India,2024,YELLOWFEVER,Yellow fever,410
COUNTRIES,IND,India,2024,RUBELLA,Rubella,282
COUNTRIES,IND,India,2024,MUMPS,Mumps,1035
COUNTRIES,NGA,Nigeria,2010,MEASLES,Measles,40
COUNTRIES,NGA,Nigeria,2010,PERTUSSIS,Pertussis,670
COUNTRIES,NGA,Nigeria,2010,DIPHTHERIA,Diphtheria,1594
COUNTRIES,NGA,Nigeria,2010,TETANUS,Neonatal tetanus,991
COUNTRIES,NGA,Nigeria,2010,POLIO,Poliomyelitis,91
COUNTRIES,NGA,Nigeria,2010,YELLOWFEVER,Yellow fever,197
COUNTRIES,NGA,Nigeria,2010,RUBELLA,Rubella,94
COUNTRIES,NGA,Nigeria,2010,MUMPS,Mumps,459
COUNTRIES,NGA,Nigeria,2011,MEASLES,Measles,2428
COUNTRIES,NGA,Nigeria,2011,PERTUSSIS,Pertussis,185
COUNTRIES,NGA,Nigeria,2011,DIPHTHERIA,Diphtheria,378
COUNTRIES,NGA,Nigeria,2011,TETANUS,Neonatal tetanus,572
COUNTRIES,NGA,Nigeria,2011,POLIO,Poliomyelitis,266
COUNTRIES,NGA,Nigeria,2011,YELLOWFEVER,Yellow fever,938
COUNTRIES,NGA,Nigeria,2011,RUBELLA,Rubella,719
COUNTRIES,NGA,Nigeria,2011,MUMPS,Mumps,32
COUNTRIES,NGA,Nigeria,2012,MEASLES,Measles,1844
COUNTRIES,NGA,Nigeria,2012,PERTUSSIS,Pertussis,127
COUNTRIES,NGA,Nigeria,2012,DIPHTHERIA,Diphtheria,387
COUNTRIES,NGA,Nigeria,2012,TETANUS,Neonatal tetanus,1493
COUNTRIES,NGA,Nigeria,2012,POLIO,Poliomyelitis,1003
COUNTRIES,NGA,Nigeria,2012,YELLOWFEVER,Yellow fever,246
COUNTRIES,NGA,Nigeria,2012,RUBELLA,Rubella,163
COUNTRIES,NGA,Nigeria,2012,MUMPS,Mumps,126
COUNTRIES,NGA,Nigeria,2013,MEASLES,Measles,1404
COUNTRIES,NGA,Nigeria,2013,PERTUSSIS,Pertussis,56
COUNTRIES,NGA,Nigeria,2013,DIPHTHERIA,Diphtheria,368
COUNTRIES,NGA,Nigeria,2013,TETANUS,Neonatal tetanus,0
COUNTRIES,NGA,Nigeria,2013,POLIO,Poliomyelitis,180
COUNTRIES,NGA,Nigeria,2013,YELLOWFEVER,Yellow fever,114
COUNTRIES,NGA,Nigeria,2013,RUBELLA,Rubella,1640
COUNTRIES,NGA,Nigeria,2013,MUMPS,Mumps,600
COUNTRIES,NGA,Nigeria,2014,MEASLES,Measles,772
COUNTRIES,NGA,Nigeria,2014,PERTUSSIS,Pertussis,43
COUNTRIES,NGA,Nigeria,2014,DIPHTHERIA,Diphtheria,327
COUNTRIES,NGA,Nigeria,2014,TETANUS,Neonatal tetanus,108
COUNTRIES,NGA,Nigeria,2014,POLIO,Poliomyelitis,345
COUNTRIES,NGA,Nigeria,2014,YELLOWFEVER,Yellow fever,811
COUNTRIES,NGA,Nigeria,2014,RUBELLA,Rubella,430
COUNTRIES,NGA,Nigeria,2014,MUMPS,Mumps,452
COUNTRIES,NGA,Nigeria,2015,MEASLES,Measles,1360
COUNTRIES,NGA,Nigeria,2015,PERTUSSIS,Pertussis,1146
COUNTRIES,NGA,Nigeria,2015,DIPHTHERIA,Diphtheria,1175
COUNTRIES,NGA,Nigeria,2015,TETANUS,Neonatal tetanus,314
COUNTRIES,NGA,Nigeria,2015,POLIO,Poliomyelitis,159
COUNTRIES,NGA,Nigeria,2015,YELLOWFEVER,Yellow fever,269
COUNTRIES,NGA,Nigeria,2015,RUBELLA,Rubella,90
COUNTRIES,NGA,Nigeria,2015,MUMPS,Mumps,442
COUNTRIES,NGA,Nigeria,2016,MEASLES,Measles,1176
COUNTRIES,NGA,Nigeria,2016,PERTUSSIS,Pertussis,46
COUNTRIES,NGA,Nigeria,2016,DIPHTHERIA,Diphtheria,93
COUNTRIES,NGA,Nigeria,2016,TETANUS,Neonatal tetanus,277
COUNTRIES,NGA,Nigeria,2016,POLIO,Poliomyelitis,928
COUNTRIES,NGA,Nigeria,2016,YELLOWFEVER,Yellow fever,355
COUNTRIES,NGA,Nigeria,2016,RUBELLA,Rubella,486
COUNTRIES,NGA,Nigeria,2016,MUMPS,Mumps,175
COUNTRIES,NGA,Nigeria,2017,MEASLES,Measles,1396
COUNTRIES,NGA,Nigeria,2017,PERTUSSIS,Pertussis,244
COUNTRIES,NGA,Nigeria,2017,DIPHTHERIA,Diphtheria,443
COUNTRIES,NGA,Nigeria,2017,TETANUS,Neonatal tetanus,21
COUNTRIES,NGA,Nigeria,2017,POLIO,Poliomyelitis,280
COUNTRIES,NGA,Nigeria,2017,YELLOWFEVER,Yellow fever,144
COUNTRIES,NGA,Nigeria,2017,RUBELLA,Rubella,162
COUNTRIES,NGA,Nigeria,2017,MUMPS,Mumps,1337
COUNTRIES,NGA,Nigeria,2018,MEASLES,Measles,320
COUNTRIES,NGA,Nigeria,2018,PERTUSSIS,Pertussis,149
COUNTRIES,NGA,Nigeria,2018,DIPHTHERIA,Diphtheria,285
COUNTRIES,NGA,Nigeria,2018,TETANUS,Neonatal tetanus,795
COUNTRIES,NGA,Nigeria,2018,POLIO,Poliomyelitis,215
COUNTRIES,NGA,Nigeria,2018,YELLOWFEVER,Yellow fever,544
COUNTRIES,NGA,Nigeria,2018,RUBELLA,Rubella,776
COUNTRIES,NGA,Nigeria,2018,MUMPS,Mumps,148
COUNTRIES,NGA,Nigeria,2019,MEASLES,Measles,772
COUNTRIES,NGA,Nigeria,2019,PERTUSSIS,Pertussis,170
COUNTRIES,NGA,Nigeria,2019,DIPHTHERIA,Diphtheria,693
COUNTRIES,NGA,Nigeria,2019,TETANUS,Neonatal tetanus,17
COUNTRIES,NGA,Nigeria,2019,POLIO,Poliomyelitis,142
COUNTRIES,NGA,Nigeria,2019,YELLOWFEVER,Yellow fever,440
COUNTRIES,NGA,Nigeria,2019,RUBELLA,Rubella,322
COUNTRIES,NGA,Nigeria,2019,MUMPS,Mumps,222
COUNTRIES,NGA,Nigeria,2020,MEASLES,Measles,1164
COUNTRIES,NGA,Nigeria,2020,PERTUSSIS,Pertussis,82
COUNTRIES,NGA,Nigeria,2020,DIPHTHERIA,Diphtheria,211
COUNTRIES,NGA,Nigeria,2020,TETANUS,Neonatal tetanus,261
COUNTRIES,NGA,Nigeria,2020,POLIO,Poliomyelitis,867
COUNTRIES,NGA,Nigeria,2020,YELLOWFEVER,Yellow fever,113
COUNTRIES,NGA,Nigeria,2020,RUBELLA,Rubella,758
COUNTRIES,NGA,Nigeria,2020,MUMPS,Mumps,387
COUNTRIES,NGA,Nigeria,2021,MEASLES,Measles,28
COUNTRIES,NGA,Nigeria,2021,PERTUSSIS,Pertussis,467
COUNTRIES,NGA,Nigeria,2021,DIPHTHERIA,Diphtheria,13
COUNTRIES,NGA,Nigeria,2021,TETANUS,Neonatal tetanus,2155
COUNTRIES,NGA,Nigeria,2021,POLIO,Poliomyelitis,747
COUNTRIES,NGA,Nigeria,2021,YELLOWFEVER,Yellow fever,127
COUNTRIES,NGA,Nigeria,2021,RUBELLA,Rubella,107
COUNTRIES,NGA,Nigeria,2021,MUMPS,Mumps,174
COUNTRIES,NGA,Nigeria,2022,MEASLES,Measles,616
COUNTRIES,NGA,Nigeria,2022,PERTUSSIS,Pertussis,163
COUNTRIES,NGA,Nigeria,2022,DIPHTHERIA,Diphtheria,134
COUNTRIES,NGA,Nigeria,2022,TETANUS,Neonatal tetanus,339
COUNTRIES,NGA,Nigeria,2022,POLIO,Poliomyelitis,62
COUNTRIES,NGA,Nigeria,2022,YELLOWFEVER,Yellow fever,654
COUNTRIES,NGA,Nigeria,2022,RUBELLA,Rubella,585
COUNTRIES,NGA,Nigeria,2022,MUMPS,Mumps,226
COUNTRIES,NGA,Nigeria,2023,MEASLES,Measles,2584
COUNTRIES,NGA,Nigeria,2023,PERTUSSIS,Pertussis,95
COUNTRIES,NGA,Nigeria,2023,DIPHTHERIA,Diphtheria,5
COUNTRIES,NGA,Nigeria,2023,TETANUS,Neonatal tetanus,325
COUNTRIES,NGA,Nigeria,2023,POLIO,Poliomyelitis,206
COUNTRIES,NGA,Nigeria,2023,YELLOWFEVER,Yellow fever,282
COUNTRIES,NGA,Nigeria,2023,RUBELLA,Rubella,774
COUNTRIES,NGA,Nigeria,2023,MUMPS,Mumps,1182
COUNTRIES,NGA,Nigeria,2024,MEASLES,Measles,1308
COUNTRIES,NGA,Nigeria,2024,PERTUSSIS,Pertussis,469
COUNTRIES,NGA,Nigeria,2024,DIPHTHERIA,Diphtheria,28
COUNTRIES,NGA,Nigeria,2024,TETANUS,Neonatal tetanus,56
COUNTRIES,NGA,Nigeria,2024,POLIO,Poliomyelitis,429
COUNTRIES,NGA,Nigeria,2024,YELLOWFEVER,Yellow fever,183
COUNTRIES,NGA,Nigeria,2024,RUBELLA,Rubella,191
COUNTRIES,NGA,Nigeria,2024,MUMPS,Mumps,119
COUNTRIES,BRA,Brazil,2010,MEASLES,Measles,1868
COUNTRIES,BRA,Brazil,2010,PERTUSSIS,Pertussis,102
COUNTRIES,BRA,Brazil,2010,DIPHTHERIA,Diphtheria,492
COUNTRIES,BRA,Brazil,2010,TETANUS,Neonatal tetanus,95
COUNTRIES,BRA,Brazil,2010,POLIO,Poliomyelitis,32
COUNTRIES,BRA,Brazil,2010,YELLOWFEVER,Yellow fever,200
COUNTRIES,BRA,Brazil,2010,RUBELLA,Rubella,131
COUNTRIES,BRA,Brazil,2010,MUMPS,Mumps,1099
COUNTRIES,BRA,Brazil,2011,MEASLES,Measles,108
COUNTRIES,BRA,Brazil,2011,PERTUSSIS,Pertussis,94
COUNTRIES,BRA,Brazil,2011,DIPHTHERIA,Diphtheria,387
COUNTRIES,BRA,Brazil,2011,TETANUS,Neonatal tetanus,319
COUNTRIES,BRA,Brazil,2011,POLIO,Poliomyelitis,22
COUNTRIES,BRA,Brazil,2011,YELLOWFEVER,Yellow fever,3
COUNTRIES,BRA,Brazil,2011,RUBELLA,Rubella,2158
COUNTRIES,BRA,Brazil,2011,MUMPS,Mumps,524
COUNTRIES,BRA,Brazil,2012,MEASLES,Measles,864
COUNTRIES,BRA,Brazil,2012,PERTUSSIS,Pertussis,301
COUNTRIES,BRA,Brazil,2012,DIPHTHERIA,Diphtheria,147
COUNTRIES,BRA,Brazil,2012,TETANUS,Neonatal tetanus,200
COUNTRIES,BRA,Brazil,2012,POLIO,Poliomyelitis,497
COUNTRIES,BRA,Brazil,2012,YELLOWFEVER,Yellow fever,1018
COUNTRIES,BRA,Brazil,2012,RUBELLA,Rubella,96
COUNTRIES,BRA,Brazil,2012,MUMPS,Mumps,871
COUNTRIES,BRA,Brazil,2013,MEASLES,Measles,236
COUNTRIES,BRA,Brazil,2013,PERTUSSIS,Pertussis,111
COUNTRIES,BRA,Brazil,2013,DIPHTHERIA,Diphtheria,17
COUNTRIES,BRA,Brazil,2013,TETANUS,Neonatal tetanus,70
COUNTRIES,BRA,Brazil,2013,POLIO,Poliomyelitis,1152
COUNTRIES,BRA,Brazil,2013,YELLOWFEVER,Yellow fever,284
COUNTRIES,BRA,Brazil,2013,RUBELLA,Rubella,37
COUNTRIES,BRA,Brazil,2013,MUMPS,Mumps,1485
COUNTRIES,BRA,Brazil,2014,MEASLES,Measles,3800
COUNTRIES,BRA,Brazil,2014,PERTUSSIS,Pertussis,632
COUNTRIES,BRA,Brazil,2014,DIPHTHERIA,Diphtheria,1219
COUNTRIES,BRA,Brazil,2014,TETANUS,Neonatal tetanus,111
COUNTRIES,BRA,Brazil,2014,POLIO,Poliomyelitis,814
COUNTRIES,BRA,Brazil,2014,YELLOWFEVER,Yellow fever,527
COUNTRIES,BRA,Brazil,2014,RUBELLA,Rubella,917
COUNTRIES,BRA,Brazil,2014,MUMPS,Mumps,717
COUNTRIES,BRA,Brazil,2015,MEASLES,Measles,744
COUNTRIES,BRA,Brazil,2015,PERTUSSIS,Pertussis,651
COUNTRIES,BRA,Brazil,2015,DIPHTHERIA,Diphtheria,133
COUNTRIES,BRA,Brazil,2015,TETANUS,Neonatal tetanus,174
COUNTRIES,BRA,Brazil,2015,POLIO,Poliomyelitis,49
COUNTRIES,BRA,Brazil,2015,YELLOWFEVER,Yellow fever,1196
COUNTRIES,BRA,Brazil,2015,RUBELLA,Rubella,150
COUNTRIES,BRA,Brazil,2015,MUMPS,Mumps,321
COUNTRIES,BRA,Brazil,2016,MEASLES,Measles,844
COUNTRIES,BRA,Brazil,2016,PERTUSSIS,Pertussis,1367
COUNTRIES,BRA,Brazil,2016,DIPHTHERIA,Diphtheria,173
COUNTRIES,BRA,Brazil,2016,TETANUS,Neonatal tetanus,640
COUNTRIES,BRA,Brazil,2016,POLIO,Poliomyelitis,821
COUNTRIES,BRA,Brazil,2016,YELLOWFEVER,Yellow fever,243
COUNTRIES,BRA,Brazil,2016,RUBELLA,Rubella,201
COUNTRIES,BRA,Brazil,2016,MUMPS,Mumps,585
COUNTRIES,BRA,Brazil,2017,MEASLES,Measles,4024
COUNTRIES,BRA,Brazil,2017,PERTUSSIS,Pertussis,580
COUNTRIES,BRA,Brazil,2017,DIPHTHERIA,Diphtheria,106
COUNTRIES,BRA,Brazil,2017,TETANUS,Neonatal tetanus,904
COUNTRIES,BRA,Brazil,2017,POLIO,Poliomyelitis,202
COUNTRIES,BRA,Brazil,2017,YELLOWFEVER,Yellow fever,354
COUNTRIES,BRA,Brazil,2017,RUBELLA,Rubella,734
COUNTRIES,BRA,Brazil,2017,MUMPS,Mumps,86
COUNTRIES,BRA,Brazil,2018,MEASLES,Measles,2452
COUNTRIES,BRA,Brazil,2018,PERTUSSIS,Pertussis,362
COUNTRIES,BRA,Brazil,2018,DIPHTHERIA,Diphtheria,895
COUNTRIES,BRA,Brazil,2018,TETANUS,Neonatal tetanus,75
COUNTRIES,BRA,Brazil,2018,POLIO,Poliomyelitis,218
COUNTRIES,BRA,Brazil,2018,YELLOWFEVER,Yellow fever,715
COUNTRIES,BRA,Brazil,2018,RUBELLA,Rubella,7
COUNTRIES,BRA,Brazil,2018,MUMPS,Mumps,47
COUNTRIES,BRA,Brazil,2019,MEASLES,Measles,7228
COUNTRIES,BRA,Brazil,2019,PERTUSSIS,Pertussis,127
COUNTRIES,BRA,Brazil,2019,DIPHTHERIA,Diphtheria,1437
COUNTRIES,BRA,Brazil,2019,TETANUS,Neonatal tetanus,78
COUNTRIES,BRA,Brazil,2019,POLIO,Poliomyelitis,173
COUNTRIES,BRA,Brazil,2019,YELLOWFEVER,Yellow fever,541
COUNTRIES,BRA,Brazil,2019,RUBELLA,Rubella,415
COUNTRIES,BRA,Brazil,2019,MUMPS,Mumps,337
COUNTRIES,BRA,Brazil,2020,MEASLES,Measles,1132
COUNTRIES,BRA,Brazil,2020,PERTUSSIS,Pertussis,695
COUNTRIES,BRA,Brazil,2020,DIPHTHERIA,Diphtheria,100
COUNTRIES,BRA,Brazil,2020,TETANUS,Neonatal tetanus,219
COUNTRIES,BRA,Brazil,2020,POLIO,Poliomyelitis,63
COUNTRIES,BRA,Brazil,2020,YELLOWFEVER,Yellow fever,339
COUNTRIES,BRA,Brazil,2020,RUBELLA,Rubella,108
COUNTRIES,BRA,Brazil,2020,MUMPS,Mumps,152
COUNTRIES,BRA,Brazil,2021,MEASLES,Measles,920
COUNTRIES,BRA,Brazil,2021,PERTUSSIS,Pertussis,9
COUNTRIES,BRA,Brazil,2021,DIPHTHERIA,Diphtheria,34
COUNTRIES,BRA,Brazil,2021,TETANUS,Neonatal tetanus,419
COUNTRIES,BRA,Brazil,2021,POLIO,Poliomyelitis,203
COUNTRIES,BRA,Brazil,2021,YELLOWFEVER,Yellow fever,725
COUNTRIES,BRA,Brazil,2021,RUBELLA,Rubella,430
COUNTRIES,BRA,Brazil,2021,MUMPS,Mumps,2
COUNTRIES,BRA,Brazil,2022,MEASLES,Measles,1340
COUNTRIES,BRA,Brazil,2022,PERTUSSIS,Pertussis,34
COUNTRIES,BRA,Brazil,2022,DIPHTHERIA,Diphtheria,531
COUNTRIES,BRA,Brazil,2022,TETANUS,Neonatal tetanus,1669
COUNTRIES,BRA,Brazil,2022,POLIO,Poliomyelitis,265
COUNTRIES,BRA,Brazil,2022,YELLOWFEVER,Yellow fever,401
COUNTRIES,BRA,Brazil,2022,RUBELLA,Rubella,94
COUNTRIES,BRA,Brazil,2022,MUMPS,Mumps,201
COUNTRIES,BRA,Brazil,2023,MEASLES,Measles,2616
COUNTRIES,BRA,Brazil,2023,PERTUSSIS,Pertussis,61
COUNTRIES,BRA,Brazil,2023,DIPHTHERIA,Diphtheria,104
COUNTRIES,BRA,Brazil,2023,TETANUS,Neonatal tetanus,198
COUNTRIES,BRA,Brazil,2023,POLIO,Poliomyelitis,420
COUNTRIES,BRA,Brazil,2023,YELLOWFEVER,Yellow fever,159
COUNTRIES,BRA,Brazil,2023,RUBELLA,Rubella,886
COUNTRIES,BRA,Brazil,2023,MUMPS,Mumps,33
COUNTRIES,BRA,Brazil,2024,MEASLES,Measles,600
COUNTRIES,BRA,Brazil,2024,PERTUSSIS,Pertussis,401
COUNTRIES,BRA,Brazil,2024,DIPHTHERIA,Diphtheria,83
COUNTRIES,BRA,Brazil,2024,TETANUS,Neonatal tetanus,347
COUNTRIES,BRA,Brazil,2024,POLIO,Poliomyelitis,58
COUNTRIES,BRA,Brazil,2024,YELLOWFEVER,Yellow fever,18
COUNTRIES,BRA,Brazil,2024,RUBELLA,Rubella,41
COUNTRIES,BRA,Brazil,2024,MUMPS,Mumps,864
COUNTRIES,USA,United States of America,2010,MEASLES,Measles,1604
COUNTRIES,USA,United States of America,2010,PERTUSSIS,Pertussis,795
COUNTRIES,USA,United States of America,2010,DIPHTHERIA,Diphtheria,202
COUNTRIES,USA,United States of America,2010,TETANUS,Neonatal tetanus,449
COUNTRIES,USA,United States of America,2010,POLIO,Poliomyelitis,341
COUNTRIES,USA,United States of America,2010,YELLOWFEVER,Yellow fever,1456
COUNTRIES,USA,United States of America,2010,RUBELLA,Rubella,688
COUNTRIES,USA,United States of America,2010,MUMPS,Mumps,655
COUNTRIES,USA,United States of America,2011,MEASLES,Measles,92
COUNTRIES,USA,United States of America,2011,PERTUSSIS,Pertussis,388
COUNTRIES,USA,United States of America,2011,DIPHTHERIA,Diphtheria,306
COUNTRIES,USA,United States of America,2011,TETANUS,Neonatal tetanus,1281
COUNTRIES,USA,United States of America,2011,POLIO,Poliomyelitis,145
COUNTRIES,USA,United States of America,2011,YELLOWFEVER,Yellow fever,153
COUNTRIES,USA,United States of America,2011,RUBELLA,Rubella,258
COUNTRIES,USA,United States of America,2011,MUMPS,Mumps,135
COUNTRIES,USA,United States of America,2012,MEASLES,Measles,260
COUNTRIES,USA,United States of America,2012,PERTUSSIS,Pertussis,925
COUNTRIES,USA,United States of America,2012,DIPHTHERIA,Diphtheria,388
COUNTRIES,USA,United States of America,2012,TETANUS,Neonatal tetanus,938
COUNTRIES,USA,United States of America,2012,POLIO,Poliomyelitis,844
COUNTRIES,USA,United States of America,2012,YELLOWFEVER,Yellow fever,157
COUNTRIES,USA,United States of America,2012,RUBELLA,Rubella,376
COUNTRIES,USA,United States of America,2012,MUMPS,Mumps,41
COUNTRIES,USA,United States of America,2013,MEASLES,Measles,4564
COUNTRIES,USA,United States of America,2013,PERTUSSIS,Pertussis,239
COUNTRIES,USA,United States of America,2013,DIPHTHERIA,Diphtheria,231
COUNTRIES,USA,United States of America,2013,TETANUS,Neonatal tetanus,166
COUNTRIES,USA,United States of America,2013,POLIO,Poliomyelitis,285
COUNTRIES,USA,United States of America,2013,YELLOWFEVER,Yellow fever,134
COUNTRIES,USA,United States of America,2013,RUBELLA,Rubella,217
COUNTRIES,USA,United States of America,2013,MUMPS,Mumps,744
COUNTRIES,USA,United States of America,2014,MEASLES,Measles,3232
COUNTRIES,USA,United States of America,2014,PERTUSSIS,Pertussis,163
COUNTRIES,USA,United States of America,2014,DIPHTHERIA,Diphtheria,284
COUNTRIES,USA,United States of America,2014,TETANUS,Neonatal tetanus,931
COUNTRIES,USA,United States of America,2014,POLIO,Poliomyelitis,24
COUNTRIES,USA,United States of America,2014,YELLOWFEVER,Yellow fever,989
COUNTRIES,USA,United States of America,2014,RUBELLA,Rubella,111
COUNTRIES,USA,United States of America,2014,MUMPS,Mumps,510
COUNTRIES,USA,United States of America,2015,MEASLES,Measles,1528
COUNTRIES,USA,United States of America,2015,PERTUSSIS,Pertussis,352
COUNTRIES,USA,United States of America,2015,DIPHTHERIA,Diphtheria,858
COUNTRIES,USA,United States of America,2015,TETANUS,Neonatal tetanus,46
COUNTRIES,USA,United States of America,2015,POLIO,Poliomyelitis,186
COUNTRIES,USA,United States of America,2015,YELLOWFEVER,Yellow fever,338
COUNTRIES,USA,United States of America,2015,RUBELLA,Rubella,729
COUNTRIES,USA,United States of America,2015,MUMPS,Mumps,106
COUNTRIES,USA,United States of America,2016,MEASLES,Measles,2760
COUNTRIES,USA,United States of America,2016,PERTUSSIS,Pertussis,216
COUNTRIES,USA,United States of America,2016,DIPHTHERIA,Diphtheria,88
COUNTRIES,USA,United States of America,2016,TETANUS,Neonatal tetanus,604
COUNTRIES,USA,United States of America,2016,POLIO,Poliomyelitis,40
COUNTRIES,USA,United States of America,2016,YELLOWFEVER,Yellow fever,307
COUNTRIES,USA,United States of America,2016,RUBELLA,Rubella,28
COUNTRIES,USA,United States of America,2016,MUMPS,Mumps,187
COUNTRIES,USA,United States of America,2017,MEASLES,Measles,1516
COUNTRIES,USA,United States of America,2017,PERTUSSIS,Pertussis,335
COUNTRIES,USA,United States of America,2017,DIPHTHERIA,Diphtheria,213
COUNTRIES,USA,United States of America,2017,TETANUS,Neonatal tetanus,231
COUNTRIES,USA,United States of America,2017,POLIO,Poliomyelitis,106
COUNTRIES,USA,United States of America,2017,YELLOWFEVER,Yellow fever,251
COUNTRIES,USA,United States of America,2017,RUBELLA,Rubella,1263
COUNTRIES,USA,United States of America,2017,MUMPS,Mumps,783
COUNTRIES,USA,United States of America,2018,MEASLES,Measles,248
COUNTRIES,USA,United States of America,2018,PERTUSSIS,Pertussis,12
COUNTRIES,USA,United States of America,2018,DIPHTHERIA,Diphtheria,1084
COUNTRIES,USA,United States of America,2018,TETANUS,Neonatal tetanus,299
COUNTRIES,USA,United States of America,2018,POLIO,Poliomyelitis,308
COUNTRIES,USA,United States of America,2018,YELLOWFEVER,Yellow fever,606
COUNTRIES,USA,United States of America,2018,RUBELLA,Rubella,151
COUNTRIES,USA,United States of America,2018,MUMPS,Mumps,263
COUNTRIES,USA,United States of America,2019,MEASLES,Measles,5364
COUNTRIES,USA,United States of America,2019,PERTUSSIS,Pertussis,432
COUNTRIES,USA,United States of America,2019,DIPHTHERIA,Diphtheria,64
COUNTRIES,USA,United States of America,2019,TETANUS,Neonatal tetanus,55
COUNTRIES,USA,United States of America,2019,POLIO,Poliomyelitis,88
COUNTRIES,USA,United States of America,2019,YELLOWFEVER,Yellow fever,563
COUNTRIES,USA,United States of America,2019,RUBELLA,Rubella,135
COUNTRIES,USA,United States of America,2019,MUMPS,Mumps,8
COUNTRIES,USA,United States of America,2020,MEASLES,Measles,4328
COUNTRIES,USA,United States of America,2020,PERTUSSIS,Pertussis,69
COUNTRIES,USA,United States of America,2020,DIPHTHERIA,Diphtheria,3
COUNTRIES,USA,United States of America,2020,TETANUS,Neonatal tetanus,101
COUNTRIES,USA,United States of America,2020,POLIO,Poliomyelitis,100
COUNTRIES,USA,United States of America,2020,YELLOWFEVER,Yellow fever,205
COUNTRIES,USA,United States of America,2020,RUBELLA,Rubella,948
COUNTRIES,USA,United States of America,2020,MUMPS,Mumps,792
COUNTRIES,USA,United States of America,2021,MEASLES,Measles,884
COUNTRIES,USA,United States of America,2021,PERTUSSIS,Pertussis,191
COUNTRIES,USA,United States of America,2021,DIPHTHERIA,Diphtheria,293
COUNTRIES,USA,United States of America,2021,TETANUS,Neonatal tetanus,101
COUNTRIES,USA,United States of America,2021,POLIO,Poliomyelitis,19
COUNTRIES,USA,United States of America,2021,YELLOWFEVER,Yellow fever,1015
COUNTRIES,USA,United States of America,2021,RUBELLA,Rubella,74
COUNTRIES,USA,United States of America,2021,MUMPS,Mumps,80
COUNTRIES,USA,United States of America,2022,MEASLES,Measles,892
COUNTRIES,USA,United States of America,2022,PERTUSSIS,Pertussis,236
COUNTRIES,USA,United States of America,2022,DIPHTHERIA,Diphtheria,6
COUNTRIES,USA,United States of America,2022,TETANUS,Neonatal tetanus,56
COUNTRIES,USA,United States of America,2022,POLIO,Poliomyelitis,166
COUNTRIES,USA,United States of America,2022,YELLOWFEVER,Yellow fever,402
COUNTRIES,USA,United States of America,2022,RUBELLA,Rubella,90
COUNTRIES,USA,United States of America,2022,MUMPS,Mumps,192
COUNTRIES,USA,United States of America,2023,MEASLES,Measles,1100
COUNTRIES,USA,United States of America,2023,PERTUSSIS,Pertussis,740
COUNTRIES,USA,United States of America,2023,DIPHTHERIA,Diphtheria,133
COUNTRIES,USA,United States of America,2023,TETANUS,Neonatal tetanus,48
COUNTRIES,USA,United States of America,2023,POLIO,Poliomyelitis,226
COUNTRIES,USA,United States of America,2023,YELLOWFEVER,Yellow fever,463
COUNTRIES,USA,United States of America,2023,RUBELLA,Rubella,39
COUNTRIES,USA,United States of America,2023,MUMPS,Mumps,186
COUNTRIES,USA,United States of America,2024,MEASLES,Measles,20
COUNTRIES,USA,United States of America,2024,PERTUSSIS,Pertussis,11
COUNTRIES,USA,United States of America,2024,DIPHTHERIA,Diphtheria,214
COUNTRIES,USA,United States of America,2024,TETANUS,Neonatal tetanus,115
COUNTRIES,USA,United States of America,2024,POLIO,Poliomyelitis,606
COUNTRIES,USA,United States of America,2024,YELLOWFEVER,Yellow fever,299
COUNTRIES,USA,United States of America,2024,RUBELLA,Rubella,196
COUNTRIES,USA,United States of America,2024,MUMPS,Mumps,170
COUNTRIES,CHN,China,2010,MEASLES,Measles,1372
COUNTRIES,CHN,China,2010,PERTUSSIS,Pertussis,20
COUNTRIES,CHN,China,2010,DIPHTHERIA,Diphtheria,1116
COUNTRIES,CHN,China,2010,TETANUS,Neonatal tetanus,3189
COUNTRIES,CHN,China,2010,POLIO,Poliomyelitis,100
COUNTRIES,CHN,China,2010,YELLOWFEVER,Yellow fever,64
COUNTRIES,CHN,China,2010,RUBELLA,Rubella,77
COUNTRIES,CHN,China,2010,MUMPS,Mumps,540
COUNTRIES,CHN,China,2011,MEASLES,Measles,2108
COUNTRIES,CHN,China,2011,PERTUSSIS,Pertussis,918
COUNTRIES,CHN,China,2011,DIPHTHERIA,Diphtheria,679
COUNTRIES,CHN,China,2011,TETANUS,Neonatal tetanus,291
COUNTRIES,CHN,China,2011,POLIO,Poliomyelitis,462
COUNTRIES,CHN,China,2011,YELLOWFEVER,Yellow fever,568
COUNTRIES,CHN,China,2011,RUBELLA,Rubella,350
COUNTRIES,CHN,China,2011,MUMPS,Mumps,314
COUNTRIES,CHN,China,2012,MEASLES,Measles,1968
COUNTRIES,CHN,China,2012,PERTUSSIS,Pertussis,387
COUNTRIES,CHN,China,2012,DIPHTHERIA,Diphtheria,490
COUNTRIES,CHN,China,2012,TETANUS,Neonatal tetanus,450
COUNTRIES,CHN,China,2012,POLIO,Poliomyelitis,603
COUNTRIES,CHN,China,2012,YELLOWFEVER,Yellow fever,488
COUNTRIES,CHN,China,2012,RUBELLA,Rubella,348
COUNTRIES,CHN,China,2012,MUMPS,Mumps,543
COUNTRIES,CHN,China,2013,MEASLES,Measles,1104
COUNTRIES,CHN,China,2013,PERTUSSIS,Pertussis,127
COUNTRIES,CHN,China,2013,DIPHTHERIA,Diphtheria,0
COUNTRIES,CHN,China,2013,TETANUS,Neonatal tetanus,379
COUNTRIES,CHN,China,2013,POLIO,Poliomyelitis,413
COUNTRIES,CHN,China,2013,YELLOWFEVER,Yellow fever,1654
COUNTRIES,CHN,China,2013,RUBELLA,Rubella,207
COUNTRIES,CHN,China,2013,MUMPS,Mumps,231
COUNTRIES,CHN,China,2014,MEASLES,Measles,404
COUNTRIES,CHN,China,2014,PERTUSSIS,Pertussis,32
COUNTRIES,CHN,China,2014,DIPHTHERIA,Diphtheria,666
COUNTRIES,CHN,China,2014,TETANUS,Neonatal tetanus,129
COUNTRIES,CHN,China,2014,POLIO,Poliomyelitis,422
COUNTRIES,CHN,China,2014,YELLOWFEVER,Yellow fever,523
COUNTRIES,CHN,China,2014,RUBELLA,Rubella,286
COUNTRIES,CHN,China,2014,MUMPS,Mumps,940
COUNTRIES,CHN,China,2015,MEASLES,Measles,1024
COUNTRIES,CHN,China,2015,PERTUSSIS,Pertussis,146
COUNTRIES,CHN,China,2015,DIPHTHERIA,Diphtheria,990
COUNTRIES,CHN,China,2015,TETANUS,Neonatal tetanus,865
COUNTRIES,CHN,China,2015,POLIO,Poliomyelitis,78
COUNTRIES,CHN,China,2015,YELLOWFEVER,Yellow fever,11
COUNTRIES,CHN,China,2015,RUBELLA,Rubella,41
COUNTRIES,CHN,China,2015,MUMPS,Mumps,147
COUNTRIES,CHN,China,2016,MEASLES,Measles,6092
COUNTRIES,CHN,China,2016,PERTUSSIS,Pertussis,347
COUNTRIES,CHN,China,2016,DIPHTHERIA,Diphtheria,198
COUNTRIES,CHN,China,2016,TETANUS,Neonatal tetanus,933
COUNTRIES,CHN,China,2016,POLIO,Poliomyelitis,256
COUNTRIES,CHN,China,2016,YELLOWFEVER,Yellow fever,160
COUNTRIES,CHN,China,2016,RUBELLA,Rubella,1204
COUNTRIES,CHN,China,2016,MUMPS,Mumps,804
COUNTRIES,CHN,China,2017,MEASLES,Measles,3060
COUNTRIES,CHN,China,2017,PERTUSSIS,Pertussis,296
COUNTRIES,CHN,China,2017,DIPHTHERIA,Diphtheria,642
COUNTRIES,CHN,China,2017,TETANUS,Neonatal tetanus,81
COUNTRIES,CHN,China,2017,POLIO,Poliomyelitis,351
COUNTRIES,CHN,China,2017,YELLOWFEVER,Yellow fever,1701
COUNTRIES,CHN,China,2017,RUBELLA,Rubella,141
COUNTRIES,CHN,China,2017,MUMPS,Mumps,652
COUNTRIES,CHN,China,2018,MEASLES,Measles,1076
COUNTRIES,CHN,China,2018,PERTUSSIS,Pertussis,16
COUNTRIES,CHN,China,2018,DIPHTHERIA,Diphtheria,575
COUNTRIES,CHN,China,2018,TETANUS,Neonatal tetanus,73
COUNTRIES,CHN,China,2018,POLIO,Poliomyelitis,399
COUNTRIES,CHN,China,2018,YELLOWFEVER,Yellow fever,35
COUNTRIES,CHN,China,2018,RUBELLA,Rubella,1173
COUNTRIES,CHN,China,2018,MUMPS,Mumps,137
COUNTRIES,CHN,China,2019,MEASLES,Measles,396
COUNTRIES,CHN,China,2019,PERTUSSIS,Pertussis,53
COUNTRIES,CHN,China,2019,DIPHTHERIA,Diphtheria,1131
COUNTRIES,CHN,China,2019,TETANUS,Neonatal tetanus,482
COUNTRIES,CHN,China,2019,POLIO,Poliomyelitis,524
COUNTRIES,CHN,China,2019,YELLOWFEVER,Yellow fever,268
COUNTRIES,CHN,China,2019,RUBELLA,Rubella,249
COUNTRIES,CHN,China,2019,MUMPS,Mumps,45
COUNTRIES,CHN,China,2020,MEASLES,Measles,1228
COUNTRIES,CHN,China,2020,PERTUSSIS,Pertussis,106
COUNTRIES,CHN,China,2020,DIPHTHERIA,Diphtheria,1416
COUNTRIES,CHN,China,2020,TETANUS,Neonatal tetanus,597
COUNTRIES,CHN,China,2020,POLIO,Poliomyelitis,199
COUNTRIES,CHN,China,2020,YELLOWFEVER,Yellow fever,61
COUNTRIES,CHN,China,2020,RUBELLA,Rubella,576
COUNTRIES,CHN,China,2020,MUMPS,Mumps,48
COUNTRIES,CHN,China,2021,MEASLES,Measles,304
COUNTRIES,CHN,China,2021,PERTUSSIS,Pertussis,86
COUNTRIES,CHN,China,2021,DIPHTHERIA,Diphtheria,295
COUNTRIES,CHN,China,2021,TETANUS,Neonatal tetanus,560
COUNTRIES,CHN,China,2021,POLIO,Poliomyelitis,136
COUNTRIES,CHN,China,2021,YELLOWFEVER,Yellow fever,32
COUNTRIES,CHN,China,2021,RUBELLA,Rubella,226
COUNTRIES,CHN,China,2021,MUMPS,Mumps,499
COUNTRIES,CHN,China,2022,MEASLES,Measles,348
COUNTRIES,CHN,China,2022,PERTUSSIS,Pertussis,86
COUNTRIES,CHN,China,2022,DIPHTHERIA,Diphtheria,1029
COUNTRIES,CHN,China,2022,TETANUS,Neonatal tetanus,1078
COUNTRIES,CHN,China,2022,POLIO,Poliomyelitis,1628
COUNTRIES,CHN,China,2022,YELLOWFEVER,Yellow fever,576
COUNTRIES,CHN,China,2022,RUBELLA,Rubella,72
COUNTRIES,CHN,China,2022,MUMPS,Mumps,83
COUNTRIES,CHN,China,2023,MEASLES,Measles,560
COUNTRIES,CHN,China,2023,PERTUSSIS,Pertussis,129
COUNTRIES,CHN,China,2023,DIPHTHERIA,Diphtheria,1058
COUNTRIES,CHN,China,2023,TETANUS,Neonatal tetanus,525
COUNTRIES,CHN,China,2023,POLIO,Poliomyelitis,434
COUNTRIES,CHN,China,2023,YELLOWFEVER,Yellow fever,69
COUNTRIES,CHN,China,2023,RUBELLA,Rubella,810
COUNTRIES,CHN,China,2023,MUMPS,Mumps,593
COUNTRIES,CHN,China,2024,MEASLES,Measles,232
COUNTRIES,CHN,China,2024,PERTUSSIS,Pertussis,666
COUNTRIES,CHN,China,2024,DIPHTHERIA,Diphtheria,103
COUNTRIES,CHN,China,2024,TETANUS,Neonatal tetanus,27
COUNTRIES,CHN,China,2024,POLIO,Poliomyelitis,347
COUNTRIES,CHN,China,2024,YELLOWFEVER,Yellow fever,344
COUNTRIES,CHN,China,2024,RUBELLA,Rubella,32
COUNTRIES,CHN,China,2024,MUMPS,Mumps,124
COUNTRIES,ETH,Ethiopia,2010,MEASLES,Measles,9868
COUNTRIES,ETH,Ethiopia,2010,PERTUSSIS,Pertussis,567
COUNTRIES,ETH,Ethiopia,2010,DIPHTHERIA,Diphtheria,654
COUNTRIES,ETH,Ethiopia,2010,TETANUS,Neonatal tetanus,119
COUNTRIES,ETH,Ethiopia,2010,POLIO,Poliomyelitis,41
COUNTRIES,ETH,Ethiopia,2010,YELLOWFEVER,Yellow fever,162
COUNTRIES,ETH,Ethiopia,2010,RUBELLA,Rubella,143
COUNTRIES,ETH,Ethiopia,2010,MUMPS,Mumps,133
COUNTRIES,ETH,Ethiopia,2011,MEASLES,Measles,416
COUNTRIES,ETH,Ethiopia,2011,PERTUSSIS,Pertussis,416
COUNTRIES,ETH,Ethiopia,2011,DIPHTHERIA,Diphtheria,193
COUNTRIES,ETH,Ethiopia,2011,TETANUS,Neonatal tetanus,836
COUNTRIES,ETH,Ethiopia,2011,POLIO,Poliomyelitis,99
COUNTRIES,ETH,Ethiopia,2011,YELLOWFEVER,Yellow fever,304
COUNTRIES,ETH,Ethiopia,2011,RUBELLA,Rubella,6
COUNTRIES,ETH,Ethiopia,2011,MUMPS,Mumps,320
COUNTRIES,ETH,Ethiopia,2012,MEASLES,Measles,108
COUNTRIES,ETH,Ethiopia,2012,PERTUSSIS,Pertussis,1807
COUNTRIES,ETH,Ethiopia,2012,DIPHTHERIA,Diphtheria,742
COUNTRIES,ETH,Ethiopia,2012,TETANUS,Neonatal tetanus,319
COUNTRIES,ETH,Ethiopia,2012,POLIO,Poliomyelitis,43
COUNTRIES,ETH,Ethiopia,2012,YELLOWFEVER,Yellow fever,426
COUNTRIES,ETH,Ethiopia,2012,RUBELLA,Rubella,675
COUNTRIES,ETH,Ethiopia,2012,MUMPS,Mumps,100
COUNTRIES,ETH,Ethiopia,2013,MEASLES,Measles,1552
COUNTRIES,ETH,Ethiopia,2013,PERTUSSIS,Pertussis,778
COUNTRIES,ETH,Ethiopia,2013,DIPHTHERIA,Diphtheria,676
COUNTRIES,ETH,Ethiopia,2013,TETANUS,Neonatal tetanus,751
COUNTRIES,ETH,Ethiopia,2013,POLIO,Poliomyelitis,978
COUNTRIES,ETH,Ethiopia,2013,YELLOWFEVER,Yellow fever,1283
COUNTRIES,ETH,Ethiopia,2013,RUBELLA,Rubella,240
COUNTRIES,ETH,Ethiopia,2013,MUMPS,Mumps,389
COUNTRIES,ETH,Ethiopia,2014,MEASLES,Measles,2812
COUNTRIES,ETH,Ethiopia,2014,PERTUSSIS,Pertussis,537
COUNTRIES,ETH,Ethiopia,2014,DIPHTHERIA,Diphtheria,2433
COUNTRIES,ETH,Ethiopia,2014,TETANUS,Neonatal tetanus,6
COUNTRIES,ETH,Ethiopia,2014,POLIO,Poliomyelitis,197
COUNTRIES,ETH,Ethiopia,2014,YELLOWFEVER,Yellow fever,148
COUNTRIES,ETH,Ethiopia,2014,RUBELLA,Rubella,136
COUNTRIES,ETH,Ethiopia,2014,MUMPS,Mumps,113
COUNTRIES,ETH,Ethiopia,2015,MEASLES,Measles,2160
COUNTRIES,ETH,Ethiopia,2015,PERTUSSIS,Pertussis,38
COUNTRIES,ETH,Ethiopia,2015,DIPHTHERIA,Diphtheria,592
COUNTRIES,ETH,Ethiopia,2015,TETANUS,Neonatal tetanus,517
COUNTRIES,ETH,Ethiopia,2015,POLIO,Poliomyelitis,126
COUNTRIES,ETH,Ethiopia,2015,YELLOWFEVER,Yellow fever,127
COUNTRIES,ETH,Ethiopia,2015,RUBELLA,Rubella,433
COUNTRIES,ETH,Ethiopia,2015,MUMPS,Mumps,628
COUNTRIES,ETH,Ethiopia,2016,MEASLES,Measles,3552
COUNTRIES,ETH,Ethiopia,2016,PERTUSSIS,Pertussis,812
COUNTRIES,ETH,Ethiopia,2016,DIPHTHERIA,Diphtheria,1423
COUNTRIES,ETH,Ethiopia,2016,TETANUS,Neonatal tetanus,370
COUNTRIES,ETH,Ethiopia,2016,POLIO,Poliomyelitis,1017
COUNTRIES,ETH,Ethiopia,2016,YELLOWFEVER,Yellow fever,702
COUNTRIES,ETH,Ethiopia,2016,RUBELLA,Rubella,956
COUNTRIES,ETH,Ethiopia,2016,MUMPS,Mumps,4
COUNTRIES,ETH,Ethiopia,2017,MEASLES,Measles,5572
COUNTRIES,ETH,Ethiopia,2017,PERTUSSIS,Pertussis,264
COUNTRIES,ETH,Ethiopia,2017,DIPHTHERIA,Diphtheria,660
COUNTRIES,ETH,Ethiopia,2017,TETANUS,Neonatal tetanus,56
COUNTRIES,ETH,Ethiopia,2017,POLIO,Poliomyelitis,207
COUNTRIES,ETH,Ethiopia,2017,YELLOWFEVER,Yellow fever,130
COUNTRIES,ETH,Ethiopia,2017,RUBELLA,Rubella,142
COUNTRIES,ETH,Ethiopia,2017,MUMPS,Mumps,54
COUNTRIES,ETH,Ethiopia,2018,MEASLES,Measles,2620
COUNTRIES,ETH,Ethiopia,2018,PERTUSSIS,Pertussis,3
COUNTRIES,ETH,Ethiopia,2018,DIPHTHERIA,Diphtheria,149
COUNTRIES,ETH,Ethiopia,2018,TETANUS,Neonatal tetanus,76
COUNTRIES,ETH,Ethiopia,2018,POLIO,Poliomyelitis,355
COUNTRIES,ETH,Ethiopia,2018,YELLOWFEVER,Yellow fever,117
COUNTRIES,ETH,Ethiopia,2018,RUBELLA,Rubella,119
COUNTRIES,ETH,Ethiopia,2018,MUMPS,Mumps,268
COUNTRIES,ETH,Ethiopia,2019,MEASLES,Measles,1636
COUNTRIES,ETH,Ethiopia,2019,PERTUSSIS,Pertussis,50
COUNTRIES,ETH,Ethiopia,2019,DIPHTHERIA,Diphtheria,74
COUNTRIES,ETH,Ethiopia,2019,TETANUS,Neonatal tetanus,110
COUNTRIES,ETH,Ethiopia,2019,POLIO,Poliomyelitis,1410
COUNTRIES,ETH,Ethiopia,2019,YELLOWFEVER,Yellow fever,196
COUNTRIES,ETH,Ethiopia,2019,RUBELLA,Rubella,354
COUNTRIES,ETH,Ethiopia,2019,MUMPS,Mumps,107
COUNTRIES,ETH,Ethiopia,2020,MEASLES,Measles,1008
COUNTRIES,ETH,Ethiopia,2020,PERTUSSIS,Pertussis,28
COUNTRIES,ETH,Ethiopia,2020,DIPHTHERIA,Diphtheria,13
COUNTRIES,ETH,Ethiopia,2020,TETANUS,Neonatal tetanus,237
COUNTRIES,ETH,Ethiopia,2020,POLIO,Poliomyelitis,190
COUNTRIES,ETH,Ethiopia,2020,YELLOWFEVER,Yellow fever,55
COUNTRIES,ETH,Ethiopia,2020,RUBELLA,Rubella,436
COUNTRIES,ETH,Ethiopia,2020,MUMPS,Mumps,1855
COUNTRIES,ETH,Ethiopia,2021,MEASLES,Measles,728
COUNTRIES,ETH,Ethiopia,2021,PERTUSSIS,Pertussis,355
COUNTRIES,ETH,Ethiopia,2021,DIPHTHERIA,Diphtheria,1194
COUNTRIES,ETH,Ethiopia,2021,TETANUS,Neonatal tetanus,645
COUNTRIES,ETH,Ethiopia,2021,POLIO,Poliomyelitis,225
COUNTRIES,ETH,Ethiopia,2021,YELLOWFEVER,Yellow fever,484
COUNTRIES,ETH,Ethiopia,2021,RUBELLA,Rubella,49
COUNTRIES,ETH,Ethiopia,2021,MUMPS,Mumps,260
COUNTRIES,ETH,Ethiopia,2022,MEASLES,Measles,456
COUNTRIES,ETH,Ethiopia,2022,PERTUSSIS,Pertussis,61
COUNTRIES,ETH,Ethiopia,2022,DIPHTHERIA,Diphtheria,194
COUNTRIES,ETH,Ethiopia,2022,TETANUS,Neonatal tetanus,49
COUNTRIES,ETH,Ethiopia,2022,POLIO,Poliomyelitis,420
COUNTRIES,ETH,Ethiopia,2022,YELLOWFEVER,Yellow fever,213
COUNTRIES,ETH,Ethiopia,2022,RUBELLA,Rubella,265
COUNTRIES,ETH,Ethiopia,2022,MUMPS,Mumps,55
COUNTRIES,ETH,Ethiopia,2023,MEASLES,Measles,200
COUNTRIES,ETH,Ethiopia,2023,PERTUSSIS,Pertussis,295
COUNTRIES,ETH,Ethiopia,2023,DIPHTHERIA,Diphtheria,1417
COUNTRIES,ETH,Ethiopia,2023,TETANUS,Neonatal tetanus,34
COUNTRIES,ETH,Ethiopia,2023,POLIO,Poliomyelitis,113
COUNTRIES,ETH,Ethiopia,2023,YELLOWFEVER,Yellow fever,687
COUNTRIES,ETH,Ethiopia,2023,RUBELLA,Rubella,25
COUNTRIES,ETH,Ethiopia,2023,MUMPS,Mumps,704
COUNTRIES,ETH,Ethiopia,2024,MEASLES,Measles,964
COUNTRIES,ETH,Ethiopia,2024,PERTUSSIS,Pertussis,170
COUNTRIES,ETH,Ethiopia,2024,DIPHTHERIA,Diphtheria,120
COUNTRIES,ETH,Ethiopia,2024,TETANUS,Neonatal tetanus,114
COUNTRIES,ETH,Ethiopia,2024,POLIO,Poliomyelitis,118
COUNTRIES,ETH,Ethiopia,2024,YELLOWFEVER,Yellow fever,702
COUNTRIES,ETH,Ethiopia,2024,RUBELLA,Rubella,418
COUNTRIES,ETH,Ethiopia,2024,MUMPS,Mumps,360
COUNTRIES,PAK,Pakistan,2010,MEASLES,Measles,3204
COUNTRIES,PAK,Pakistan,2010,PERTUSSIS,Pertussis,148
COUNTRIES,PAK,Pakistan,2010,DIPHTHERIA,Diphtheria,481
COUNTRIES,PAK,Pakistan,2010,TETANUS,Neonatal tetanus,308
COUNTRIES,PAK,Pakistan,2010,POLIO,Poliomyelitis,762
COUNTRIES,PAK,Pakistan,2010,YELLOWFEVER,Yellow fever,184
COUNTRIES,PAK,Pakistan,2010,RUBELLA,Rubella,515
COUNTRIES,PAK,Pakistan,2010,MUMPS,Mumps,1069
COUNTRIES,PAK,Pakistan,2011,MEASLES,Measles,1000
COUNTRIES,PAK,Pakistan,2011,PERTUSSIS,Pertussis,33
COUNTRIES,PAK,Pakistan,2011,DIPHTHERIA,Diphtheria,353
COUNTRIES,PAK,Pakistan,2011,TETANUS,Neonatal tetanus,206
COUNTRIES,PAK,Pakistan,2011,POLIO,Poliomyelitis,543
COUNTRIES,PAK,Pakistan,2011,YELLOWFEVER,Yellow fever,1470
COUNTRIES,PAK,Pakistan,2011,RUBELLA,Rubella,324
COUNTRIES,PAK,Pakistan,2011,MUMPS,Mumps,306
COUNTRIES,PAK,Pakistan,2012,MEASLES,Measles,2016
COUNTRIES,PAK,Pakistan,2012,PERTUSSIS,Pertussis,51
COUNTRIES,PAK,Pakistan,2012,DIPHTHERIA,Diphtheria,138
COUNTRIES,PAK,Pakistan,2012,TETANUS,Neonatal tetanus,1193
COUNTRIES,PAK,Pakistan,2012,POLIO,Poliomyelitis,526
COUNTRIES,PAK,Pakistan,2012,YELLOWFEVER,Yellow fever,6
COUNTRIES,PAK,Pakistan,2012,RUBELLA,Rubella,108
COUNTRIES,PAK,Pakistan,2012,MUMPS,Mumps,545
COUNTRIES,PAK,Pakistan,2013,MEASLES,Measles,2672
COUNTRIES,PAK,Pakistan,2013,PERTUSSIS,Pertussis,847
COUNTRIES,PAK,Pakistan,2013,DIPHTHERIA,Diphtheria,159
COUNTRIES,PAK,Pakistan,2013,TETANUS,Neonatal tetanus,1236
COUNTRIES,PAK,Pakistan,2013,POLIO,Poliomyelitis,372
COUNTRIES,PAK,Pakistan,2013,YELLOWFEVER,Yellow fever,551
COUNTRIES,PAK,Pakistan,2013,RUBELLA,Rubella,420
COUNTRIES,PAK,Pakistan,2013,MUMPS,Mumps,60
COUNTRIES,PAK,Pakistan,2014,MEASLES,Measles,5936
COUNTRIES,PAK,Pakistan,2014,PERTUSSIS,Pertussis,58
COUNTRIES,PAK,Pakistan,2014,DIPHTHERIA,Diphtheria,132
COUNTRIES,PAK,Pakistan,2014,TETANUS,Neonatal tetanus,756
COUNTRIES,PAK,Pakistan,2014,POLIO,Poliomyelitis,433
COUNTRIES,PAK,Pakistan,2014,YELLOWFEVER,Yellow fever,819
COUNTRIES,PAK,Pakistan,2014,RUBELLA,Rubella,326
COUNTRIES,PAK,Pakistan,2014,MUMPS,Mumps,212
COUNTRIES,PAK,Pakistan,2015,MEASLES,Measles,4460
COUNTRIES,PAK,Pakistan,2015,PERTUSSIS,Pertussis,16
COUNTRIES,PAK,Pakistan,2015,DIPHTHERIA,Diphtheria,848
COUNTRIES,PAK,Pakistan,2015,TETANUS,Neonatal tetanus,114
COUNTRIES,PAK,Pakistan,2015,POLIO,Poliomyelitis,826
COUNTRIES,PAK,Pakistan,2015,YELLOWFEVER,Yellow fever,65
COUNTRIES,PAK,Pakistan,2015,RUBELLA,Rubella,379
COUNTRIES,PAK,Pakistan,2015,MUMPS,Mumps,958
COUNTRIES,PAK,Pakistan,2016,MEASLES,Measles,1088
COUNTRIES,PAK,Pakistan,2016,PERTUSSIS,Pertussis,583
COUNTRIES,PAK,Pakistan,2016,DIPHTHERIA,Diphtheria,694
COUNTRIES,PAK,Pakistan,2016,TETANUS,Neonatal tetanus,566
COUNTRIES,PAK,Pakistan,2016,POLIO,Poliomyelitis,1102
COUNTRIES,PAK,Pakistan,2016,YELLOWFEVER,Yellow fever,251
COUNTRIES,PAK,Pakistan,2016,RUBELLA,Rubella,80
COUNTRIES,PAK,Pakistan,2016,MUMPS,Mumps,20
COUNTRIES,PAK,Pakistan,2017,MEASLES,Measles,464
COUNTRIES,PAK,Pakistan,2017,PERTUSSIS,Pertussis,63
COUNTRIES,PAK,Pakistan,2017,DIPHTHERIA,Diphtheria,336
COUNTRIES,PAK,Pakistan,2017,TETANUS,Neonatal tetanus,84
COUNTRIES,PAK,Pakistan,2017,POLIO,Poliomyelitis,16
COUNTRIES,PAK,Pakistan,2017,YELLOWFEVER,Yellow fever,15
COUNTRIES,PAK,Pakistan,2017,RUBELLA,Rubella,734
COUNTRIES,PAK,Pakistan,2017,MUMPS,Mumps,369
COUNTRIES,PAK,Pakistan,2018,MEASLES,Measles,708
COUNTRIES,PAK,Pakistan,2018,PERTUSSIS,Pertussis,898
COUNTRIES,PAK,Pakistan,2018,DIPHTHERIA,Diphtheria,29
COUNTRIES,PAK,Pakistan,2018,TETANUS,Neonatal tetanus,1571
COUNTRIES,PAK,Pakistan,2018,POLIO,Poliomyelitis,383
COUNTRIES,PAK,Pakistan,2018,YELLOWFEVER,Yellow fever,81
COUNTRIES,PAK,Pakistan,2018,RUBELLA,Rubella,454
COUNTRIES,PAK,Pakistan,2018,MUMPS,Mumps,576
COUNTRIES,PAK,Pakistan,2019,MEASLES,Measles,868
COUNTRIES,PAK,Pakistan,2019,PERTUSSIS,Pertussis,766
COUNTRIES,PAK,Pakistan,2019,DIPHTHERIA,Diphtheria,63
COUNTRIES,PAK,Pakistan,2019,TETANUS,Neonatal tetanus,126
COUNTRIES,PAK,Pakistan,2019,POLIO,Poliomyelitis,38
COUNTRIES,PAK,Pakistan,2019,YELLOWFEVER,Yellow fever,91
COUNTRIES,PAK,Pakistan,2019,RUBELLA,Rubella,105
COUNTRIES,PAK,Pakistan,2019,MUMPS,Mumps,967
COUNTRIES,PAK,Pakistan,2020,MEASLES,Measles,120
COUNTRIES,PAK,Pakistan,2020,PERTUSSIS,Pertussis,209
COUNTRIES,PAK,Pakistan,2020,DIPHTHERIA,Diphtheria,285
COUNTRIES,PAK,Pakistan,2020,TETANUS,Neonatal tetanus,858
COUNTRIES,PAK,Pakistan,2020,POLIO,Poliomyelitis,2277
COUNTRIES,PAK,Pakistan,2020,YELLOWFEVER,Yellow fever,524
COUNTRIES,PAK,Pakistan,2020,RUBELLA,Rubella,1324
COUNTRIES,PAK,Pakistan,2020,MUMPS,Mumps,580
COUNTRIES,PAK,Pakistan,2021,MEASLES,Measles,4788
COUNTRIES,PAK,Pakistan,2021,PERTUSSIS,Pertussis,445
COUNTRIES,PAK,Pakistan,2021,DIPHTHERIA,Diphtheria,30
COUNTRIES,PAK,Pakistan,2021,TETANUS,Neonatal tetanus,186
COUNTRIES,PAK,Pakistan,2021,POLIO,Poliomyelitis,377
COUNTRIES,PAK,Pakistan,2021,YELLOWFEVER,Yellow fever,156
COUNTRIES,PAK,Pakistan,2021,RUBELLA,Rubella,115
COUNTRIES,PAK,Pakistan,2021,MUMPS,Mumps,312
COUNTRIES,PAK,Pakistan,2022,MEASLES,Measles,3792
COUNTRIES,PAK,Pakistan,2022,PERTUSSIS,Pertussis,12
COUNTRIES,PAK,Pakistan,2022,DIPHTHERIA,Diphtheria,513
COUNTRIES,PAK,Pakistan,2022,TETANUS,Neonatal tetanus,448
COUNTRIES,PAK,Pakistan,2022,POLIO,Poliomyelitis,1163
COUNTRIES,PAK,Pakistan,2022,YELLOWFEVER,Yellow fever,934
COUNTRIES,PAK,Pakistan,2022,RUBELLA,Rubella,502
COUNTRIES,PAK,Pakistan,2022,MUMPS,Mumps,257
COUNTRIES,PAK,Pakistan,2023,MEASLES,Measles,308
COUNTRIES,PAK,Pakistan,2023,PERTUSSIS,Pertussis,265
COUNTRIES,PAK,Pakistan,2023,DIPHTHERIA,Diphtheria,489
COUNTRIES,PAK,Pakistan,2023,TETANUS,Neonatal tetanus,762
COUNTRIES,PAK,Pakistan,2023,POLIO,Poliomyelitis,526
COUNTRIES,PAK,Pakistan,2023,YELLOWFEVER,Yellow fever,73
COUNTRIES,PAK,Pakistan,2023,RUBELLA,Rubella,308
COUNTRIES,PAK,Pakistan,2023,MUMPS,Mumps,136
COUNTRIES,PAK,Pakistan,2024,MEASLES,Measles,12
COUNTRIES,PAK,Pakistan,2024,PERTUSSIS,Pertussis,72
COUNTRIES,PAK,Pakistan,2024,DIPHTHERIA,Diphtheria,39
COUNTRIES,PAK,Pakistan,2024,TETANUS,Neonatal tetanus,601
COUNTRIES,PAK,Pakistan,2024,POLIO,Poliomyelitis,97
COUNTRIES,PAK,Pakistan,2024,YELLOWFEVER,Yellow fever,108
COUNTRIES,PAK,Pakistan,2024,RUBELLA,Rubella,1045
COUNTRIES,PAK,Pakistan,2024,MUMPS,Mumps,154
COUNTRIES,BGD,Bangladesh,2010,MEASLES,Measles,16
COUNTRIES,BGD,Bangladesh,2010,PERTUSSIS,Pertussis,166
COUNTRIES,BGD,Bangladesh,2010,DIPHTHERIA,Diphtheria,63
COUNTRIES,BGD,Bangladesh,2010,TETANUS,Neonatal tetanus,54
COUNTRIES,BGD,Bangladesh,2010,POLIO,Poliomyelitis,40
COUNTRIES,BGD,Bangladesh,2010,YELLOWFEVER,Yellow fever,449
COUNTRIES,BGD,Bangladesh,2010,RUBELLA,Rubella,104
COUNTRIES,BGD,Bangladesh,2010,MUMPS,Mumps,224
COUNTRIES,BGD,Bangladesh,2011,MEASLES,Measles,3860
COUNTRIES,BGD,Bangladesh,2011,PERTUSSIS,Pertussis,269
COUNTRIES,BGD,Bangladesh,2011,DIPHTHERIA,Diphtheria,1205
COUNTRIES,BGD,Bangladesh,2011,TETANUS,Neonatal tetanus,335
COUNTRIES,BGD,Bangladesh,2011,POLIO,Poliomyelitis,248
COUNTRIES,BGD,Bangladesh,2011,YELLOWFEVER,Yellow fever,676
COUNTRIES,BGD,Bangladesh,2011,RUBELLA,Rubella,37
COUNTRIES,BGD,Bangladesh,2011,MUMPS,Mumps,45
COUNTRIES,BGD,Bangladesh,2012,MEASLES,Measles,2004
COUNTRIES,BGD,Bangladesh,2012,PERTUSSIS,Pertussis,316
COUNTRIES,BGD,Bangladesh,2012,DIPHTHERIA,Diphtheria,742
COUNTRIES,BGD,Bangladesh,2012,TETANUS,Neonatal tetanus,1178
COUNTRIES,BGD,Bangladesh,2012,POLIO,Poliomyelitis,233
COUNTRIES,BGD,Bangladesh,2012,YELLOWFEVER,Yellow fever,430
COUNTRIES,BGD,Bangladesh,2012,RUBELLA,Rubella,329
COUNTRIES,BGD,Bangladesh,2012,MUMPS,Mumps,1898
COUNTRIES,BGD,Bangladesh,2013,MEASLES,Measles,3288
COUNTRIES,BGD,Bangladesh,2013,PERTUSSIS,Pertussis,1122
COUNTRIES,BGD,Bangladesh,2013,DIPHTHERIA,Diphtheria,135
COUNTRIES,BGD,Bangladesh,2013,TETANUS,Neonatal tetanus,684
COUNTRIES,BGD,Bangladesh,2013,POLIO,Poliomyelitis,142
COUNTRIES,BGD,Bangladesh,2013,YELLOWFEVER,Yellow fever,108
COUNTRIES,BGD,Bangladesh,2013,RUBELLA,Rubella,1335
COUNTRIES,BGD,Bangladesh,2013,MUMPS,Mumps,9
COUNTRIES,BGD,Bangladesh,2014,MEASLES,Measles,6052
COUNTRIES,BGD,Bangladesh,2014,PERTUSSIS,Pertussis,72
COUNTRIES,BGD,Bangladesh,2014,DIPHTHERIA,Diphtheria,770
COUNTRIES,BGD,Bangladesh,2014,TETANUS,Neonatal tetanus,145
COUNTRIES,BGD,Bangladesh,2014,POLIO,Poliomyelitis,194
COUNTRIES,BGD,Bangladesh,2014,YELLOWFEVER,Yellow fever,109
COUNTRIES,BGD,Bangladesh,2014,RUBELLA,Rubella,396
COUNTRIES,BGD,Bangladesh,2014,MUMPS,Mumps,192
COUNTRIES,BGD,Bangladesh,2015,MEASLES,Measles,1872
COUNTRIES,BGD,Bangladesh,2015,PERTUSSIS,Pertussis,6
COUNTRIES,BGD,Bangladesh,2015,DIPHTHERIA,Diphtheria,29
COUNTRIES,BGD,Bangladesh,2015,TETANUS,Neonatal tetanus,45
COUNTRIES,BGD,Bangladesh,2015,POLIO,Poliomyelitis,237
COUNTRIES,BGD,Bangladesh,2015,YELLOWFEVER,Yellow fever,737
COUNTRIES,BGD,Bangladesh,2015,RUBELLA,Rubella,958
COUNTRIES,BGD,Bangladesh,2015,MUMPS,Mumps,122
COUNTRIES,BGD,Bangladesh,2016,MEASLES,Measles,1452
COUNTRIES,BGD,Bangladesh,2016,PERTUSSIS,Pertussis,621
COUNTRIES,BGD,Bangladesh,2016,DIPHTHERIA,Diphtheria,144
COUNTRIES,BGD,Bangladesh,2016,TETANUS,Neonatal tetanus,223
COUNTRIES,BGD,Bangladesh,2016,POLIO,Poliomyelitis,315
COUNTRIES,BGD,Bangladesh,2016,YELLOWFEVER,Yellow fever,61
COUNTRIES,BGD,Bangladesh,2016,RUBELLA,Rubella,11
COUNTRIES,BGD,Bangladesh,2016,MUMPS,Mumps,70
COUNTRIES,BGD,Bangladesh,2017,MEASLES,Measles,1624
COUNTRIES,BGD,Bangladesh,2017,PERTUSSIS,Pertussis,31
COUNTRIES,BGD,Bangladesh,2017,DIPHTHERIA,Diphtheria,86
COUNTRIES,BGD,Bangladesh,2017,TETANUS,Neonatal tetanus,170
COUNTRIES,BGD,Bangladesh,2017,POLIO,Poliomyelitis,33
COUNTRIES,BGD,Bangladesh,2017,YELLOWFEVER,Yellow fever,87
COUNTRIES,BGD,Bangladesh,2017,RUBELLA,Rubella,999
COUNTRIES,BGD,Bangladesh,2017,MUMPS,Mumps,8
COUNTRIES,BGD,Bangladesh,2018,MEASLES,Measles,1692
COUNTRIES,BGD,Bangladesh,2018,PERTUSSIS,Pertussis,194
COUNTRIES,BGD,Bangladesh,2018,DIPHTHERIA,Diphtheria,446
COUNTRIES,BGD,Bangladesh,2018,TETANUS,Neonatal tetanus,355
COUNTRIES,BGD,Bangladesh,2018,POLIO,Poliomyelitis,101
COUNTRIES,BGD,Bangladesh,2018,YELLOWFEVER,Yellow fever,751
COUNTRIES,BGD,Bangladesh,2018,RUBELLA,Rubella,270
COUNTRIES,BGD,Bangladesh,2018,MUMPS,Mumps,691
COUNTRIES,BGD,Bangladesh,2019,MEASLES,Measles,804
COUNTRIES,BGD,Bangladesh,2019,PERTUSSIS,Pertussis,1619
COUNTRIES,BGD,Bangladesh,2019,DIPHTHERIA,Diphtheria,570
COUNTRIES,BGD,Bangladesh,2019,TETANUS,Neonatal tetanus,1309
COUNTRIES,BGD,Bangladesh,2019,POLIO,Poliomyelitis,279
COUNTRIES,BGD,Bangladesh,2019,YELLOWFEVER,Yellow fever,248
COUNTRIES,BGD,Bangladesh,2019,RUBELLA,Rubella,545
COUNTRIES,BGD,Bangladesh,2019,MUMPS,Mumps,822
COUNTRIES,BGD,Bangladesh,2020,MEASLES,Measles,4992
COUNTRIES,BGD,Bangladesh,2020,PERTUSSIS,Pertussis,147
COUNTRIES,BGD,Bangladesh,2020,DIPHTHERIA,Diphtheria,601
COUNTRIES,BGD,Bangladesh,2020,TETANUS,Neonatal tetanus,88
COUNTRIES,BGD,Bangladesh,2020,POLIO,Poliomyelitis,295
COUNTRIES,BGD,Bangladesh,2020,YELLOWFEVER,Yellow fever,74
COUNTRIES,BGD,Bangladesh,2020,RUBELLA,Rubella,160
COUNTRIES,BGD,Bangladesh,2020,MUMPS,Mumps,1004
COUNTRIES,BGD,Bangladesh,2021,MEASLES,Measles,228
COUNTRIES,BGD,Bangladesh,2021,PERTUSSIS,Pertussis,362
COUNTRIES,BGD,Bangladesh,2021,DIPHTHERIA,Diphtheria,325
COUNTRIES,BGD,Bangladesh,2021,TETANUS,Neonatal tetanus,46
COUNTRIES,BGD,Bangladesh,2021,POLIO,Poliomyelitis,143
COUNTRIES,BGD,Bangladesh,2021,YELLOWFEVER,Yellow fever,300
COUNTRIES,BGD,Bangladesh,2021,RUBELLA,Rubella,75
COUNTRIES,BGD,Bangladesh,2021,MUMPS,Mumps,584
COUNTRIES,BGD,Bangladesh,2022,MEASLES,Measles,5012
COUNTRIES,BGD,Bangladesh,2022,PERTUSSIS,Pertussis,84
COUNTRIES,BGD,Bangladesh,2022,DIPHTHERIA,Diphtheria,72
COUNTRIES,BGD,Bangladesh,2022,TETANUS,Neonatal tetanus,212
COUNTRIES,BGD,Bangladesh,2022,POLIO,Poliomyelitis,482
COUNTRIES,BGD,Bangladesh,2022,YELLOWFEVER,Yellow fever,115
COUNTRIES,BGD,Bangladesh,2022,RUBELLA,Rubella,7
COUNTRIES,BGD,Bangladesh,2022,MUMPS,Mumps,272
COUNTRIES,BGD,Bangladesh,2023,MEASLES,Measles,4232
COUNTRIES,BGD,Bangladesh,2023,PERTUSSIS,Pertussis,167
COUNTRIES,BGD,Bangladesh,2023,DIPHTHERIA,Diphtheria,183
COUNTRIES,BGD,Bangladesh,2023,TETANUS,Neonatal tetanus,1171
COUNTRIES,BGD,Bangladesh,2023,POLIO,Poliomyelitis,400
COUNTRIES,BGD,Bangladesh,2023,YELLOWFEVER,Yellow fever,428
COUNTRIES,BGD,Bangladesh,2023,RUBELLA,Rubella,279
COUNTRIES,BGD,Bangladesh,2023,MUMPS,Mumps,1239
COUNTRIES,BGD,Bangladesh,2024,MEASLES,Measles,1516
COUNTRIES,BGD,Bangladesh,2024,PERTUSSIS,Pertussis,732
COUNTRIES,BGD,Bangladesh,2024,DIPHTHERIA,Diphtheria,390
COUNTRIES,BGD,Bangladesh,2024,TETANUS,Neonatal tetanus,431
COUNTRIES,BGD,Bangladesh,2024,POLIO,Poliomyelitis,111
COUNTRIES,BGD,Bangladesh,2024,YELLOWFEVER,Yellow fever,117
COUNTRIES,BGD,Bangladesh,2024,RUBELLA,Rubella,496
COUNTRIES,BGD,Bangladesh,2024,MUMPS,Mumps,114
COUNTRIES,IDN,Indonesia,2010,MEASLES,Measles,1652
COUNTRIES,IDN,Indonesia,2010,PERTUSSIS,Pertussis,143
COUNTRIES,IDN,Indonesia,2010,DIPHTHERIA,Diphtheria,849
COUNTRIES,IDN,Indonesia,2010,TETANUS,Neonatal tetanus,58
COUNTRIES,IDN,Indonesia,2010,POLIO,Poliomyelitis,884
COUNTRIES,IDN,Indonesia,2010,YELLOWFEVER,Yellow fever,461
COUNTRIES,IDN,Indonesia,2010,RUBELLA,Rubella,103
COUNTRIES,IDN,Indonesia,2010,MUMPS,Mumps,390
COUNTRIES,IDN,Indonesia,2011,MEASLES,Measles,644
COUNTRIES,IDN,Indonesia,2011,PERTUSSIS,Pertussis,190
COUNTRIES,IDN,Indonesia,2011,DIPHTHERIA,Diphtheria,211
COUNTRIES,IDN,Indonesia,2011,TETANUS,Neonatal tetanus,31
COUNTRIES,IDN,Indonesia,2011,POLIO,Poliomyelitis,2079
COUNTRIES,IDN,Indonesia,2011,YELLOWFEVER,Yellow fever,15
COUNTRIES,IDN,Indonesia,2011,RUBELLA,Rubella,529
COUNTRIES,IDN,Indonesia,2011,MUMPS,Mumps,226
COUNTRIES,IDN,Indonesia,2012,MEASLES,Measles,1972
COUNTRIES,IDN,Indonesia,2012,PERTUSSIS,Pertussis,209
COUNTRIES,IDN,Indonesia,2012,DIPHTHERIA,Diphtheria,532
COUNTRIES,IDN,Indonesia,2012,TETANUS,Neonatal tetanus,620
COUNTRIES,IDN,Indonesia,2012,POLIO,Poliomyelitis,557
COUNTRIES,IDN,Indonesia,2012,YELLOWFEVER,Yellow fever,57
COUNTRIES,IDN,Indonesia,2012,RUBELLA,Rubella,508
COUNTRIES,IDN,Indonesia,2012,MUMPS,Mumps,156
COUNTRIES,IDN,Indonesia,2013,MEASLES,Measles,52
COUNTRIES,IDN,Indonesia,2013,PERTUSSIS,Pertussis,247
COUNTRIES,IDN,Indonesia,2013,DIPHTHERIA,Diphtheria,262
COUNTRIES,IDN,Indonesia,2013,TETANUS,Neonatal tetanus,291
COUNTRIES,IDN,Indonesia,2013,POLIO,Poliomyelitis,564
COUNTRIES,IDN,Indonesia,2013,YELLOWFEVER,Yellow fever,170
COUNTRIES,IDN,Indonesia,2013,RUBELLA,Rubella,175
COUNTRIES,IDN,Indonesia,2013,MUMPS,Mumps,28
COUNTRIES,IDN,Indonesia,2014,MEASLES,Measles,2088
COUNTRIES,IDN,Indonesia,2014,PERTUSSIS,Pertussis,377
COUNTRIES,IDN,Indonesia,2014,DIPHTHERIA,Diphtheria,193
COUNTRIES,IDN,Indonesia,2014,TETANUS,Neonatal tetanus,549
COUNTRIES,IDN,Indonesia,2014,POLIO,Poliomyelitis,346
COUNTRIES,IDN,Indonesia,2014,YELLOWFEVER,Yellow fever,285
COUNTRIES,IDN,Indonesia,2014,RUBELLA,Rubella,322
COUNTRIES,IDN,Indonesia,2014,MUMPS,Mumps,455
COUNTRIES,IDN,Indonesia,2015,MEASLES,Measles,1884
COUNTRIES,IDN,Indonesia,2015,PERTUSSIS,Pertussis,149
COUNTRIES,IDN,Indonesia,2015,DIPHTHERIA,Diphtheria,66
COUNTRIES,IDN,Indonesia,2015,TETANUS,Neonatal tetanus,74
COUNTRIES,IDN,Indonesia,2015,POLIO,Poliomyelitis,446
COUNTRIES,IDN,Indonesia,2015,YELLOWFEVER,Yellow fever,902
COUNTRIES,IDN,Indonesia,2015,RUBELLA,Rubella,230
COUNTRIES,IDN,Indonesia,2015,MUMPS,Mumps,81
COUNTRIES,IDN,Indonesia,2016,MEASLES,Measles,2400
COUNTRIES,IDN,Indonesia,2016,PERTUSSIS,Pertussis,759
COUNTRIES,IDN,Indonesia,2016,DIPHTHERIA,Diphtheria,903
COUNTRIES,IDN,Indonesia,2016,TETANUS,Neonatal tetanus,396
COUNTRIES,IDN,Indonesia,2016,POLIO,Poliomyelitis,837
COUNTRIES,IDN,Indonesia,2016,YELLOWFEVER,Yellow fever,6
COUNTRIES,IDN,Indonesia,2016,RUBELLA,Rubella,48
COUNTRIES,IDN,Indonesia,2016,MUMPS,Mumps,41
COUNTRIES,IDN,Indonesia,2017,MEASLES,Measles,2056
COUNTRIES,IDN,Indonesia,2017,PERTUSSIS,Pertussis,29
COUNTRIES,IDN,Indonesia,2017,DIPHTHERIA,Diphtheria,282
COUNTRIES,IDN,Indonesia,2017,TETANUS,Neonatal tetanus,263
COUNTRIES,IDN,Indonesia,2017,POLIO,Poliomyelitis,153
COUNTRIES,IDN,Indonesia,2017,YELLOWFEVER,Yellow fever,842
COUNTRIES,IDN,Indonesia,2017,RUBELLA,Rubella,77
COUNTRIES,IDN,Indonesia,2017,MUMPS,Mumps,179
COUNTRIES,IDN,Indonesia,2018,MEASLES,Measles,2380
COUNTRIES,IDN,Indonesia,2018,PERTUSSIS,Pertussis,12
COUNTRIES,IDN,Indonesia,2018,DIPHTHERIA,Diphtheria,447
COUNTRIES,IDN,Indonesia,2018,TETANUS,Neonatal tetanus,677
COUNTRIES,IDN,Indonesia,2018,POLIO,Poliomyelitis,1076
COUNTRIES,IDN,Indonesia,2018,YELLOWFEVER,Yellow fever,835
COUNTRIES,IDN,Indonesia,2018,RUBELLA,Rubella,153
COUNTRIES,IDN,Indonesia,2018,MUMPS,Mumps,353
COUNTRIES,IDN,Indonesia,2019,MEASLES,Measles,124
COUNTRIES,IDN,Indonesia,2019,PERTUSSIS,Pertussis,115
COUNTRIES,IDN,Indonesia,2019,DIPHTHERIA,Diphtheria,38
COUNTRIES,IDN,Indonesia,2019,TETANUS,Neonatal tetanus,146
COUNTRIES,IDN,Indonesia,2019,POLIO,Poliomyelitis,806
COUNTRIES,IDN,Indonesia,2019,YELLOWFEVER,Yellow fever,165
COUNTRIES,IDN,Indonesia,2019,RUBELLA,Rubella,319
COUNTRIES,IDN,Indonesia,2019,MUMPS,Mumps,220
COUNTRIES,IDN,Indonesia,2020,MEASLES,Measles,920
COUNTRIES,IDN,Indonesia,2020,PERTUSSIS,Pertussis,1309
COUNTRIES,IDN,Indonesia,2020,DIPHTHERIA,Diphtheria,131
COUNTRIES,IDN,Indonesia,2020,TETANUS,Neonatal tetanus,370
COUNTRIES,IDN,Indonesia,2020,POLIO,Poliomyelitis,204
COUNTRIES,IDN,Indonesia,2020,YELLOWFEVER,Yellow fever,23
COUNTRIES,IDN,Indonesia,2020,RUBELLA,Rubella,252
COUNTRIES,IDN,Indonesia,2020,MUMPS,Mumps,629
COUNTRIES,IDN,Indonesia,2021,MEASLES,Measles,148
COUNTRIES,IDN,Indonesia,2021,PERTUSSIS,Pertussis,26
COUNTRIES,IDN,Indonesia,2021,DIPHTHERIA,Diphtheria,60
COUNTRIES,IDN,Indonesia,2021,TETANUS,Neonatal tetanus,524
COUNTRIES,IDN,Indonesia,2021,POLIO,Poliomyelitis,466
COUNTRIES,IDN,Indonesia,2021,YELLOWFEVER,Yellow fever,301
COUNTRIES,IDN,Indonesia,2021,RUBELLA,Rubella,228
COUNTRIES,IDN,Indonesia,2021,MUMPS,Mumps,794
COUNTRIES,IDN,Indonesia,2022,MEASLES,Measles,2036
COUNTRIES,IDN,Indonesia,2022,PERTUSSIS,Pertussis,584
COUNTRIES,IDN,Indonesia,2022,DIPHTHERIA,Diphtheria,587
COUNTRIES,IDN,Indonesia,2022,TETANUS,Neonatal tetanus,360
COUNTRIES,IDN,Indonesia,2022,POLIO,Poliomyelitis,214
COUNTRIES,IDN,Indonesia,2022,YELLOWFEVER,Yellow fever,700
COUNTRIES,IDN,Indonesia,2022,RUBELLA,Rubella,911
COUNTRIES,IDN,Indonesia,2022,MUMPS,Mumps,8
COUNTRIES,IDN,Indonesia,2023,MEASLES,Measles,68
COUNTRIES,IDN,Indonesia,2023,PERTUSSIS,Pertussis,1075
COUNTRIES,IDN,Indonesia,2023,DIPHTHERIA,Diphtheria,109
COUNTRIES,IDN,Indonesia,2023,TETANUS,Neonatal tetanus,697
COUNTRIES,IDN,Indonesia,2023,POLIO,Poliomyelitis,166
COUNTRIES,IDN,Indonesia,2023,YELLOWFEVER,Yellow fever,42
COUNTRIES,IDN,Indonesia,2023,RUBELLA,Rubella,28
COUNTRIES,IDN,Indonesia,2023,MUMPS,Mumps,57
COUNTRIES,IDN,Indonesia,2024,MEASLES,Measles,372
COUNTRIES,IDN,Indonesia,2024,PERTUSSIS,Pertussis,217
COUNTRIES,IDN,Indonesia,2024,DIPHTHERIA,Diphtheria,392
COUNTRIES,IDN,Indonesia,2024,TETANUS,Neonatal tetanus,1396
COUNTRIES,IDN,Indonesia,2024,POLIO,Poliomyelitis,189
COUNTRIES,IDN,Indonesia,2024,YELLOWFEVER,Yellow fever,237
COUNTRIES,IDN,Indonesia,2024,RUBELLA,Rubella,239
COUNTRIES,IDN,Indonesia,2024,MUMPS,Mumps,251
COUNTRIES,COD,Democratic Republic of the Congo,2010,MEASLES,Measles,1456
COUNTRIES,COD,Democratic Republic of the Congo,2010,PERTUSSIS,Pertussis,4
COUNTRIES,COD,Democratic Republic of the Congo,2010,DIPHTHERIA,Diphtheria,0
COUNTRIES,COD,Democratic Republic of the Congo,2010,TETANUS,Neonatal tetanus,51
COUNTRIES,COD,Democratic Republic of the Congo,2010,POLIO,Poliomyelitis,53
COUNTRIES,COD,Democratic Republic of the Congo,2010,YELLOWFEVER,Yellow fever,610
COUNTRIES,COD,Democratic Republic of the Congo,2010,RUBELLA,Rubella,114
COUNTRIES,COD,Democratic Republic of the Congo,2010,MUMPS,Mumps,1125
COUNTRIES,COD,Democratic Republic of the Congo,2011,MEASLES,Measles,5144
COUNTRIES,COD,Democratic Republic of the Congo,2011,PERTUSSIS,Pertussis,1816
COUNTRIES,COD,Democratic Republic of the Congo,2011,DIPHTHERIA,Diphtheria,1364
COUNTRIES,COD,Democratic Republic of the Congo,2011,TETANUS,Neonatal tetanus,154
COUNTRIES,COD,Democratic Republic of the Congo,2011,POLIO,Poliomyelitis,347
COUNTRIES,COD,Democratic Republic of the Congo,2011,YELLOWFEVER,Yellow fever,94
COUNTRIES,COD,Democratic Republic of the Congo,2011,RUBELLA,Rubella,799
COUNTRIES,COD,Democratic Republic of the Congo,2011,MUMPS,Mumps,1069
COUNTRIES,COD,Democratic Republic of the Congo,2012,MEASLES,Measles,3620
COUNTRIES,COD,Democratic Republic of the Congo,2012,PERTUSSIS,Pertussis,269
COUNTRIES,COD,Democratic Republic of the Congo,2012,DIPHTHERIA,Diphtheria,675
COUNTRIES,COD,Democratic Republic of the Congo,2012,TETANUS,Neonatal tetanus,48
COUNTRIES,COD,Democratic Republic of the Congo,2012,POLIO,Poliomyelitis,19
COUNTRIES,COD,Democratic Republic of the Congo,2012,YELLOWFEVER,Yellow fever,664
COUNTRIES,COD,Democratic Republic of the Congo,2012,RUBELLA,Rubella,263
COUNTRIES,COD,Democratic Republic of the Congo,2012,MUMPS,Mumps,2571
COUNTRIES,COD,Democratic Republic of the Congo,2013,MEASLES,Measles,188
COUNTRIES,COD,Democratic Republic of the Congo,2013,PERTUSSIS,Pertussis,895
COUNTRIES,COD,Democratic Republic of the Congo,2013,DIPHTHERIA,Diphtheria,302
COUNTRIES,COD,Democratic Republic of the Congo,2013,TETANUS,Neonatal tetanus,811
COUNTRIES,COD,Democratic Republic of the Congo,2013,POLIO,Poliomyelitis,785
COUNTRIES,COD,Democratic Republic of the Congo,2013,YELLOWFEVER,Yellow fever,1145
COUNTRIES,COD,Democratic Republic of the Congo,2013,RUBELLA,Rubella,163
COUNTRIES,COD,Democratic Republic of the Congo,2013,MUMPS,Mumps,1383
COUNTRIES,COD,Democratic Republic of the Congo,2014,MEASLES,Measles,296
COUNTRIES,COD,Democratic Republic of the Congo,2014,PERTUSSIS,Pertussis,38
COUNTRIES,COD,Democratic Republic of the Congo,2014,DIPHTHERIA,Diphtheria,254
COUNTRIES,COD,Democratic Republic of the Congo,2014,TETANUS,Neonatal tetanus,792
COUNTRIES,COD,Democratic Republic of the Congo,2014,POLIO,Poliomyelitis,288
COUNTRIES,COD,Democratic Republic of the Congo,2014,YELLOWFEVER,Yellow fever,795
COUNTRIES,COD,Democratic Republic of the Congo,2014,RUBELLA,Rubella,588
COUNTRIES,COD,Democratic Republic of the Congo,2014,MUMPS,Mumps,105
COUNTRIES,COD,Democratic Republic of the Congo,2015,MEASLES,Measles,5200
COUNTRIES,COD,Democratic Republic of the Congo,2015,PERTUSSIS,Pertussis,27
COUNTRIES,COD,Democratic Republic of the Congo,2015,DIPHTHERIA,Diphtheria,999
COUNTRIES,COD,Democratic Republic of the Congo,2015,TETANUS,Neonatal tetanus,158
COUNTRIES,COD,Democratic Republic of the Congo,2015,POLIO,Poliomyelitis,303
COUNTRIES,COD,Democratic Republic of the Congo,2015,YELLOWFEVER,Yellow fever,240
COUNTRIES,COD,Democratic Republic of the Congo,2015,RUBELLA,Rubella,82
COUNTRIES,COD,Democratic Republic of the Congo,2015,MUMPS,Mumps,193
COUNTRIES,COD,Democratic Republic of the Congo,2016,MEASLES,Measles,364
COUNTRIES,COD,Democratic Republic of the Congo,2016,PERTUSSIS,Pertussis,96
COUNTRIES,COD,Democratic Republic of the Congo,2016,DIPHTHERIA,Diphtheria,88
COUNTRIES,COD,Democratic Republic of the Congo,2016,TETANUS,Neonatal tetanus,285
COUNTRIES,COD,Democratic Republic of the Congo,2016,POLIO,Poliomyelitis,679
COUNTRIES,COD,Democratic Republic of the Congo,2016,YELLOWFEVER,Yellow fever,357
COUNTRIES,COD,Democratic Republic of the Congo,2016,RUBELLA,Rubella,950
COUNTRIES,COD,Democratic Republic of the Congo,2016,MUMPS,Mumps,430
COUNTRIES,COD,Democratic Republic of the Congo,2017,MEASLES,Measles,1928
COUNTRIES,COD,Democratic Republic of the Congo,2017,PERTUSSIS,Pertussis,454
COUNTRIES,COD,Democratic Republic of the Congo,2017,DIPHTHERIA,Diphtheria,246
COUNTRIES,COD,Democratic Republic of the Congo,2017,TETANUS,Neonatal tetanus,482
COUNTRIES,COD,Democratic Republic of the Congo,2017,POLIO,Poliomyelitis,29
COUNTRIES,COD,Democratic Republic of the Congo,2017,YELLOWFEVER,Yellow fever,810
COUNTRIES,COD,Democratic Republic of the Congo,2017,RUBELLA,Rubella,620
COUNTRIES,COD,Democratic Republic of the Congo,2017,MUMPS,Mumps,116
COUNTRIES,COD,Democratic Republic of the Congo,2018,MEASLES,Measles,2336
COUNTRIES,COD,Democratic Republic of the Congo,2018,PERTUSSIS,Pertussis,5
COUNTRIES,COD,Democratic Republic of the Congo,2018,DIPHTHERIA,Diphtheria,97
COUNTRIES,COD,Democratic Republic of the Congo,2018,TETANUS,Neonatal tetanus,26
COUNTRIES,COD,Democratic Republic of the Congo,2018,POLIO,Poliomyelitis,606
COUNTRIES,COD,Democratic Republic of the Congo,2018,YELLOWFEVER,Yellow fever,564
COUNTRIES,COD,Democratic Republic of the Congo,2018,RUBELLA,Rubella,672
COUNTRIES,COD,Democratic Republic of the Congo,2018,MUMPS,Mumps,1
COUNTRIES,COD,Democratic Republic of the Congo,2019,MEASLES,Measles,1076
COUNTRIES,COD,Democratic Republic of the Congo,2019,PERTUSSIS,Pertussis,472
COUNTRIES,COD,Democratic Republic of the Congo,2019,DIPHTHERIA,Diphtheria,65
COUNTRIES,COD,Democratic Republic of the Congo,2019,TETANUS,Neonatal tetanus,406
COUNTRIES,COD,Democratic Republic of the Congo,2019,POLIO,Poliomyelitis,34
COUNTRIES,COD,Democratic Republic of the Congo,2019,YELLOWFEVER,Yellow fever,77
COUNTRIES,COD,Democratic Republic of the Congo,2019,RUBELLA,Rubella,250
COUNTRIES,COD,Democratic Republic of the Congo,2019,MUMPS,Mumps,410
COUNTRIES,COD,Democratic Republic of the Congo,2020,MEASLES,Measles,236
COUNTRIES,COD,Democratic Republic of the Congo,2020,PERTUSSIS,Pertussis,76
COUNTRIES,COD,Democratic Republic of the Congo,2020,DIPHTHERIA,Diphtheria,85
COUNTRIES,COD,Democratic Republic of the Congo,2020,TETANUS,Neonatal tetanus,102
COUNTRIES,COD,Democratic Republic of the Congo,2020,POLIO,Poliomyelitis,96
COUNTRIES,COD,Democratic Republic of the Congo,2020,YELLOWFEVER,Yellow fever,188
COUNTRIES,COD,Democratic Republic of the Congo,2020,RUBELLA,Rubella,397
COUNTRIES,COD,Democratic Republic of the Congo,2020,MUMPS,Mumps,216
COUNTRIES,COD,Democratic Republic of the Congo,2021,MEASLES,Measles,2168
COUNTRIES,COD,Democratic Republic of the Congo,2021,PERTUSSIS,Pertussis,460
COUNTRIES,COD,Democratic Republic of the Congo,2021,DIPHTHERIA,Diphtheria,49
COUNTRIES,COD,Democratic Republic of the Congo,2021,TETANUS,Neonatal tetanus,18
COUNTRIES,COD,Democratic Republic of the Congo,2021,POLIO,Poliomyelitis,762
COUNTRIES,COD,Democratic Republic of the Congo,2021,YELLOWFEVER,Yellow fever,30
COUNTRIES,COD,Democratic Republic of the Congo,2021,RUBELLA,Rubella,58
COUNTRIES,COD,Democratic Republic of the Congo,2021,MUMPS,Mumps,8
COUNTRIES,COD,Democratic Republic of the Congo,2022,MEASLES,Measles,1384
COUNTRIES,COD,Democratic Republic of the Congo,2022,PERTUSSIS,Pertussis,305
COUNTRIES,COD,Democratic Republic of the Congo,2022,DIPHTHERIA,Diphtheria,1517
COUNTRIES,COD,Democratic Republic of the Congo,2022,TETANUS,Neonatal tetanus,762
COUNTRIES,COD,Democratic Republic of the Congo,2022,POLIO,Poliomyelitis,185
COUNTRIES,COD,Democratic Republic of the Congo,2022,YELLOWFEVER,Yellow fever,162
COUNTRIES,COD,Democratic Republic of the Congo,2022,RUBELLA,Rubella,123
COUNTRIES,COD,Democratic Republic of the Congo,2022,MUMPS,Mumps,57
COUNTRIES,COD,Democratic Republic of the Congo,2023,MEASLES,Measles,200
COUNTRIES,COD,Democratic Republic of the Congo,2023,PERTUSSIS,Pertussis,47
COUNTRIES,COD,Democratic Republic of the Congo,2023,DIPHTHERIA,Diphtheria,40
COUNTRIES,COD,Democratic Republic of the Congo,2023,TETANUS,Neonatal tetanus,92
COUNTRIES,COD,Democratic Republic of the Congo,2023,POLIO,Poliomyelitis,123
COUNTRIES,COD,Democratic Republic of the Congo,2023,YELLOWFEVER,Yellow fever,1099
COUNTRIES,COD,Democratic Republic of the Congo,2023,RUBELLA,Rubella,291
COUNTRIES,COD,Democratic Republic of the Congo,2023,MUMPS,Mumps,1481
COUNTRIES,COD,Democratic Republic of the Congo,2024,MEASLES,Measles,604
COUNTRIES,COD,Democratic Republic of the Congo,2024,PERTUSSIS,Pertussis,198
COUNTRIES,COD,Democratic Republic of the Congo,2024,DIPHTHERIA,Diphtheria,127
COUNTRIES,COD,Democratic Republic of the Congo,2024,TETANUS,Neonatal tetanus,65
COUNTRIES,COD,Democratic Republic of the Congo,2024,POLIO,Poliomyelitis,50
COUNTRIES,COD,Democratic Republic of the Congo,2024,YELLOWFEVER,Yellow fever,943
COUNTRIES,COD,Democratic Republic of the Congo,2024,RUBELLA,Rubella,1406
COUNTRIES,COD,Democratic Republic of the Congo,2024,MUMPS,Mumps,14
COUNTRIES,MEX,Mexico,2010,MEASLES,Measles,324
COUNTRIES,MEX,Mexico,2010,PERTUSSIS,Pertussis,275
COUNTRIES,MEX,Mexico,2010,DIPHTHERIA,Diphtheria,103
COUNTRIES,MEX,Mexico,2010,TETANUS,Neonatal tetanus,226
COUNTRIES,MEX,Mexico,2010,POLIO,Poliomyelitis,69
COUNTRIES,MEX,Mexico,2010,YELLOWFEVER,Yellow fever,304
COUNTRIES,MEX,Mexico,2010,RUBELLA,Rubella,158
COUNTRIES,MEX,Mexico,2010,MUMPS,Mumps,216
COUNTRIES,MEX,Mexico,2011,MEASLES,Measles,192
COUNTRIES,MEX,Mexico,2011,PERTUSSIS,Pertussis,272
COUNTRIES,MEX,Mexico,2011,DIPHTHERIA,Diphtheria,1993
COUNTRIES,MEX,Mexico,2011,TETANUS,Neonatal tetanus,194
COUNTRIES,MEX,Mexico,2011,POLIO,Poliomyelitis,1019
COUNTRIES,MEX,Mexico,2011,YELLOWFEVER,Yellow fever,903
COUNTRIES,MEX,Mexico,2011,RUBELLA,Rubella,1480
COUNTRIES,MEX,Mexico,2011,MUMPS,Mumps,761
COUNTRIES,MEX,Mexico,2012,MEASLES,Measles,2044
COUNTRIES,MEX,Mexico,2012,PERTUSSIS,Pertussis,922
COUNTRIES,MEX,Mexico,2012,DIPHTHERIA,Diphtheria,37
COUNTRIES,MEX,Mexico,2012,TETANUS,Neonatal tetanus,295
COUNTRIES,MEX,Mexico,2012,POLIO,Poliomyelitis,2153
COUNTRIES,MEX,Mexico,2012,YELLOWFEVER,Yellow fever,697
COUNTRIES,MEX,Mexico,2012,RUBELLA,Rubella,1554
COUNTRIES,MEX,Mexico,2012,MUMPS,Mumps,718
COUNTRIES,MEX,Mexico,2013,MEASLES,Measles,3844
COUNTRIES,MEX,Mexico,2013,PERTUSSIS,Pertussis,567
COUNTRIES,MEX,Mexico,2013,DIPHTHERIA,Diphtheria,661
COUNTRIES,MEX,Mexico,2013,TETANUS,Neonatal tetanus,342
COUNTRIES,MEX,Mexico,2013,POLIO,Poliomyelitis,1193
COUNTRIES,MEX,Mexico,2013,YELLOWFEVER,Yellow fever,806
COUNTRIES,MEX,Mexico,2013,RUBELLA,Rubella,858
COUNTRIES,MEX,Mexico,2013,MUMPS,Mumps,516
COUNTRIES,MEX,Mexico,2014,MEASLES,Measles,652
COUNTRIES,MEX,Mexico,2014,PERTUSSIS,Pertussis,16
COUNTRIES,MEX,Mexico,2014,DIPHTHERIA,Diphtheria,1234
COUNTRIES,MEX,Mexico,2014,TETANUS,Neonatal tetanus,396
COUNTRIES,MEX,Mexico,2014,POLIO,Poliomyelitis,159
COUNTRIES,MEX,Mexico,2014,YELLOWFEVER,Yellow fever,72
COUNTRIES,MEX,Mexico,2014,RUBELLA,Rubella,796
COUNTRIES,MEX,Mexico,2014,MUMPS,Mumps,814
COUNTRIES,MEX,Mexico,2015,MEASLES,Measles,2948
COUNTRIES,MEX,Mexico,2015,PERTUSSIS,Pertussis,453
COUNTRIES,MEX,Mexico,2015,DIPHTHERIA,Diphtheria,199
COUNTRIES,MEX,Mexico,2015,TETANUS,Neonatal tetanus,158
COUNTRIES,MEX,Mexico,2015,POLIO,Poliomyelitis,3
COUNTRIES,MEX,Mexico,2015,YELLOWFEVER,Yellow fever,784
COUNTRIES,MEX,Mexico,2015,RUBELLA,Rubella,40
COUNTRIES,MEX,Mexico,2015,MUMPS,Mumps,435
COUNTRIES,MEX,Mexico,2016,MEASLES,Measles,1192
COUNTRIES,MEX,Mexico,2016,PERTUSSIS,Pertussis,317
COUNTRIES,MEX,Mexico,2016,DIPHTHERIA,Diphtheria,1110
COUNTRIES,MEX,Mexico,2016,TETANUS,Neonatal tetanus,13
COUNTRIES,MEX,Mexico,2016,POLIO,Poliomyelitis,630
COUNTRIES,MEX,Mexico,2016,YELLOWFEVER,Yellow fever,22
COUNTRIES,MEX,Mexico,2016,RUBELLA,Rubella,16
COUNTRIES,MEX,Mexico,2016,MUMPS,Mumps,238
COUNTRIES,MEX,Mexico,2017,MEASLES,Measles,104
COUNTRIES,MEX,Mexico,2017,PERTUSSIS,Pertussis,642
COUNTRIES,MEX,Mexico,2017,DIPHTHERIA,Diphtheria,311
COUNTRIES,MEX,Mexico,2017,TETANUS,Neonatal tetanus,12
COUNTRIES,MEX,Mexico,2017,POLIO,Poliomyelitis,17
COUNTRIES,MEX,Mexico,2017,YELLOWFEVER,Yellow fever,391
COUNTRIES,MEX,Mexico,2017,RUBELLA,Rubella,676
COUNTRIES,MEX,Mexico,2017,MUMPS,Mumps,237
COUNTRIES,MEX,Mexico,2018,MEASLES,Measles,1292
COUNTRIES,MEX,Mexico,2018,PERTUSSIS,Pertussis,643
COUNTRIES,MEX,Mexico,2018,DIPHTHERIA,Diphtheria,377
COUNTRIES,MEX,Mexico,2018,TETANUS,Neonatal tetanus,101
COUNTRIES,MEX,Mexico,2018,POLIO,Poliomyelitis,379
COUNTRIES,MEX,Mexico,2018,YELLOWFEVER,Yellow fever,395
COUNTRIES,MEX,Mexico,2018,RUBELLA,Rubella,529
COUNTRIES,MEX,Mexico,2018,MUMPS,Mumps,387
COUNTRIES,MEX,Mexico,2019,MEASLES,Measles,5396
COUNTRIES,MEX,Mexico,2019,PERTUSSIS,Pertussis,85
COUNTRIES,MEX,Mexico,2019,DIPHTHERIA,Diphtheria,1169
COUNTRIES,MEX,Mexico,2019,TETANUS,Neonatal tetanus,299
COUNTRIES,MEX,Mexico,2019,POLIO,Poliomyelitis,431
COUNTRIES,MEX,Mexico,2019,YELLOWFEVER,Yellow fever,40
COUNTRIES,MEX,Mexico,2019,RUBELLA,Rubella,185
COUNTRIES,MEX,Mexico,2019,MUMPS,Mumps,568
COUNTRIES,MEX,Mexico,2020,MEASLES,Measles,1840
COUNTRIES,MEX,Mexico,2020,PERTUSSIS,Pertussis,15
COUNTRIES,MEX,Mexico,2020,DIPHTHERIA,Diphtheria,296
COUNTRIES,MEX,Mexico,2020,TETANUS,Neonatal tetanus,34
COUNTRIES,MEX,Mexico,2020,POLIO,Poliomyelitis,2057
COUNTRIES,MEX,Mexico,2020,YELLOWFEVER,Yellow fever,853
COUNTRIES,MEX,Mexico,2020,RUBELLA,Rubella,7
COUNTRIES,MEX,Mexico,2020,MUMPS,Mumps,733
COUNTRIES,MEX,Mexico,2021,MEASLES,Measles,3652
COUNTRIES,MEX,Mexico,2021,PERTUSSIS,Pertussis,158
COUNTRIES,MEX,Mexico,2021,DIPHTHERIA,Diphtheria,460
COUNTRIES,MEX,Mexico,2021,TETANUS,Neonatal tetanus,211
COUNTRIES,MEX,Mexico,2021,POLIO,Poliomyelitis,386
COUNTRIES,MEX,Mexico,2021,YELLOWFEVER,Yellow fever,150
COUNTRIES,MEX,Mexico,2021,RUBELLA,Rubella,141
COUNTRIES,MEX,Mexico,2021,MUMPS,Mumps,200
COUNTRIES,MEX,Mexico,2022,MEASLES,Measles,220
COUNTRIES,MEX,Mexico,2022,PERTUSSIS,Pertussis,622
COUNTRIES,MEX,Mexico,2022,DIPHTHERIA,Diphtheria,150
COUNTRIES,MEX,Mexico,2022,TETANUS,Neonatal tetanus,178
COUNTRIES,MEX,Mexico,2022,POLIO,Poliomyelitis,785
COUNTRIES,MEX,Mexico,2022,YELLOWFEVER,Yellow fever,240
COUNTRIES,MEX,Mexico,2022,RUBELLA,Rubella,275
COUNTRIES,MEX,Mexico,2022,MUMPS,Mumps,1097
COUNTRIES,MEX,Mexico,2023,MEASLES,Measles,2940
COUNTRIES,MEX,Mexico,2023,PERTUSSIS,Pertussis,62
COUNTRIES,MEX,Mexico,2023,DIPHTHERIA,Diphtheria,216
COUNTRIES,MEX,Mexico,2023,TETANUS,Neonatal tetanus,1198
COUNTRIES,MEX,Mexico,2023,POLIO,Poliomyelitis,157
COUNTRIES,MEX,Mexico,2023,YELLOWFEVER,Yellow fever,156
COUNTRIES,MEX,Mexico,2023,RUBELLA,Rubella,73
COUNTRIES,MEX,Mexico,2023,MUMPS,Mumps,40
COUNTRIES,MEX,Mexico,2024,MEASLES,Measles,1752
COUNTRIES,MEX,Mexico,2024,PERTUSSIS,Pertussis,477
COUNTRIES,MEX,Mexico,2024,DIPHTHERIA,Diphtheria,1129
COUNTRIES,MEX,Mexico,2024,TETANUS,Neonatal tetanus,482
COUNTRIES,MEX,Mexico,2024,POLIO,Poliomyelitis,90
COUNTRIES,MEX,Mexico,2024,YELLOWFEVER,Yellow fever,13
COUNTRIES,MEX,Mexico,2024,RUBELLA,Rubella,1374
COUNTRIES,MEX,Mexico,2024,MUMPS,Mumps,135
COUNTRIES,PHL,Philippines,2010,MEASLES,Measles,744
COUNTRIES,PHL,Philippines,2010,PERTUSSIS,Pertussis,1181
COUNTRIES,PHL,Philippines,2010,DIPHTHERIA,Diphtheria,439
COUNTRIES,PHL,Philippines,2010,TETANUS,Neonatal tetanus,120
COUNTRIES,PHL,Philippines,2010,POLIO,Poliomyelitis,1099
COUNTRIES,PHL,Philippines,2010,YELLOWFEVER,Yellow fever,2507
COUNTRIES,PHL,Philippines,2010,RUBELLA,Rubella,45
COUNTRIES,PHL,Philippines,2010,MUMPS,Mumps,991
COUNTRIES,PHL,Philippines,2011,MEASLES,Measles,964
COUNTRIES,PHL,Philippines,2011,PERTUSSIS,Pertussis,361
COUNTRIES,PHL,Philippines,2011,DIPHTHERIA,Diphtheria,1200
COUNTRIES,PHL,Philippines,2011,TETANUS,Neonatal tetanus,1767
COUNTRIES,PHL,Philippines,2011,POLIO,Poliomyelitis,148
COUNTRIES,PHL,Philippines,2011,YELLOWFEVER,Yellow fever,116
COUNTRIES,PHL,Philippines,2011,RUBELLA,Rubella,40
COUNTRIES,PHL,Philippines,2011,MUMPS,Mumps,402
COUNTRIES,PHL,Philippines,2012,MEASLES,Measles,24
COUNTRIES,PHL,Philippines,2012,PERTUSSIS,Pertussis,252
COUNTRIES,PHL,Philippines,2012,DIPHTHERIA,Diphtheria,36
COUNTRIES,PHL,Philippines,2012,TETANUS,Neonatal tetanus,246
COUNTRIES,PHL,Philippines,2012,POLIO,Poliomyelitis,19
COUNTRIES,PHL,Philippines,2012,YELLOWFEVER,Yellow fever,856
COUNTRIES,PHL,Philippines,2012,RUBELLA,Rubella,111
COUNTRIES,PHL,Philippines,2012,MUMPS,Mumps,189
COUNTRIES,PHL,Philippines,2013,MEASLES,Measles,3772
COUNTRIES,PHL,Philippines,2013,PERTUSSIS,Pertussis,634
COUNTRIES,PHL,Philippines,2013,DIPHTHERIA,Diphtheria,114
COUNTRIES,PHL,Philippines,2013,TETANUS,Neonatal tetanus,34
COUNTRIES,PHL,Philippines,2013,POLIO,Poliomyelitis,581
COUNTRIES,PHL,Philippines,2013,YELLOWFEVER,Yellow fever,229
COUNTRIES,PHL,Philippines,2013,RUBELLA,Rubella,671
COUNTRIES,PHL,Philippines,2013,MUMPS,Mumps,272
COUNTRIES,PHL,Philippines,2014,MEASLES,Measles,764
COUNTRIES,PHL,Philippines,2014,PERTUSSIS,Pertussis,270
COUNTRIES,PHL,Philippines,2014,DIPHTHERIA,Diphtheria,621
COUNTRIES,PHL,Philippines,2014,TETANUS,Neonatal tetanus,1046
COUNTRIES,PHL,Philippines,2014,POLIO,Poliomyelitis,22
COUNTRIES,PHL,Philippines,2014,YELLOWFEVER,Yellow fever,334
COUNTRIES,PHL,Philippines,2014,RUBELLA,Rubella,15
COUNTRIES,PHL,Philippines,2014,MUMPS,Mumps,284
COUNTRIES,PHL,Philippines,2015,MEASLES,Measles,3788
COUNTRIES,PHL,Philippines,2015,PERTUSSIS,Pertussis,196
COUNTRIES,PHL,Philippines,2015,DIPHTHERIA,Diphtheria,1179
COUNTRIES,PHL,Philippines,2015,TETANUS,Neonatal tetanus,435
COUNTRIES,PHL,Philippines,2015,POLIO,Poliomyelitis,1190
COUNTRIES,PHL,Philippines,2015,YELLOWFEVER,Yellow fever,619
COUNTRIES,PHL,Philippines,2015,RUBELLA,Rubella,47
COUNTRIES,PHL,Philippines,2015,MUMPS,Mumps,115
COUNTRIES,PHL,Philippines,2016,MEASLES,Measles,848
COUNTRIES,PHL,Philippines,2016,PERTUSSIS,Pertussis,79
COUNTRIES,PHL,Philippines,2016,DIPHTHERIA,Diphtheria,290
COUNTRIES,PHL,Philippines,2016,TETANUS,Neonatal tetanus,270
COUNTRIES,PHL,Philippines,2016,POLIO,Poliomyelitis,1330
COUNTRIES,PHL,Philippines,2016,YELLOWFEVER,Yellow fever,241
COUNTRIES,PHL,Philippines,2016,RUBELLA,Rubella,654
COUNTRIES,PHL,Philippines,2016,MUMPS,Mumps,1209
COUNTRIES,PHL,Philippines,2017,MEASLES,Measles,3456
COUNTRIES,PHL,Philippines,2017,PERTUSSIS,Pertussis,96
COUNTRIES,PHL,Philippines,2017,DIPHTHERIA,Diphtheria,282
COUNTRIES,PHL,Philippines,2017,TETANUS,Neonatal tetanus,176
COUNTRIES,PHL,Philippines,2017,POLIO,Poliomyelitis,210
COUNTRIES,PHL,Philippines,2017,YELLOWFEVER,Yellow fever,184
COUNTRIES,PHL,Philippines,2017,RUBELLA,Rubella,722
COUNTRIES,PHL,Philippines,2017,MUMPS,Mumps,248
COUNTRIES,PHL,Philippines,2018,MEASLES,Measles,1184
COUNTRIES,PHL,Philippines,2018,PERTUSSIS,Pertussis,1617
COUNTRIES,PHL,Philippines,2018,DIPHTHERIA,Diphtheria,24
COUNTRIES,PHL,Philippines,2018,TETANUS,Neonatal tetanus,267
COUNTRIES,PHL,Philippines,2018,POLIO,Poliomyelitis,594
COUNTRIES,PHL,Philippines,2018,YELLOWFEVER,Yellow fever,65
COUNTRIES,PHL,Philippines,2018,RUBELLA,Rubella,378
COUNTRIES,PHL,Philippines,2018,MUMPS,Mumps,109
COUNTRIES,PHL,Philippines,2019,MEASLES,Measles,3128
COUNTRIES,PHL,Philippines,2019,PERTUSSIS,Pertussis,153
COUNTRIES,PHL,Philippines,2019,DIPHTHERIA,Diphtheria,154
COUNTRIES,PHL,Philippines,2019,TETANUS,Neonatal tetanus,353
COUNTRIES,PHL,Philippines,2019,POLIO,Poliomyelitis,78
COUNTRIES,PHL,Philippines,2019,YELLOWFEVER,Yellow fever,129
COUNTRIES,PHL,Philippines,2019,RUBELLA,Rubella,208
COUNTRIES,PHL,Philippines,2019,MUMPS,Mumps,169
COUNTRIES,PHL,Philippines,2020,MEASLES,Measles,1116
COUNTRIES,PHL,Philippines,2020,PERTUSSIS,Pertussis,343
COUNTRIES,PHL,Philippines,2020,DIPHTHERIA,Diphtheria,313
COUNTRIES,PHL,Philippines,2020,TETANUS,Neonatal tetanus,398
COUNTRIES,PHL,Philippines,2020,POLIO,Poliomyelitis,137
COUNTRIES,PHL,Philippines,2020,YELLOWFEVER,Yellow fever,50
COUNTRIES,PHL,Philippines,2020,RUBELLA,Rubella,536
COUNTRIES,PHL,Philippines,2020,MUMPS,Mumps,713
COUNTRIES,PHL,Philippines,2021,MEASLES,Measles,428
COUNTRIES,PHL,Philippines,2021,PERTUSSIS,Pertussis,189
COUNTRIES,PHL,Philippines,2021,DIPHTHERIA,Diphtheria,250
COUNTRIES,PHL,Philippines,2021,TETANUS,Neonatal tetanus,276
COUNTRIES,PHL,Philippines,2021,POLIO,Poliomyelitis,390
COUNTRIES,PHL,Philippines,2021,YELLOWFEVER,Yellow fever,15
COUNTRIES,PHL,Philippines,2021,RUBELLA,Rubella,463
COUNTRIES,PHL,Philippines,2021,MUMPS,Mumps,23
COUNTRIES,PHL,Philippines,2022,MEASLES,Measles,884
COUNTRIES,PHL,Philippines,2022,PERTUSSIS,Pertussis,615
COUNTRIES,PHL,Philippines,2022,DIPHTHERIA,Diphtheria,210
COUNTRIES,PHL,Philippines,2022,TETANUS,Neonatal tetanus,56
COUNTRIES,PHL,Philippines,2022,POLIO,Poliomyelitis,1470
COUNTRIES,PHL,Philippines,2022,YELLOWFEVER,Yellow fever,770
COUNTRIES,PHL,Philippines,2022,RUBELLA,Rubella,516
COUNTRIES,PHL,Philippines,2022,MUMPS,Mumps,185
COUNTRIES,PHL,Philippines,2023,MEASLES,Measles,272
COUNTRIES,PHL,Philippines,2023,PERTUSSIS,Pertussis,957
COUNTRIES,PHL,Philippines,2023,DIPHTHERIA,Diphtheria,256
COUNTRIES,PHL,Philippines,2023,TETANUS,Neonatal tetanus,645
COUNTRIES,PHL,Philippines,2023,POLIO,Poliomyelitis,141
COUNTRIES,PHL,Philippines,2023,YELLOWFEVER,Yellow fever,137
COUNTRIES,PHL,Philippines,2023,RUBELLA,Rubella,1429
COUNTRIES,PHL,Philippines,2023,MUMPS,Mumps,249
COUNTRIES,PHL,Philippines,2024,MEASLES,Measles,196
COUNTRIES,PHL,Philippines,2024,PERTUSSIS,Pertussis,80
COUNTRIES,PHL,Philippines,2024,DIPHTHERIA,Diphtheria,213
COUNTRIES,PHL,Philippines,2024,TETANUS,Neonatal tetanus,14
COUNTRIES,PHL,Philippines,2024,POLIO,Poliomyelitis,201
COUNTRIES,PHL,Philippines,2024,YELLOWFEVER,Yellow fever,176
COUNTRIES,PHL,Philippines,2024,RUBELLA,Rubella,491
COUNTRIES,PHL,Philippines,2024,MUMPS,Mumps,142
COUNTRIES,EGY,Egypt,2010,MEASLES,Measles,8096
COUNTRIES,EGY,Egypt,2010,PERTUSSIS,Pertussis,99
COUNTRIES,EGY,Egypt,2010,DIPHTHERIA,Diphtheria,447
COUNTRIES,EGY,Egypt,2010,TETANUS,Neonatal tetanus,46
COUNTRIES,EGY,Egypt,2010,POLIO,Poliomyelitis,661
COUNTRIES,EGY,Egypt,2010,YELLOWFEVER,Yellow fever,2625
COUNTRIES,EGY,Egypt,2010,RUBELLA,Rubella,855
COUNTRIES,EGY,Egypt,2010,MUMPS,Mumps,405
COUNTRIES,EGY,Egypt,2011,MEASLES,Measles,1292
COUNTRIES,EGY,Egypt,2011,PERTUSSIS,Pertussis,878
COUNTRIES,EGY,Egypt,2011,DIPHTHERIA,Diphtheria,1339
COUNTRIES,EGY,Egypt,2011,TETANUS,Neonatal tetanus,2207
COUNTRIES,EGY,Egypt,2011,POLIO,Poliomyelitis,246
COUNTRIES,EGY,Egypt,2011,YELLOWFEVER,Yellow fever,2291
COUNTRIES,EGY,Egypt,2011,RUBELLA,Rubella,82
COUNTRIES,EGY,Egypt,2011,MUMPS,Mumps,142
COUNTRIES,EGY,Egypt,2012,MEASLES,Measles,176
COUNTRIES,EGY,Egypt,2012,PERTUSSIS,Pertussis,150
COUNTRIES,EGY,Egypt,2012,DIPHTHERIA,Diphtheria,693
COUNTRIES,EGY,Egypt,2012,TETANUS,Neonatal tetanus,910
COUNTRIES,EGY,Egypt,2012,POLIO,Poliomyelitis,716
COUNTRIES,EGY,Egypt,2012,YELLOWFEVER,Yellow fever,473
COUNTRIES,EGY,Egypt,2012,RUBELLA,Rubella,342
COUNTRIES,EGY,Egypt,2012,MUMPS,Mumps,585
COUNTRIES,EGY,Egypt,2013,MEASLES,Measles,916
COUNTRIES,EGY,Egypt,2013,PERTUSSIS,Pertussis,851
COUNTRIES,EGY,Egypt,2013,DIPHTHERIA,Diphtheria,522
COUNTRIES,EGY,Egypt,2013,TETANUS,Neonatal tetanus,553
COUNTRIES,EGY,Egypt,2013,POLIO,Poliomyelitis,355
COUNTRIES,EGY,Egypt,2013,YELLOWFEVER,Yellow fever,1001
COUNTRIES,EGY,Egypt,2013,RUBELLA,Rubella,134
COUNTRIES,EGY,Egypt,2013,MUMPS,Mumps,221
COUNTRIES,EGY,Egypt,2014,MEASLES,Measles,2704
COUNTRIES,EGY,Egypt,2014,PERTUSSIS,Pertussis,305
COUNTRIES,EGY,Egypt,2014,DIPHTHERIA,Diphtheria,990
COUNTRIES,EGY,Egypt,2014,TETANUS,Neonatal tetanus,191
COUNTRIES,EGY,Egypt,2014,POLIO,Poliomyelitis,207
COUNTRIES,EGY,Egypt,2014,YELLOWFEVER,Yellow fever,988
COUNTRIES,EGY,Egypt,2014,RUBELLA,Rubella,280
COUNTRIES,EGY,Egypt,2014,MUMPS,Mumps,326
COUNTRIES,EGY,Egypt,2015,MEASLES,Measles,708
COUNTRIES,EGY,Egypt,2015,PERTUSSIS,Pertussis,141
COUNTRIES,EGY,Egypt,2015,DIPHTHERIA,Diphtheria,466
COUNTRIES,EGY,Egypt,2015,TETANUS,Neonatal tetanus,55
COUNTRIES,EGY,Egypt,2015,POLIO,Poliomyelitis,924
COUNTRIES,EGY,Egypt,2015,YELLOWFEVER,Yellow fever,660
COUNTRIES,EGY,Egypt,2015,RUBELLA,Rubella,92
COUNTRIES,EGY,Egypt,2015,MUMPS,Mumps,518
COUNTRIES,EGY,Egypt,2016,MEASLES,Measles,1568
COUNTRIES,EGY,Egypt,2016,PERTUSSIS,Pertussis,86
COUNTRIES,EGY,Egypt,2016,DIPHTHERIA,Diphtheria,135
COUNTRIES,EGY,Egypt,2016,TETANUS,Neonatal tetanus,223
COUNTRIES,EGY,Egypt,2016,POLIO,Poliomyelitis,510
COUNTRIES,EGY,Egypt,2016,YELLOWFEVER,Yellow fever,432
COUNTRIES,EGY,Egypt,2016,RUBELLA,Rubella,322
COUNTRIES,EGY,Egypt,2016,MUMPS,Mumps,621
COUNTRIES,EGY,Egypt,2017,MEASLES,Measles,2340
COUNTRIES,EGY,Egypt,2017,PERTUSSIS,Pertussis,396
COUNTRIES,EGY,Egypt,2017,DIPHTHERIA,Diphtheria,637
COUNTRIES,EGY,Egypt,2017,TETANUS,Neonatal tetanus,167
COUNTRIES,EGY,Egypt,2017,POLIO,Poliomyelitis,878
COUNTRIES,EGY,Egypt,2017,YELLOWFEVER,Yellow fever,393
COUNTRIES,EGY,Egypt,2017,RUBELLA,Rubella,712
COUNTRIES,EGY,Egypt,2017,MUMPS,Mumps,325
COUNTRIES,EGY,Egypt,2018,MEASLES,Measles,392
COUNTRIES,EGY,Egypt,2018,PERTUSSIS,Pertussis,312
COUNTRIES,EGY,Egypt,2018,DIPHTHERIA,Diphtheria,185
COUNTRIES,EGY,Egypt,2018,TETANUS,Neonatal tetanus,478
COUNTRIES,EGY,Egypt,2018,POLIO,Poliomyelitis,258
COUNTRIES,EGY,Egypt,2018,YELLOWFEVER,Yellow fever,723
COUNTRIES,EGY,Egypt,2018,RUBELLA,Rubella,453
COUNTRIES,EGY,Egypt,2018,MUMPS,Mumps,461
COUNTRIES,EGY,Egypt,2019,MEASLES,Measles,376
COUNTRIES,EGY,Egypt,2019,PERTUSSIS,Pertussis,1608
COUNTRIES,EGY,Egypt,2019,DIPHTHERIA,Diphtheria,714
COUNTRIES,EGY,Egypt,2019,TETANUS,Neonatal tetanus,602
COUNTRIES,EGY,Egypt,2019,POLIO,Poliomyelitis,155
COUNTRIES,EGY,Egypt,2019,YELLOWFEVER,Yellow fever,297
COUNTRIES,EGY,Egypt,2019,RUBELLA,Rubella,57
COUNTRIES,EGY,Egypt,2019,MUMPS,Mumps,299
COUNTRIES,EGY,Egypt,2020,MEASLES,Measles,236
COUNTRIES,EGY,Egypt,2020,PERTUSSIS,Pertussis,301
COUNTRIES,EGY,Egypt,2020,DIPHTHERIA,Diphtheria,392
COUNTRIES,EGY,Egypt,2020,TETANUS,Neonatal tetanus,185
COUNTRIES,EGY,Egypt,2020,POLIO,Poliomyelitis,258
COUNTRIES,EGY,Egypt,2020,YELLOWFEVER,Yellow fever,781
COUNTRIES,EGY,Egypt,2020,RUBELLA,Rubella,43
COUNTRIES,EGY,Egypt,2020,MUMPS,Mumps,588
COUNTRIES,EGY,Egypt,2021,MEASLES,Measles,268
COUNTRIES,EGY,Egypt,2021,PERTUSSIS,Pertussis,13
COUNTRIES,EGY,Egypt,2021,DIPHTHERIA,Diphtheria,74
COUNTRIES,EGY,Egypt,2021,TETANUS,Neonatal tetanus,525
COUNTRIES,EGY,Egypt,2021,POLIO,Poliomyelitis,188
COUNTRIES,EGY,Egypt,2021,YELLOWFEVER,Yellow fever,746
COUNTRIES,EGY,Egypt,2021,RUBELLA,Rubella,269
COUNTRIES,EGY,Egypt,2021,MUMPS,Mumps,8
COUNTRIES,EGY,Egypt,2022,MEASLES,Measles,1764
COUNTRIES,EGY,Egypt,2022,PERTUSSIS,Pertussis,40
COUNTRIES,EGY,Egypt,2022,DIPHTHERIA,Diphtheria,545
COUNTRIES,EGY,Egypt,2022,TETANUS,Neonatal tetanus,64
COUNTRIES,EGY,Egypt,2022,POLIO,Poliomyelitis,148
COUNTRIES,EGY,Egypt,2022,YELLOWFEVER,Yellow fever,501
COUNTRIES,EGY,Egypt,2022,RUBELLA,Rubella,1079
COUNTRIES,EGY,Egypt,2022,MUMPS,Mumps,162
COUNTRIES,EGY,Egypt,2023,MEASLES,Measles,2384
COUNTRIES,EGY,Egypt,2023,PERTUSSIS,Pertussis,71
COUNTRIES,EGY,Egypt,2023,DIPHTHERIA,Diphtheria,555
COUNTRIES,EGY,Egypt,2023,TETANUS,Neonatal tetanus,361
COUNTRIES,EGY,Egypt,2023,POLIO,Poliomyelitis,72
COUNTRIES,EGY,Egypt,2023,YELLOWFEVER,Yellow fever,121
COUNTRIES,EGY,Egypt,2023,RUBELLA,Rubella,47
COUNTRIES,EGY,Egypt,2023,MUMPS,Mumps,162
COUNTRIES,EGY,Egypt,2024,MEASLES,Measles,296
COUNTRIES,EGY,Egypt,2024,PERTUSSIS,Pertussis,335
COUNTRIES,EGY,Egypt,2024,DIPHTHERIA,Diphtheria,1691
COUNTRIES,EGY,Egypt,2024,TETANUS,Neonatal tetanus,3
COUNTRIES,EGY,Egypt,2024,POLIO,Poliomyelitis,253
COUNTRIES,EGY,Egypt,2024,YELLOWFEVER,Yellow fever,277
COUNTRIES,EGY,Egypt,2024,RUBELLA,Rubella,798
COUNTRIES,EGY,Egypt,2024,MUMPS,Mumps,229
COUNTRIES,VNM,Viet Nam,2010,MEASLES,Measles,1568
COUNTRIES,VNM,Viet Nam,2010,PERTUSSIS,Pertussis,319
COUNTRIES,VNM,Viet Nam,2010,DIPHTHERIA,Diphtheria,156
COUNTRIES,VNM,Viet Nam,2010,TETANUS,Neonatal tetanus,28
COUNTRIES,VNM,Viet Nam,2010,POLIO,Poliomyelitis,262
COUNTRIES,VNM,Viet Nam,2010,YELLOWFEVER,Yellow fever,27
COUNTRIES,VNM,Viet Nam,2010,RUBELLA,Rubella,399
COUNTRIES,VNM,Viet Nam,2010,MUMPS,Mumps,183
COUNTRIES,VNM,Viet Nam,2011,MEASLES,Measles,1484
COUNTRIES,VNM,Viet Nam,2011,PERTUSSIS,Pertussis,70
COUNTRIES,VNM,Viet Nam,2011,DIPHTHERIA,Diphtheria,1315
COUNTRIES,VNM,Viet Nam,2011,TETANUS,Neonatal tetanus,1096
COUNTRIES,VNM,Viet Nam,2011,POLIO,Poliomyelitis,102
COUNTRIES,VNM,Viet Nam,2011,YELLOWFEVER,Yellow fever,205
COUNTRIES,VNM,Viet Nam,2011,RUBELLA,Rubella,463
COUNTRIES,VNM,Viet Nam,2011,MUMPS,Mumps,49
COUNTRIES,VNM,Viet Nam,2012,MEASLES,Measles,828
COUNTRIES,VNM,Viet Nam,2012,PERTUSSIS,Pertussis,137
COUNTRIES,VNM,Viet Nam,2012,DIPHTHERIA,Diphtheria,1173
COUNTRIES,VNM,Viet Nam,2012,TETANUS,Neonatal tetanus,909
COUNTRIES,VNM,Viet Nam,2012,POLIO,Poliomyelitis,411
COUNTRIES,VNM,Viet Nam,2012,YELLOWFEVER,Yellow fever,348
COUNTRIES,VNM,Viet Nam,2012,RUBELLA,Rubella,1268
COUNTRIES,VNM,Viet Nam,2012,MUMPS,Mumps,1279
COUNTRIES,VNM,Viet Nam,2013,MEASLES,Measles,6444
COUNTRIES,VNM,Viet Nam,2013,PERTUSSIS,Pertussis,61
COUNTRIES,VNM,Viet Nam,2013,DIPHTHERIA,Diphtheria,80
COUNTRIES,VNM,Viet Nam,2013,TETANUS,Neonatal tetanus,522
COUNTRIES,VNM,Viet Nam,2013,POLIO,Poliomyelitis,360
COUNTRIES,VNM,Viet Nam,2013,YELLOWFEVER,Yellow fever,8
COUNTRIES,VNM,Viet Nam,2013,RUBELLA,Rubella,29
COUNTRIES,VNM,Viet Nam,2013,MUMPS,Mumps,1012
COUNTRIES,VNM,Viet Nam,2014,MEASLES,Measles,3656
COUNTRIES,VNM,Viet Nam,2014,PERTUSSIS,Pertussis,198
COUNTRIES,VNM,Viet Nam,2014,DIPHTHERIA,Diphtheria,997
COUNTRIES,VNM,Viet Nam,2014,TETANUS,Neonatal tetanus,405
COUNTRIES,VNM,Viet Nam,2014,POLIO,Poliomyelitis,737
COUNTRIES,VNM,Viet Nam,2014,YELLOWFEVER,Yellow fever,250
COUNTRIES,VNM,Viet Nam,2014,RUBELLA,Rubella,54
COUNTRIES,VNM,Viet Nam,2014,MUMPS,Mumps,255
COUNTRIES,VNM,Viet Nam,2015,MEASLES,Measles,1068
COUNTRIES,VNM,Viet Nam,2015,PERTUSSIS,Pertussis,350
COUNTRIES,VNM,Viet Nam,2015,DIPHTHERIA,Diphtheria,48
COUNTRIES,VNM,Viet Nam,2015,TETANUS,Neonatal tetanus,2080
COUNTRIES,VNM,Viet Nam,2015,POLIO,Poliomyelitis,122
COUNTRIES,VNM,Viet Nam,2015,YELLOWFEVER,Yellow fever,96
COUNTRIES,VNM,Viet Nam,2015,RUBELLA,Rubella,327
COUNTRIES,VNM,Viet Nam,2015,MUMPS,Mumps,337
COUNTRIES,VNM,Viet Nam,2016,MEASLES,Measles,984
COUNTRIES,VNM,Viet Nam,2016,PERTUSSIS,Pertussis,628
COUNTRIES,VNM,Viet Nam,2016,DIPHTHERIA,Diphtheria,308
COUNTRIES,VNM,Viet Nam,2016,TETANUS,Neonatal tetanus,399
COUNTRIES,VNM,Viet Nam,2016,POLIO,Poliomyelitis,546
COUNTRIES,VNM,Viet Nam,2016,YELLOWFEVER,Yellow fever,10
COUNTRIES,VNM,Viet Nam,2016,RUBELLA,Rubella,359
COUNTRIES,VNM,Viet Nam,2016,MUMPS,Mumps,916
COUNTRIES,VNM,Viet Nam,2017,MEASLES,Measles,28
COUNTRIES,VNM,Viet Nam,2017,PERTUSSIS,Pertussis,214
COUNTRIES,VNM,Viet Nam,2017,DIPHTHERIA,Diphtheria,1075
COUNTRIES,VNM,Viet Nam,2017,TETANUS,Neonatal tetanus,179
COUNTRIES,VNM,Viet Nam,2017,POLIO,Poliomyelitis,253
COUNTRIES,VNM,Viet Nam,2017,YELLOWFEVER,Yellow fever,1646
COUNTRIES,VNM,Viet Nam,2017,RUBELLA,Rubella,91
COUNTRIES,VNM,Viet Nam,2017,MUMPS,Mumps,27
COUNTRIES,VNM,Viet Nam,2018,MEASLES,Measles,3136
COUNTRIES,VNM,Viet Nam,2018,PERTUSSIS,Pertussis,811
COUNTRIES,VNM,Viet Nam,2018,DIPHTHERIA,Diphtheria,255
COUNTRIES,VNM,Viet Nam,2018,TETANUS,Neonatal tetanus,288
COUNTRIES,VNM,Viet Nam,2018,POLIO,Poliomyelitis,722
COUNTRIES,VNM,Viet Nam,2018,YELLOWFEVER,Yellow fever,536
COUNTRIES,VNM,Viet Nam,2018,RUBELLA,Rubella,123
COUNTRIES,VNM,Viet Nam,2018,MUMPS,Mumps,6
COUNTRIES,VNM,Viet Nam,2019,MEASLES,Measles,1012
COUNTRIES,VNM,Viet Nam,2019,PERTUSSIS,Pertussis,758
COUNTRIES,VNM,Viet Nam,2019,DIPHTHERIA,Diphtheria,876
COUNTRIES,VNM,Viet Nam,2019,TETANUS,Neonatal tetanus,1212
COUNTRIES,VNM,Viet Nam,2019,POLIO,Poliomyelitis,820
COUNTRIES,VNM,Viet Nam,2019,YELLOWFEVER,Yellow fever,336
COUNTRIES,VNM,Viet Nam,2019,RUBELLA,Rubella,227
COUNTRIES,VNM,Viet Nam,2019,MUMPS,Mumps,577
COUNTRIES,VNM,Viet Nam,2020,MEASLES,Measles,2016
COUNTRIES,VNM,Viet Nam,2020,PERTUSSIS,Pertussis,289
COUNTRIES,VNM,Viet Nam,2020,DIPHTHERIA,Diphtheria,34
COUNTRIES,VNM,Viet Nam,2020,TETANUS,Neonatal tetanus,976
COUNTRIES,VNM,Viet Nam,2020,POLIO,Poliomyelitis,228
COUNTRIES,VNM,Viet Nam,2020,YELLOWFEVER,Yellow fever,169
COUNTRIES,VNM,Viet Nam,2020,RUBELLA,Rubella,372
COUNTRIES,VNM,Viet Nam,2020,MUMPS,Mumps,420
COUNTRIES,VNM,Viet Nam,2021,MEASLES,Measles,340
COUNTRIES,VNM,Viet Nam,2021,PERTUSSIS,Pertussis,657
COUNTRIES,VNM,Viet Nam,2021,DIPHTHERIA,Diphtheria,124
COUNTRIES,VNM,Viet Nam,2021,TETANUS,Neonatal tetanus,74
COUNTRIES,VNM,Viet Nam,2021,POLIO,Poliomyelitis,189
COUNTRIES,VNM,Viet Nam,2021,YELLOWFEVER,Yellow fever,475
COUNTRIES,VNM,Viet Nam,2021,RUBELLA,Rubella,1220
COUNTRIES,VNM,Viet Nam,2021,MUMPS,Mumps,600
COUNTRIES,VNM,Viet Nam,2022,MEASLES,Measles,3944
COUNTRIES,VNM,Viet Nam,2022,PERTUSSIS,Pertussis,53
COUNTRIES,VNM,Viet Nam,2022,DIPHTHERIA,Diphtheria,25
COUNTRIES,VNM,Viet Nam,2022,TETANUS,Neonatal tetanus,285
COUNTRIES,VNM,Viet Nam,2022,POLIO,Poliomyelitis,120
COUNTRIES,VNM,Viet Nam,2022,YELLOWFEVER,Yellow fever,616
COUNTRIES,VNM,Viet Nam,2022,RUBELLA,Rubella,390
COUNTRIES,VNM,Viet Nam,2022,MUMPS,Mumps,1235
COUNTRIES,VNM,Viet Nam,2023,MEASLES,Measles,396
COUNTRIES,VNM,Viet Nam,2023,PERTUSSIS,Pertussis,224
COUNTRIES,VNM,Viet Nam,2023,DIPHTHERIA,Diphtheria,234
COUNTRIES,VNM,Viet Nam,2023,TETANUS,Neonatal tetanus,92
COUNTRIES,VNM,Viet Nam,2023,POLIO,Poliomyelitis,300
COUNTRIES,VNM,Viet Nam,2023,YELLOWFEVER,Yellow fever,197
COUNTRIES,VNM,Viet Nam,2023,RUBELLA,Rubella,199
COUNTRIES,VNM,Viet Nam,2023,MUMPS,Mumps,152
COUNTRIES,VNM,Viet Nam,2024,MEASLES,Measles,20
COUNTRIES,VNM,Viet Nam,2024,PERTUSSIS,Pertussis,239
COUNTRIES,VNM,Viet Nam,2024,DIPHTHERIA,Diphtheria,132
COUNTRIES,VNM,Viet Nam,2024,TETANUS,Neonatal tetanus,0
COUNTRIES,VNM,Viet Nam,2024,POLIO,Poliomyelitis,119
COUNTRIES,VNM,Viet Nam,2024,YELLOWFEVER,Yellow fever,106
COUNTRIES,VNM,Viet Nam,2024,RUBELLA,Rubella,162
COUNTRIES,VNM,Viet Nam,2024,MUMPS,Mumps,45
COUNTRIES,TUR,Turkey,2010,MEASLES,Measles,1416
COUNTRIES,TUR,Turkey,2010,PERTUSSIS,Pertussis,589
COUNTRIES,TUR,Turkey,2010,DIPHTHERIA,Diphtheria,497
COUNTRIES,TUR,Turkey,2010,TETANUS,Neonatal tetanus,814
COUNTRIES,TUR,Turkey,2010,POLIO,Poliomyelitis,300
COUNTRIES,TUR,Turkey,2010,YELLOWFEVER,Yellow fever,366
COUNTRIES,TUR,Turkey,2010,RUBELLA,Rubella,831
COUNTRIES,TUR,Turkey,2010,MUMPS,Mumps,279
COUNTRIES,TUR,Turkey,2011,MEASLES,Measles,2356
COUNTRIES,TUR,Turkey,2011,PERTUSSIS,Pertussis,277
COUNTRIES,TUR,Turkey,2011,DIPHTHERIA,Diphtheria,263
COUNTRIES,TUR,Turkey,2011,TETANUS,Neonatal tetanus,696
COUNTRIES,TUR,Turkey,2011,POLIO,Poliomyelitis,93
COUNTRIES,TUR,Turkey,2011,YELLOWFEVER,Yellow fever,201
COUNTRIES,TUR,Turkey,2011,RUBELLA,Rubella,123
COUNTRIES,TUR,Turkey,2011,MUMPS,Mumps,216
COUNTRIES,TUR,Turkey,2012,MEASLES,Measles,496
COUNTRIES,TUR,Turkey,2012,PERTUSSIS,Pertussis,411
COUNTRIES,TUR,Turkey,2012,DIPHTHERIA,Diphtheria,760
COUNTRIES,TUR,Turkey,2012,TETANUS,Neonatal tetanus,733
COUNTRIES,TUR,Turkey,2012,POLIO,Poliomyelitis,215
COUNTRIES,TUR,Turkey,2012,YELLOWFEVER,Yellow fever,2131
COUNTRIES,TUR,Turkey,2012,RUBELLA,Rubella,427
COUNTRIES,TUR,Turkey,2012,MUMPS,Mumps,242
COUNTRIES,TUR,Turkey,2013,MEASLES,Measles,3336
COUNTRIES,TUR,Turkey,2013,PERTUSSIS,Pertussis,605
COUNTRIES,TUR,Turkey,2013,DIPHTHERIA,Diphtheria,639
COUNTRIES,TUR,Turkey,2013,TETANUS,Neonatal tetanus,100
COUNTRIES,TUR,Turkey,2013,POLIO,Poliomyelitis,292
COUNTRIES,TUR,Turkey,2013,YELLOWFEVER,Yellow fever,915
COUNTRIES,TUR,Turkey,2013,RUBELLA,Rubella,324
COUNTRIES,TUR,Turkey,2013,MUMPS,Mumps,532
COUNTRIES,TUR,Turkey,2014,MEASLES,Measles,1592
COUNTRIES,TUR,Turkey,2014,PERTUSSIS,Pertussis,831
COUNTRIES,TUR,Turkey,2014,DIPHTHERIA,Diphtheria,150
COUNTRIES,TUR,Turkey,2014,TETANUS,Neonatal tetanus,385
COUNTRIES,TUR,Turkey,2014,POLIO,Poliomyelitis,59
COUNTRIES,TUR,Turkey,2014,YELLOWFEVER,Yellow fever,527
COUNTRIES,TUR,Turkey,2014,RUBELLA,Rubella,592
COUNTRIES,TUR,Turkey,2014,MUMPS,Mumps,19
COUNTRIES,TUR,Turkey,2015,MEASLES,Measles,1968
COUNTRIES,TUR,Turkey,2015,PERTUSSIS,Pertussis,234
COUNTRIES,TUR,Turkey,2015,DIPHTHERIA,Diphtheria,57
COUNTRIES,TUR,Turkey,2015,TETANUS,Neonatal tetanus,238
COUNTRIES,TUR,Turkey,2015,POLIO,Poliomyelitis,94
COUNTRIES,TUR,Turkey,2015,YELLOWFEVER,Yellow fever,234
COUNTRIES,TUR,Turkey,2015,RUBELLA,Rubella,212
COUNTRIES,TUR,Turkey,2015,MUMPS,Mumps,586
COUNTRIES,TUR,Turkey,2016,MEASLES,Measles,2528
COUNTRIES,TUR,Turkey,2016,PERTUSSIS,Pertussis,396
COUNTRIES,TUR,Turkey,2016,DIPHTHERIA,Diphtheria,9
COUNTRIES,TUR,Turkey,2016,TETANUS,Neonatal tetanus,1136
COUNTRIES,TUR,Turkey,2016,POLIO,Poliomyelitis,492
COUNTRIES,TUR,Turkey,2016,YELLOWFEVER,Yellow fever,14
COUNTRIES,TUR,Turkey,2016,RUBELLA,Rubella,726
COUNTRIES,TUR,Turkey,2016,MUMPS,Mumps,94
COUNTRIES,TUR,Turkey,2017,MEASLES,Measles,1428
COUNTRIES,TUR,Turkey,2017,PERTUSSIS,Pertussis,259
COUNTRIES,TUR,Turkey,2017,DIPHTHERIA,Diphtheria,224
COUNTRIES,TUR,Turkey,2017,TETANUS,Neonatal tetanus,909
COUNTRIES,TUR,Turkey,2017,POLIO,Poliomyelitis,237
COUNTRIES,TUR,Turkey,2017,YELLOWFEVER,Yellow fever,32
COUNTRIES,TUR,Turkey,2017,RUBELLA,Rubella,1208
COUNTRIES,TUR,Turkey,2017,MUMPS,Mumps,1044
COUNTRIES,TUR,Turkey,2018,MEASLES,Measles,1844
COUNTRIES,TUR,Turkey,2018,PERTUSSIS,Pertussis,252
COUNTRIES,TUR,Turkey,2018,DIPHTHERIA,Diphtheria,38
COUNTRIES,TUR,Turkey,2018,TETANUS,Neonatal tetanus,625
COUNTRIES,TUR,Turkey,2018,POLIO,Poliomyelitis,31
COUNTRIES,TUR,Turkey,2018,YELLOWFEVER,Yellow fever,28
COUNTRIES,TUR,Turkey,2018,RUBELLA,Rubella,308
COUNTRIES,TUR,Turkey,2018,MUMPS,Mumps,69
COUNTRIES,TUR,Turkey,2019,MEASLES,Measles,12
COUNTRIES,TUR,Turkey,2019,PERTUSSIS,Pertussis,213
COUNTRIES,TUR,Turkey,2019,DIPHTHERIA,Diphtheria,57
COUNTRIES,TUR,Turkey,2019,TETANUS,Neonatal tetanus,67
COUNTRIES,TUR,Turkey,2019,POLIO,Poliomyelitis,31
COUNTRIES,TUR,Turkey,2019,YELLOWFEVER,Yellow fever,88
COUNTRIES,TUR,Turkey,2019,RUBELLA,Rubella,487
COUNTRIES,TUR,Turkey,2019,MUMPS,Mumps,641
COUNTRIES,TUR,Turkey,2020,MEASLES,Measles,900
COUNTRIES,TUR,Turkey,2020,PERTUSSIS,Pertussis,264
COUNTRIES,TUR,Turkey,2020,DIPHTHERIA,Diphtheria,12
COUNTRIES,TUR,Turkey,2020,TETANUS,Neonatal tetanus,26
COUNTRIES,TUR,Turkey,2020,POLIO,Poliomyelitis,111
COUNTRIES,TUR,Turkey,2020,YELLOWFEVER,Yellow fever,294
COUNTRIES,TUR,Turkey,2020,RUBELLA,Rubella,504
COUNTRIES,TUR,Turkey,2020,MUMPS,Mumps,348
COUNTRIES,TUR,Turkey,2021,MEASLES,Measles,720
COUNTRIES,TUR,Turkey,2021,PERTUSSIS,Pertussis,45
COUNTRIES,TUR,Turkey,2021,DIPHTHERIA,Diphtheria,550
COUNTRIES,TUR,Turkey,2021,TETANUS,Neonatal tetanus,163
COUNTRIES,TUR,Turkey,2021,POLIO,Poliomyelitis,482
COUNTRIES,TUR,Turkey,2021,YELLOWFEVER,Yellow fever,260
COUNTRIES,TUR,Turkey,2021,RUBELLA,Rubella,486
COUNTRIES,TUR,Turkey,2021,MUMPS,Mumps,862
COUNTRIES,TUR,Turkey,2022,MEASLES,Measles,3552
COUNTRIES,TUR,Turkey,2022,PERTUSSIS,Pertussis,268
COUNTRIES,TUR,Turkey,2022,DIPHTHERIA,Diphtheria,250
COUNTRIES,TUR,Turkey,2022,TETANUS,Neonatal tetanus,108
COUNTRIES,TUR,Turkey,2022,POLIO,Poliomyelitis,961
COUNTRIES,TUR,Turkey,2022,YELLOWFEVER,Yellow fever,214
COUNTRIES,TUR,Turkey,2022,RUBELLA,Rubella,47
COUNTRIES,TUR,Turkey,2022,MUMPS,Mumps,198
COUNTRIES,TUR,Turkey,2023,MEASLES,Measles,180
COUNTRIES,TUR,Turkey,2023,PERTUSSIS,Pertussis,235
COUNTRIES,TUR,Turkey,2023,DIPHTHERIA,Diphtheria,278
COUNTRIES,TUR,Turkey,2023,TETANUS,Neonatal tetanus,139
COUNTRIES,TUR,Turkey,2023,POLIO,Poliomyelitis,25
COUNTRIES,TUR,Turkey,2023,YELLOWFEVER,Yellow fever,969
COUNTRIES,TUR,Turkey,2023,RUBELLA,Rubella,500
COUNTRIES,TUR,Turkey,2023,MUMPS,Mumps,616
COUNTRIES,TUR,Turkey,2024,MEASLES,Measles,592
COUNTRIES,TUR,Turkey,2024,PERTUSSIS,Pertussis,464
COUNTRIES,TUR,Turkey,2024,DIPHTHERIA,Diphtheria,215
COUNTRIES,TUR,Turkey,2024,TETANUS,Neonatal tetanus,72
COUNTRIES,TUR,Turkey,2024,POLIO,Poliomyelitis,43
COUNTRIES,TUR,Turkey,2024,YELLOWFEVER,Yellow fever,137
COUNTRIES,TUR,Turkey,2024,RUBELLA,Rubella,48
COUNTRIES,TUR,Turkey,2024,MUMPS,Mumps,2066
COUNTRIES,IRN,Iran (Islamic Republic of),2010,MEASLES,Measles,100
COUNTRIES,IRN,Iran (Islamic Republic of),2010,PERTUSSIS,Pertussis,290
COUNTRIES,IRN,Iran (Islamic Republic of),2010,DIPHTHERIA,Diphtheria,300
COUNTRIES,IRN,Iran (Islamic Republic of),2010,TETANUS,Neonatal tetanus,178
COUNTRIES,IRN,Iran (Islamic Republic of),2010,POLIO,Poliomyelitis,423
COUNTRIES,IRN,Iran (Islamic Republic of),2010,YELLOWFEVER,Yellow fever,81
COUNTRIES,IRN,Iran (Islamic Republic of),2010,RUBELLA,Rubella,766
COUNTRIES,IRN,Iran (Islamic Republic of),2010,MUMPS,Mumps,202
COUNTRIES,IRN,Iran (Islamic Republic of),2011,MEASLES,Measles,1744
COUNTRIES,IRN,Iran (Islamic Republic of),2011,PERTUSSIS,Pertussis,613
COUNTRIES,IRN,Iran (Islamic Republic of),2011,DIPHTHERIA,Diphtheria,1071
COUNTRIES,IRN,Iran (Islamic Republic of),2011,TETANUS,Neonatal tetanus,880
COUNTRIES,IRN,Iran (Islamic Republic of),2011,POLIO,Poliomyelitis,456
COUNTRIES,IRN,Iran (Islamic Republic of),2011,YELLOWFEVER,Yellow fever,239
COUNTRIES,IRN,Iran (Islamic Republic of),2011,RUBELLA,Rubella,341
COUNTRIES,IRN,Iran (Islamic Republic of),2011,MUMPS,Mumps,713
COUNTRIES,IRN,Iran (Islamic Republic of),2012,MEASLES,Measles,3988
COUNTRIES,IRN,Iran (Islamic Republic of),2012,PERTUSSIS,Pertussis,52
COUNTRIES,IRN,Iran (Islamic Republic of),2012,DIPHTHERIA,Diphtheria,230
COUNTRIES,IRN,Iran (Islamic Republic of),2012,TETANUS,Neonatal tetanus,710
COUNTRIES,IRN,Iran (Islamic Republic of),2012,POLIO,Poliomyelitis,268
COUNTRIES,IRN,Iran (Islamic Republic of),2012,YELLOWFEVER,Yellow fever,191
COUNTRIES,IRN,Iran (Islamic Republic of),2012,RUBELLA,Rubella,251
COUNTRIES,IRN,Iran (Islamic Republic of),2012,MUMPS,Mumps,438
COUNTRIES,IRN,Iran (Islamic Republic of),2013,MEASLES,Measles,15804
COUNTRIES,IRN,Iran (Islamic Republic of),2013,PERTUSSIS,Pertussis,314
COUNTRIES,IRN,Iran (Islamic Republic of),2013,DIPHTHERIA,Diphtheria,108
COUNTRIES,IRN,Iran (Islamic Republic of),2013,TETANUS,Neonatal tetanus,82
COUNTRIES,IRN,Iran (Islamic Republic of),2013,POLIO,Poliomyelitis,20
COUNTRIES,IRN,Iran (Islamic Republic of),2013,YELLOWFEVER,Yellow fever,378
COUNTRIES,IRN,Iran (Islamic Republic of),2013,RUBELLA,Rubella,363
COUNTRIES,IRN,Iran (Islamic Republic of),2013,MUMPS,Mumps,106
COUNTRIES,IRN,Iran (Islamic Republic of),2014,MEASLES,Measles,2136
COUNTRIES,IRN,Iran (Islamic Republic of),2014,PERTUSSIS,Pertussis,608
COUNTRIES,IRN,Iran (Islamic Republic of),2014,DIPHTHERIA,Diphtheria,134
COUNTRIES,IRN,Iran (Islamic Republic of),2014,TETANUS,Neonatal tetanus,189
COUNTRIES,IRN,Iran (Islamic Republic of),2014,POLIO,Poliomyelitis,2094
COUNTRIES,IRN,Iran (Islamic Republic of),2014,YELLOWFEVER,Yellow fever,210
COUNTRIES,IRN,Iran (Islamic Republic of),2014,RUBELLA,Rubella,643
COUNTRIES,IRN,Iran (Islamic Republic of),2014,MUMPS,Mumps,271
COUNTRIES,IRN,Iran (Islamic Republic of),2015,MEASLES,Measles,2756
COUNTRIES,IRN,Iran (Islamic Republic of),2015,PERTUSSIS,Pertussis,641
COUNTRIES,IRN,Iran (Islamic Republic of),2015,DIPHTHERIA,Diphtheria,482
COUNTRIES,IRN,Iran (Islamic Republic of),2015,TETANUS,Neonatal tetanus,844
COUNTRIES,IRN,Iran (Islamic Republic of),2015,POLIO,Poliomyelitis,1225
COUNTRIES,IRN,Iran (Islamic Republic of),2015,YELLOWFEVER,Yellow fever,379
COUNTRIES,IRN,Iran (Islamic Republic of),2015,RUBELLA,Rubella,118
COUNTRIES,IRN,Iran (Islamic Republic of),2015,MUMPS,Mumps,222
COUNTRIES,IRN,Iran (Islamic Republic of),2016,MEASLES,Measles,2412
COUNTRIES,IRN,Iran (Islamic Republic of),2016,PERTUSSIS,Pertussis,447
COUNTRIES,IRN,Iran (Islamic Republic of),2016,DIPHTHERIA,Diphtheria,83
COUNTRIES,IRN,Iran (Islamic Republic of),2016,TETANUS,Neonatal tetanus,22
COUNTRIES,IRN,Iran (Islamic Republic of),2016,POLIO,Poliomyelitis,488
COUNTRIES,IRN,Iran (Islamic Republic of),2016,YELLOWFEVER,Yellow fever,122
COUNTRIES,IRN,Iran (Islamic Republic of),2016,RUBELLA,Rubella,294
COUNTRIES,IRN,Iran (Islamic Republic of),2016,MUMPS,Mumps,583
COUNTRIES,IRN,Iran (Islamic Republic of),2017,MEASLES,Measles,1364
COUNTRIES,IRN,Iran (Islamic Republic of),2017,PERTUSSIS,Pertussis,35
COUNTRIES,IRN,Iran (Islamic Republic of),2017,DIPHTHERIA,Diphtheria,84
COUNTRIES,IRN,Iran (Islamic Republic of),2017,TETANUS,Neonatal tetanus,102
COUNTRIES,IRN,Iran (Islamic Republic of),2017,POLIO,Poliomyelitis,123
COUNTRIES,IRN,Iran (Islamic Republic of),2017,YELLOWFEVER,Yellow fever,343
COUNTRIES,IRN,Iran (Islamic Republic of),2017,RUBELLA,Rubella,289
COUNTRIES,IRN,Iran (Islamic Republic of),2017,MUMPS,Mumps,93
COUNTRIES,IRN,Iran (Islamic Republic of),2018,MEASLES,Measles,108
COUNTRIES,IRN,Iran (Islamic Republic of),2018,PERTUSSIS,Pertussis,75
COUNTRIES,IRN,Iran (Islamic Republic of),2018,DIPHTHERIA,Diphtheria,1663
COUNTRIES,IRN,Iran (Islamic Republic of),2018,TETANUS,Neonatal tetanus,252
COUNTRIES,IRN,Iran (Islamic Republic of),2018,POLIO,Poliomyelitis,808
COUNTRIES,IRN,Iran (Islamic Republic of),2018,YELLOWFEVER,Yellow fever,755
COUNTRIES,IRN,Iran (Islamic Republic of),2018,RUBELLA,Rubella,286
COUNTRIES,IRN,Iran (Islamic Republic of),2018,MUMPS,Mumps,490
COUNTRIES,IRN,Iran (Islamic Republic of),2019,MEASLES,Measles,328
COUNTRIES,IRN,Iran (Islamic Republic of),2019,PERTUSSIS,Pertussis,451
COUNTRIES,IRN,Iran (Islamic Republic of),2019,DIPHTHERIA,Diphtheria,123
COUNTRIES,IRN,Iran (Islamic Republic of),2019,TETANUS,Neonatal tetanus,691
COUNTRIES,IRN,Iran (Islamic Republic of),2019,POLIO,Poliomyelitis,33
COUNTRIES,IRN,Iran (Islamic Republic of),2019,YELLOWFEVER,Yellow fever,574
COUNTRIES,IRN,Iran (Islamic Republic of),2019,RUBELLA,Rubella,40
COUNTRIES,IRN,Iran (Islamic Republic of),2019,MUMPS,Mumps,825
COUNTRIES,IRN,Iran (Islamic Republic of),2020,MEASLES,Measles,544
COUNTRIES,IRN,Iran (Islamic Republic of),2020,PERTUSSIS,Pertussis,398
COUNTRIES,IRN,Iran (Islamic Republic of),2020,DIPHTHERIA,Diphtheria,250
COUNTRIES,IRN,Iran (Islamic Republic of),2020,TETANUS,Neonatal tetanus,171
COUNTRIES,IRN,Iran (Islamic Republic of),2020,POLIO,Poliomyelitis,388
COUNTRIES,IRN,Iran (Islamic Republic of),2020,YELLOWFEVER,Yellow fever,1105
COUNTRIES,IRN,Iran (Islamic Republic of),2020,RUBELLA,Rubella,15
COUNTRIES,IRN,Iran (Islamic Republic of),2020,MUMPS,Mumps,941
COUNTRIES,IRN,Iran (Islamic Republic of),2021,MEASLES,Measles,1360
COUNTRIES,IRN,Iran (Islamic Republic of),2021,PERTUSSIS,Pertussis,596
COUNTRIES,IRN,Iran (Islamic Republic of),2021,DIPHTHERIA,Diphtheria,175
COUNTRIES,IRN,Iran (Islamic Republic of),2021,TETANUS,Neonatal tetanus,231
COUNTRIES,IRN,Iran (Islamic Republic of),2021,POLIO,Poliomyelitis,736
COUNTRIES,IRN,Iran (Islamic Republic of),2021,YELLOWFEVER,Yellow fever,194
COUNTRIES,IRN,Iran (Islamic Republic of),2021,RUBELLA,Rubella,277
COUNTRIES,IRN,Iran (Islamic Republic of),2021,MUMPS,Mumps,7
COUNTRIES,IRN,Iran (Islamic Republic of),2022,MEASLES,Measles,240
COUNTRIES,IRN,Iran (Islamic Republic of),2022,PERTUSSIS,Pertussis,359
COUNTRIES,IRN,Iran (Islamic Republic of),2022,DIPHTHERIA,Diphtheria,441
COUNTRIES,IRN,Iran (Islamic Republic of),2022,TETANUS,Neonatal tetanus,305
COUNTRIES,IRN,Iran (Islamic Republic of),2022,POLIO,Poliomyelitis,54
COUNTRIES,IRN,Iran (Islamic Republic of),2022,YELLOWFEVER,Yellow fever,206
COUNTRIES,IRN,Iran (Islamic Republic of),2022,RUBELLA,Rubella,153
COUNTRIES,IRN,Iran (Islamic Republic of),2022,MUMPS,Mumps,239
COUNTRIES,IRN,Iran (Islamic Republic of),2023,MEASLES,Measles,2756
COUNTRIES,IRN,Iran (Islamic Republic of),2023,PERTUSSIS,Pertussis,504
COUNTRIES,IRN,Iran (Islamic Republic of),2023,DIPHTHERIA,Diphtheria,29
COUNTRIES,IRN,Iran (Islamic Republic of),2023,TETANUS,Neonatal tetanus,745
COUNTRIES,IRN,Iran (Islamic Republic of),2023,POLIO,Poliomyelitis,215
COUNTRIES,IRN,Iran (Islamic Republic of),2023,YELLOWFEVER,Yellow fever,459
COUNTRIES,IRN,Iran (Islamic Republic of),2023,RUBELLA,Rubella,50
COUNTRIES,IRN,Iran (Islamic Republic of),2023,MUMPS,Mumps,374
COUNTRIES,IRN,Iran (Islamic Republic of),2024,MEASLES,Measles,348
COUNTRIES,IRN,Iran (Islamic Republic of),2024,PERTUSSIS,Pertussis,187
COUNTRIES,IRN,Iran (Islamic Republic of),2024,DIPHTHERIA,Diphtheria,5
COUNTRIES,IRN,Iran (Islamic Republic of),2024,TETANUS,Neonatal tetanus,53
COUNTRIES,IRN,Iran (Islamic Republic of),2024,POLIO,Poliomyelitis,31
COUNTRIES,IRN,Iran (Islamic Republic of),2024,YELLOWFEVER,Yellow fever,89
COUNTRIES,IRN,Iran (Islamic Republic of),2024,RUBELLA,Rubella,34
COUNTRIES,IRN,Iran (Islamic Republic of),2024,MUMPS,Mumps,382
COUNTRIES,THA,Thailand,2010,MEASLES,Measles,56
COUNTRIES,THA,Thailand,2010,PERTUSSIS,Pertussis,480
COUNTRIES,THA,Thailand,2010,DIPHTHERIA,Diphtheria,75
COUNTRIES,THA,Thailand,2010,TETANUS,Neonatal tetanus,1451
COUNTRIES,THA,Thailand,2010,POLIO,Poliomyelitis,1352
COUNTRIES,THA,Thailand,2010,YELLOWFEVER,Yellow fever,127
COUNTRIES,THA,Thailand,2010,RUBELLA,Rubella,476
COUNTRIES,THA,Thailand,2010,MUMPS,Mumps,14
COUNTRIES,THA,Thailand,2011,MEASLES,Measles,5236
COUNTRIES,THA,Thailand,2011,PERTUSSIS,Pertussis,360
COUNTRIES,THA,Thailand,2011,DIPHTHERIA,Diphtheria,21
COUNTRIES,THA,Thailand,2011,TETANUS,Neonatal tetanus,204
COUNTRIES,THA,Thailand,2011,POLIO,Poliomyelitis,38
COUNTRIES,THA,Thailand,2011,YELLOWFEVER,Yellow fever,243
COUNTRIES,THA,Thailand,2011,RUBELLA,Rubella,540
COUNTRIES,THA,Thailand,2011,MUMPS,Mumps,309
COUNTRIES,THA,Thailand,2012,MEASLES,Measles,916
COUNTRIES,THA,Thailand,2012,PERTUSSIS,Pertussis,60
COUNTRIES,THA,Thailand,2012,DIPHTHERIA,Diphtheria,133
COUNTRIES,THA,Thailand,2012,TETANUS,Neonatal tetanus,50
COUNTRIES,THA,Thailand,2012,POLIO,Poliomyelitis,782
COUNTRIES,THA,Thailand,2012,YELLOWFEVER,Yellow fever,69
COUNTRIES,THA,Thailand,2012,RUBELLA,Rubella,429
COUNTRIES,THA,Thailand,2012,MUMPS,Mumps,199
COUNTRIES,THA,Thailand,2013,MEASLES,Measles,472
COUNTRIES,THA,Thailand,2013,PERTUSSIS,Pertussis,471
COUNTRIES,THA,Thailand,2013,DIPHTHERIA,Diphtheria,282
COUNTRIES,THA,Thailand,2013,TETANUS,Neonatal tetanus,236
COUNTRIES,THA,Thailand,2013,POLIO,Poliomyelitis,415
COUNTRIES,THA,Thailand,2013,YELLOWFEVER,Yellow fever,312
COUNTRIES,THA,Thailand,2013,RUBELLA,Rubella,167
COUNTRIES,THA,Thailand,2013,MUMPS,Mumps,378
COUNTRIES,THA,Thailand,2014,MEASLES,Measles,1992
COUNTRIES,THA,Thailand,2014,PERTUSSIS,Pertussis,12
COUNTRIES,THA,Thailand,2014,DIPHTHERIA,Diphtheria,282
COUNTRIES,THA,Thailand,2014,TETANUS,Neonatal tetanus,26
COUNTRIES,THA,Thailand,2014,POLIO,Poliomyelitis,92
COUNTRIES,THA,Thailand,2014,YELLOWFEVER,Yellow fever,369
COUNTRIES,THA,Thailand,2014,RUBELLA,Rubella,905
COUNTRIES,THA,Thailand,2014,MUMPS,Mumps,964
COUNTRIES,THA,Thailand,2015,MEASLES,Measles,124
COUNTRIES,THA,Thailand,2015,PERTUSSIS,Pertussis,237
COUNTRIES,THA,Thailand,2015,DIPHTHERIA,Diphtheria,382
COUNTRIES,THA,Thailand,2015,TETANUS,Neonatal tetanus,69
COUNTRIES,THA,Thailand,2015,POLIO,Poliomyelitis,634
COUNTRIES,THA,Thailand,2015,YELLOWFEVER,Yellow fever,596
COUNTRIES,THA,Thailand,2015,RUBELLA,Rubella,1022
COUNTRIES,THA,Thailand,2015,MUMPS,Mumps,3
COUNTRIES,THA,Thailand,2016,MEASLES,Measles,412
COUNTRIES,THA,Thailand,2016,PERTUSSIS,Pertussis,746
COUNTRIES,THA,Thailand,2016,DIPHTHERIA,Diphtheria,471
COUNTRIES,THA,Thailand,2016,TETANUS,Neonatal tetanus,955
COUNTRIES,THA,Thailand,2016,POLIO,Poliomyelitis,25
COUNTRIES,THA,Thailand,2016,YELLOWFEVER,Yellow fever,386
COUNTRIES,THA,Thailand,2016,RUBELLA,Rubella,357
COUNTRIES,THA,Thailand,2016,MUMPS,Mumps,15
COUNTRIES,THA,Thailand,2017,MEASLES,Measles,1188
COUNTRIES,THA,Thailand,2017,PERTUSSIS,Pertussis,387
COUNTRIES,THA,Thailand,2017,DIPHTHERIA,Diphtheria,87
COUNTRIES,THA,Thailand,2017,TETANUS,Neonatal tetanus,131
COUNTRIES,THA,Thailand,2017,POLIO,Poliomyelitis,421
COUNTRIES,THA,Thailand,2017,YELLOWFEVER,Yellow fever,260
COUNTRIES,THA,Thailand,2017,RUBELLA,Rubella,805
COUNTRIES,THA,Thailand,2017,MUMPS,Mumps,172
COUNTRIES,THA,Thailand,2018,MEASLES,Measles,496
COUNTRIES,THA,Thailand,2018,PERTUSSIS,Pertussis,1676
COUNTRIES,THA,Thailand,2018,DIPHTHERIA,Diphtheria,968
COUNTRIES,THA,Thailand,2018,TETANUS,Neonatal tetanus,11
COUNTRIES,THA,Thailand,2018,POLIO,Poliomyelitis,589
COUNTRIES,THA,Thailand,2018,YELLOWFEVER,Yellow fever,46
COUNTRIES,THA,Thailand,2018,RUBELLA,Rubella,11
COUNTRIES,THA,Thailand,2018,MUMPS,Mumps,127
COUNTRIES,THA,Thailand,2019,MEASLES,Measles,484
COUNTRIES,THA,Thailand,2019,PERTUSSIS,Pertussis,663
COUNTRIES,THA,Thailand,2019,DIPHTHERIA,Diphtheria,480
COUNTRIES,THA,Thailand,2019,TETANUS,Neonatal tetanus,1548
COUNTRIES,THA,Thailand,2019,POLIO,Poliomyelitis,481
COUNTRIES,THA,Thailand,2019,YELLOWFEVER,Yellow fever,209
COUNTRIES,THA,Thailand,2019,RUBELLA,Rubella,465
COUNTRIES,THA,Thailand,2019,MUMPS,Mumps,2914
COUNTRIES,THA,Thailand,2020,MEASLES,Measles,1856
COUNTRIES,THA,Thailand,2020,PERTUSSIS,Pertussis,537
COUNTRIES,THA,Thailand,2020,DIPHTHERIA,Diphtheria,1044
COUNTRIES,THA,Thailand,2020,TETANUS,Neonatal tetanus,45
COUNTRIES,THA,Thailand,2020,POLIO,Poliomyelitis,457
COUNTRIES,THA,Thailand,2020,YELLOWFEVER,Yellow fever,713
COUNTRIES,THA,Thailand,2020,RUBELLA,Rubella,1157
COUNTRIES,THA,Thailand,2020,MUMPS,Mumps,88
COUNTRIES,THA,Thailand,2021,MEASLES,Measles,1016
COUNTRIES,THA,Thailand,2021,PERTUSSIS,Pertussis,413
COUNTRIES,THA,Thailand,2021,DIPHTHERIA,Diphtheria,103
COUNTRIES,THA,Thailand,2021,TETANUS,Neonatal tetanus,332
COUNTRIES,THA,Thailand,2021,POLIO,Poliomyelitis,107
COUNTRIES,THA,Thailand,2021,YELLOWFEVER,Yellow fever,147
COUNTRIES,THA,Thailand,2021,RUBELLA,Rubella,211
COUNTRIES,THA,Thailand,2021,MUMPS,Mumps,273
COUNTRIES,THA,Thailand,2022,MEASLES,Measles,832
COUNTRIES,THA,Thailand,2022,PERTUSSIS,Pertussis,237
COUNTRIES,THA,Thailand,2022,DIPHTHERIA,Diphtheria,124
COUNTRIES,THA,Thailand,2022,TETANUS,Neonatal tetanus,60
COUNTRIES,THA,Thailand,2022,POLIO,Poliomyelitis,16
COUNTRIES,THA,Thailand,2022,YELLOWFEVER,Yellow fever,76
COUNTRIES,THA,Thailand,2022,RUBELLA,Rubella,305
COUNTRIES,THA,Thailand,2022,MUMPS,Mumps,539
COUNTRIES,THA,Thailand,2023,MEASLES,Measles,248
COUNTRIES,THA,Thailand,2023,PERTUSSIS,Pertussis,38
COUNTRIES,THA,Thailand,2023,DIPHTHERIA,Diphtheria,466
COUNTRIES,THA,Thailand,2023,TETANUS,Neonatal tetanus,122
COUNTRIES,THA,Thailand,2023,POLIO,Poliomyelitis,1021
COUNTRIES,THA,Thailand,2023,YELLOWFEVER,Yellow fever,422
COUNTRIES,THA,Thailand,2023,RUBELLA,Rubella,133
COUNTRIES,THA,Thailand,2023,MUMPS,Mumps,115
COUNTRIES,THA,Thailand,2024,MEASLES,Measles,964
COUNTRIES,THA,Thailand,2024,PERTUSSIS,Pertussis,26
COUNTRIES,THA,Thailand,2024,DIPHTHERIA,Diphtheria,40
COUNTRIES,THA,Thailand,2024,TETANUS,Neonatal tetanus,62
COUNTRIES,THA,Thailand,2024,POLIO,Poliomyelitis,484
COUNTRIES,THA,Thailand,2024,YELLOWFEVER,Yellow fever,234
COUNTRIES,THA,Thailand,2024,RUBELLA,Rubella,3
COUNTRIES,THA,Thailand,2024,MUMPS,Mumps,363
COUNTRIES,ZAF,South Africa,2010,MEASLES,Measles,1100
COUNTRIES,ZAF,South Africa,2010,PERTUSSIS,Pertussis,357
COUNTRIES,ZAF,South Africa,2010,DIPHTHERIA,Diphtheria,120
COUNTRIES,ZAF,South Africa,2010,TETANUS,Neonatal tetanus,401
COUNTRIES,ZAF,South Africa,2010,POLIO,Poliomyelitis,1935
COUNTRIES,ZAF,South Africa,2010,YELLOWFEVER,Yellow fever,38
COUNTRIES,ZAF,South Africa,2010,RUBELLA,Rubella,166
COUNTRIES,ZAF,South Africa,2010,MUMPS,Mumps,139
COUNTRIES,ZAF,South Africa,2011,MEASLES,Measles,556
COUNTRIES,ZAF,South Africa,2011,PERTUSSIS,Pertussis,232
COUNTRIES,ZAF,South Africa,2011,DIPHTHERIA,Diphtheria,830
COUNTRIES,ZAF,South Africa,2011,TETANUS,Neonatal tetanus,1189
COUNTRIES,ZAF,South Africa,2011,POLIO,Poliomyelitis,110
COUNTRIES,ZAF,South Africa,2011,YELLOWFEVER,Yellow fever,381
COUNTRIES,ZAF,South Africa,2011,RUBELLA,Rubella,493
COUNTRIES,ZAF,South Africa,2011,MUMPS,Mumps,359
COUNTRIES,ZAF,South Africa,2012,MEASLES,Measles,1080
COUNTRIES,ZAF,South Africa,2012,PERTUSSIS,Pertussis,101
COUNTRIES,ZAF,South Africa,2012,DIPHTHERIA,Diphtheria,318
COUNTRIES,ZAF,South Africa,2012,TETANUS,Neonatal tetanus,243
COUNTRIES,ZAF,South Africa,2012,POLIO,Poliomyelitis,754
COUNTRIES,ZAF,South Africa,2012,YELLOWFEVER,Yellow fever,685
COUNTRIES,ZAF,South Africa,2012,RUBELLA,Rubella,68
COUNTRIES,ZAF,South Africa,2012,MUMPS,Mumps,44
COUNTRIES,ZAF,South Africa,2013,MEASLES,Measles,4416
COUNTRIES,ZAF,South Africa,2013,PERTUSSIS,Pertussis,354
COUNTRIES,ZAF,South Africa,2013,DIPHTHERIA,Diphtheria,902
COUNTRIES,ZAF,South Africa,2013,TETANUS,Neonatal tetanus,27
COUNTRIES,ZAF,South Africa,2013,POLIO,Poliomyelitis,345
COUNTRIES,ZAF,South Africa,2013,YELLOWFEVER,Yellow fever,358
COUNTRIES,ZAF,South Africa,2013,RUBELLA,Rubella,911
COUNTRIES,ZAF,South Africa,2013,MUMPS,Mumps,47
COUNTRIES,ZAF,South Africa,2014,MEASLES,Measles,492
COUNTRIES,ZAF,South Africa,2014,PERTUSSIS,Pertussis,234
COUNTRIES,ZAF,South Africa,2014,DIPHTHERIA,Diphtheria,903
COUNTRIES,ZAF,South Africa,2014,TETANUS,Neonatal tetanus,1257
COUNTRIES,ZAF,South Africa,2014,POLIO,Poliomyelitis,2215
COUNTRIES,ZAF,South Africa,2014,YELLOWFEVER,Yellow fever,1439
COUNTRIES,ZAF,South Africa,2014,RUBELLA,Rubella,2
COUNTRIES,ZAF,South Africa,2014,MUMPS,Mumps,21
COUNTRIES,ZAF,South Africa,2015,MEASLES,Measles,276
COUNTRIES,ZAF,South Africa,2015,PERTUSSIS,Pertussis,187
COUNTRIES,ZAF,South Africa,2015,DIPHTHERIA,Diphtheria,775
COUNTRIES,ZAF,South Africa,2015,TETANUS,Neonatal tetanus,976
COUNTRIES,ZAF,South Africa,2015,POLIO,Poliomyelitis,90
COUNTRIES,ZAF,South Africa,2015,YELLOWFEVER,Yellow fever,422
COUNTRIES,ZAF,South Africa,2015,RUBELLA,Rubella,1090
COUNTRIES,ZAF,South Africa,2015,MUMPS,Mumps,272
COUNTRIES,ZAF,South Africa,2016,MEASLES,Measles,184
COUNTRIES,ZAF,South Africa,2016,PERTUSSIS,Pertussis,260
COUNTRIES,ZAF,South Africa,2016,DIPHTHERIA,Diphtheria,200
COUNTRIES,ZAF,South Africa,2016,TETANUS,Neonatal tetanus,366
COUNTRIES,ZAF,South Africa,2016,POLIO,Poliomyelitis,245
COUNTRIES,ZAF,South Africa,2016,YELLOWFEVER,Yellow fever,7
COUNTRIES,ZAF,South Africa,2016,RUBELLA,Rubella,2174
COUNTRIES,ZAF,South Africa,2016,MUMPS,Mumps,333
COUNTRIES,ZAF,South Africa,2017,MEASLES,Measles,1056
COUNTRIES,ZAF,South Africa,2017,PERTUSSIS,Pertussis,1275
COUNTRIES,ZAF,South Africa,2017,DIPHTHERIA,Diphtheria,69
COUNTRIES,ZAF,South Africa,2017,TETANUS,Neonatal tetanus,86
COUNTRIES,ZAF,South Africa,2017,POLIO,Poliomyelitis,680
COUNTRIES,ZAF,South Africa,2017,YELLOWFEVER,Yellow fever,124
COUNTRIES,ZAF,South Africa,2017,RUBELLA,Rubella,662
COUNTRIES,ZAF,South Africa,2017,MUMPS,Mumps,130
COUNTRIES,ZAF,South Africa,2018,MEASLES,Measles,52
COUNTRIES,ZAF,South Africa,2018,PERTUSSIS,Pertussis,291
COUNTRIES,ZAF,South Africa,2018,DIPHTHERIA,Diphtheria,87
COUNTRIES,ZAF,South Africa,2018,TETANUS,Neonatal tetanus,567
COUNTRIES,ZAF,South Africa,2018,POLIO,Poliomyelitis,409
COUNTRIES,ZAF,South Africa,2018,YELLOWFEVER,Yellow fever,1028
COUNTRIES,ZAF,South Africa,2018,RUBELLA,Rubella,611
COUNTRIES,ZAF,South Africa,2018,MUMPS,Mumps,79
COUNTRIES,ZAF,South Africa,2019,MEASLES,Measles,2492
COUNTRIES,ZAF,South Africa,2019,PERTUSSIS,Pertussis,397
COUNTRIES,ZAF,South Africa,2019,DIPHTHERIA,Diphtheria,428
COUNTRIES,ZAF,South Africa,2019,TETANUS,Neonatal tetanus,691
COUNTRIES,ZAF,South Africa,2019,POLIO,Poliomyelitis,330
COUNTRIES,ZAF,South Africa,2019,YELLOWFEVER,Yellow fever,243
COUNTRIES,ZAF,South Africa,2019,RUBELLA,Rubella,392
COUNTRIES,ZAF,South Africa,2019,MUMPS,Mumps,137
COUNTRIES,ZAF,South Africa,2020,MEASLES,Measles,300
COUNTRIES,ZAF,South Africa,2020,PERTUSSIS,Pertussis,359
COUNTRIES,ZAF,South Africa,2020,DIPHTHERIA,Diphtheria,99
COUNTRIES,ZAF,South Africa,2020,TETANUS,Neonatal tetanus,31
COUNTRIES,ZAF,South Africa,2020,POLIO,Poliomyelitis,0
COUNTRIES,ZAF,South Africa,2020,YELLOWFEVER,Yellow fever,351
COUNTRIES,ZAF,South Africa,2020,RUBELLA,Rubella,168
COUNTRIES,ZAF,South Africa,2020,MUMPS,Mumps,523
COUNTRIES,ZAF,South Africa,2021,MEASLES,Measles,680
COUNTRIES,ZAF,South Africa,2021,PERTUSSIS,Pertussis,241
COUNTRIES,ZAF,South Africa,2021,DIPHTHERIA,Diphtheria,189
COUNTRIES,ZAF,South Africa,2021,TETANUS,Neonatal tetanus,381
COUNTRIES,ZAF,South Africa,2021,POLIO,Poliomyelitis,159
COUNTRIES,ZAF,South Africa,2021,YELLOWFEVER,Yellow fever,1202
COUNTRIES,ZAF,South Africa,2021,RUBELLA,Rubella,997
COUNTRIES,ZAF,South Africa,2021,MUMPS,Mumps,682
COUNTRIES,ZAF,South Africa,2022,MEASLES,Measles,3540
COUNTRIES,ZAF,South Africa,2022,PERTUSSIS,Pertussis,208
COUNTRIES,ZAF,South Africa,2022,DIPHTHERIA,Diphtheria,269
COUNTRIES,ZAF,South Africa,2022,TETANUS,Neonatal tetanus,474
COUNTRIES,ZAF,South Africa,2022,POLIO,Poliomyelitis,416
COUNTRIES,ZAF,South Africa,2022,YELLOWFEVER,Yellow fever,774
COUNTRIES,ZAF,South Africa,2022,RUBELLA,Rubella,440
COUNTRIES,ZAF,South Africa,2022,MUMPS,Mumps,2155
COUNTRIES,ZAF,South Africa,2023,MEASLES,Measles,576
COUNTRIES,ZAF,South Africa,2023,PERTUSSIS,Pertussis,604
COUNTRIES,ZAF,South Africa,2023,DIPHTHERIA,Diphtheria,403
COUNTRIES,ZAF,South Africa,2023,TETANUS,Neonatal tetanus,396
COUNTRIES,ZAF,South Africa,2023,POLIO,Poliomyelitis,133
COUNTRIES,ZAF,South Africa,2023,YELLOWFEVER,Yellow fever,519
COUNTRIES,ZAF,South Africa,2023,RUBELLA,Rubella,778
COUNTRIES,ZAF,South Africa,2023,MUMPS,Mumps,83
COUNTRIES,ZAF,South Africa,2024,MEASLES,Measles,1276
COUNTRIES,ZAF,South Africa,2024,PERTUSSIS,Pertussis,161
COUNTRIES,ZAF,South Africa,2024,DIPHTHERIA,Diphtheria,1482
COUNTRIES,ZAF,South Africa,2024,TETANUS,Neonatal tetanus,211
COUNTRIES,ZAF,South Africa,2024,POLIO,Poliomyelitis,84
COUNTRIES,ZAF,South Africa,2024,YELLOWFEVER,Yellow fever,156
COUNTRIES,ZAF,South Africa,2024,RUBELLA,Rubella,344
COUNTRIES,ZAF,South Africa,2024,MUMPS,Mumps,25
COUNTRIES,KEN,Kenya,2010,MEASLES,Measles,1848
COUNTRIES,KEN,Kenya,2010,PERTUSSIS,Pertussis,1338
COUNTRIES,KEN,Kenya,2010,DIPHTHERIA,Diphtheria,949
COUNTRIES,KEN,Kenya,2010,TETANUS,Neonatal tetanus,35
COUNTRIES,KEN,Kenya,2010,POLIO,Poliomyelitis,2509
COUNTRIES,KEN,Kenya,2010,YELLOWFEVER,Yellow fever,599
COUNTRIES,KEN,Kenya,2010,RUBELLA,Rubella,88
COUNTRIES,KEN,Kenya,2010,MUMPS,Mumps,6
COUNTRIES,KEN,Kenya,2011,MEASLES,Measles,364
COUNTRIES,KEN,Kenya,2011,PERTUSSIS,Pertussis,887
COUNTRIES,KEN,Kenya,2011,DIPHTHERIA,Diphtheria,10
COUNTRIES,KEN,Kenya,2011,TETANUS,Neonatal tetanus,129
COUNTRIES,KEN,Kenya,2011,POLIO,Poliomyelitis,690
COUNTRIES,KEN,Kenya,2011,YELLOWFEVER,Yellow fever,430
COUNTRIES,KEN,Kenya,2011,RUBELLA,Rubella,744
COUNTRIES,KEN,Kenya,2011,MUMPS,Mumps,668
COUNTRIES,KEN,Kenya,2012,MEASLES,Measles,96
COUNTRIES,KEN,Kenya,2012,PERTUSSIS,Pertussis,1059
COUNTRIES,KEN,Kenya,2012,DIPHTHERIA,Diphtheria,122
COUNTRIES,KEN,Kenya,2012,TETANUS,Neonatal tetanus,382
COUNTRIES,KEN,Kenya,2012,POLIO,Poliomyelitis,490
COUNTRIES,KEN,Kenya,2012,YELLOWFEVER,Yellow fever,87
COUNTRIES,KEN,Kenya,2012,RUBELLA,Rubella,1776
COUNTRIES,KEN,Kenya,2012,MUMPS,Mumps,318
COUNTRIES,KEN,Kenya,2013,MEASLES,Measles,108
COUNTRIES,KEN,Kenya,2013,PERTUSSIS,Pertussis,1280
COUNTRIES,KEN,Kenya,2013,DIPHTHERIA,Diphtheria,408
COUNTRIES,KEN,Kenya,2013,TETANUS,Neonatal tetanus,555
COUNTRIES,KEN,Kenya,2013,POLIO,Poliomyelitis,344
COUNTRIES,KEN,Kenya,2013,YELLOWFEVER,Yellow fever,832
COUNTRIES,KEN,Kenya,2013,RUBELLA,Rubella,15
COUNTRIES,KEN,Kenya,2013,MUMPS,Mumps,144
COUNTRIES,KEN,Kenya,2014,MEASLES,Measles,1140
COUNTRIES,KEN,Kenya,2014,PERTUSSIS,Pertussis,35
COUNTRIES,KEN,Kenya,2014,DIPHTHERIA,Diphtheria,550
COUNTRIES,KEN,Kenya,2014,TETANUS,Neonatal tetanus,225
COUNTRIES,KEN,Kenya,2014,POLIO,Poliomyelitis,143
COUNTRIES,KEN,Kenya,2014,YELLOWFEVER,Yellow fever,1
COUNTRIES,KEN,Kenya,2014,RUBELLA,Rubella,572
COUNTRIES,KEN,Kenya,2014,MUMPS,Mumps,807
COUNTRIES,KEN,Kenya,2015,MEASLES,Measles,876
COUNTRIES,KEN,Kenya,2015,PERTUSSIS,Pertussis,363
COUNTRIES,KEN,Kenya,2015,DIPHTHERIA,Diphtheria,113
COUNTRIES,KEN,Kenya,2015,TETANUS,Neonatal tetanus,425
COUNTRIES,KEN,Kenya,2015,POLIO,Poliomyelitis,5
COUNTRIES,KEN,Kenya,2015,YELLOWFEVER,Yellow fever,293
COUNTRIES,KEN,Kenya,2015,RUBELLA,Rubella,452
COUNTRIES,KEN,Kenya,2015,MUMPS,Mumps,1095
COUNTRIES,KEN,Kenya,2016,MEASLES,Measles,816
COUNTRIES,KEN,Kenya,2016,PERTUSSIS,Pertussis,615
COUNTRIES,KEN,Kenya,2016,DIPHTHERIA,Diphtheria,386
COUNTRIES,KEN,Kenya,2016,TETANUS,Neonatal tetanus,1112
COUNTRIES,KEN,Kenya,2016,POLIO,Poliomyelitis,215
COUNTRIES,KEN,Kenya,2016,YELLOWFEVER,Yellow fever,163
COUNTRIES,KEN,Kenya,2016,RUBELLA,Rubella,927
COUNTRIES,KEN,Kenya,2016,MUMPS,Mumps,21
COUNTRIES,KEN,Kenya,2017,MEASLES,Measles,240
COUNTRIES,KEN,Kenya,2017,PERTUSSIS,Pertussis,35
COUNTRIES,KEN,Kenya,2017,DIPHTHERIA,Diphtheria,764
COUNTRIES,KEN,Kenya,2017,TETANUS,Neonatal tetanus,4
COUNTRIES,KEN,Kenya,2017,POLIO,Poliomyelitis,815
COUNTRIES,KEN,Kenya,2017,YELLOWFEVER,Yellow fever,247
COUNTRIES,KEN,Kenya,2017,RUBELLA,Rubella,1
COUNTRIES,KEN,Kenya,2017,MUMPS,Mumps,211
COUNTRIES,KEN,Kenya,2018,MEASLES,Measles,328
COUNTRIES,KEN,Kenya,2018,PERTUSSIS,Pertussis,391
COUNTRIES,KEN,Kenya,2018,DIPHTHERIA,Diphtheria,454
COUNTRIES,KEN,Kenya,2018,TETANUS,Neonatal tetanus,267
COUNTRIES,KEN,Kenya,2018,POLIO,Poliomyelitis,16
COUNTRIES,KEN,Kenya,2018,YELLOWFEVER,Yellow fever,426
COUNTRIES,KEN,Kenya,2018,RUBELLA,Rubella,738
COUNTRIES,KEN,Kenya,2018,MUMPS,Mumps,509
COUNTRIES,KEN,Kenya,2019,MEASLES,Measles,2744
COUNTRIES,KEN,Kenya,2019,PERTUSSIS,Pertussis,86
COUNTRIES,KEN,Kenya,2019,DIPHTHERIA,Diphtheria,851
COUNTRIES,KEN,Kenya,2019,TETANUS,Neonatal tetanus,150
COUNTRIES,KEN,Kenya,2019,POLIO,Poliomyelitis,5
COUNTRIES,KEN,Kenya,2019,YELLOWFEVER,Yellow fever,718
COUNTRIES,KEN,Kenya,2019,RUBELLA,Rubella,1102
COUNTRIES,KEN,Kenya,2019,MUMPS,Mumps,413
COUNTRIES,KEN,Kenya,2020,MEASLES,Measles,392
COUNTRIES,KEN,Kenya,2020,PERTUSSIS,Pertussis,108
COUNTRIES,KEN,Kenya,2020,DIPHTHERIA,Diphtheria,235
COUNTRIES,KEN,Kenya,2020,TETANUS,Neonatal tetanus,855
COUNTRIES,KEN,Kenya,2020,POLIO,Poliomyelitis,60
COUNTRIES,KEN,Kenya,2020,YELLOWFEVER,Yellow fever,655
COUNTRIES,KEN,Kenya,2020,RUBELLA,Rubella,129
COUNTRIES,KEN,Kenya,2020,MUMPS,Mumps,619
COUNTRIES,KEN,Kenya,2021,MEASLES,Measles,3664
COUNTRIES,KEN,Kenya,2021,PERTUSSIS,Pertussis,202
COUNTRIES,KEN,Kenya,2021,DIPHTHERIA,Diphtheria,164
COUNTRIES,KEN,Kenya,2021,TETANUS,Neonatal tetanus,587
COUNTRIES,KEN,Kenya,2021,POLIO,Poliomyelitis,273
COUNTRIES,KEN,Kenya,2021,YELLOWFEVER,Yellow fever,418
COUNTRIES,KEN,Kenya,2021,RUBELLA,Rubella,353
COUNTRIES,KEN,Kenya,2021,MUMPS,Mumps,60
COUNTRIES,KEN,Kenya,2022,MEASLES,Measles,2608
COUNTRIES,KEN,Kenya,2022,PERTUSSIS,Pertussis,76
COUNTRIES,KEN,Kenya,2022,DIPHTHERIA,Diphtheria,942
COUNTRIES,KEN,Kenya,2022,TETANUS,Neonatal tetanus,100
COUNTRIES,KEN,Kenya,2022,POLIO,Poliomyelitis,463
COUNTRIES,KEN,Kenya,2022,YELLOWFEVER,Yellow fever,117
COUNTRIES,KEN,Kenya,2022,RUBELLA,Rubella,133
COUNTRIES,KEN,Kenya,2022,MUMPS,Mumps,129
COUNTRIES,KEN,Kenya,2023,MEASLES,Measles,1860
COUNTRIES,KEN,Kenya,2023,PERTUSSIS,Pertussis,274
COUNTRIES,KEN,Kenya,2023,DIPHTHERIA,Diphtheria,723
COUNTRIES,KEN,Kenya,2023,TETANUS,Neonatal tetanus,123
COUNTRIES,KEN,Kenya,2023,POLIO,Poliomyelitis,397
COUNTRIES,KEN,Kenya,2023,YELLOWFEVER,Yellow fever,471
COUNTRIES,KEN,Kenya,2023,RUBELLA,Rubella,55
COUNTRIES,KEN,Kenya,2023,MUMPS,Mumps,172
COUNTRIES,KEN,Kenya,2024,MEASLES,Measles,856
COUNTRIES,KEN,Kenya,2024,PERTUSSIS,Pertussis,142
COUNTRIES,KEN,Kenya,2024,DIPHTHERIA,Diphtheria,126
COUNTRIES,KEN,Kenya,2024,TETANUS,Neonatal tetanus,376
COUNTRIES,KEN,Kenya,2024,POLIO,Poliomyelitis,79
COUNTRIES,KEN,Kenya,2024,YELLOWFEVER,Yellow fever,401
COUNTRIES,KEN,Kenya,2024,RUBELLA,Rubella,888
COUNTRIES,KEN,Kenya,2024,MUMPS,Mumps,270
